layer,pp_index,x,y,k,k33
1,0,-146.0,122.0,0.01,0.06299734
1,1,-136.0,122.0,5.0,0.06299734
1,2,-124.0,122.0,5.0,0.06299734
1,3,-118.0,122.0,5.0,0.06299734
1,4,-114.0,122.0,5.0,0.05970149
1,5,-110.0,122.0,5.0,0.05970149
1,6,-106.0,122.0,5.0,0.05970149
1,7,-102.5,122.0,5.0,0.05970149
1,8,-100.0,122.0,5.0,0.05970149
1,9,-98.0,122.0,5.0,0.05970149
1,10,-96.0,122.0,5.0,0.05970149
1,11,-93.5,122.0,5.0,0.05970149
1,12,-90.0,122.0,5.0,0.05970149
1,13,-86.0,122.0,5.0,0.05805274
1,14,-82.0,122.0,5.0,0.04360284
1,15,-78.0,122.0,5.0,0.03988036
1,16,-74.0,122.0,5.0,7.2727272
1,17,-70.0,122.0,5.0,7.2727272
1,18,-66.0,122.0,5.0,6.8085104
1,19,-62.0,122.0,5.0,6.8085104
1,20,-58.0,122.0,5.0,6.8085104
1,21,-54.0,122.0,5.0,6.8085104
1,22,-50.0,122.0,5.0,6.66666675
1,23,-46.0,122.0,5.0,6.66666675
1,24,-42.0,122.0,5.0,6.66666675
1,25,-38.0,122.0,5.0,6.5116282
1,26,-34.0,122.0,5.0,6.5116282
1,27,-30.0,122.0,5.0,6.5116282
1,28,-26.0,122.0,5.0,6.0869564
1,29,-22.0,122.0,5.0,6.0869564
1,30,-18.5,122.0,5.0,6.0869564
1,31,-15.5,122.0,5.0,6.0869564
1,32,-12.5,122.0,5.0,6.0869564
1,33,-10.0,122.0,5.0,6.0869564
1,34,-8.0,122.0,5.0,6.0869564
1,35,-6.0,122.0,5.0,5.90909085
1,36,-4.0,122.0,5.0,5.90909085
1,37,-2.0,122.0,5.0,5.90909085
1,38,-0.0,122.0,5.0,5.90909085
1,39,2.0,122.0,5.0,5.5319147
1,40,4.5,122.0,5.0,8.813558
1,41,8.0,122.0,5.0,8.813558
1,42,12.0,122.0,5.0,8.6666645
1,43,16.0,122.0,5.0,8.6666645
1,44,20.0,122.0,5.0,8.6666645
1,45,24.0,122.0,5.0,8.421054
1,46,28.0,122.0,5.0,8.421054
1,47,36.0,122.0,5.0,8.421054
1,48,54.0,122.0,5.0,8.421054
1,49,86.0,122.0,5.0,1.2903228
1,50,108.0,122.0,0.01,1.2903228
1,51,-146.0,100.0,0.01,0.06299734
1,52,-136.0,100.0,5.0,0.06299734
1,53,-124.0,100.0,5.0,0.06299734
1,54,-118.0,100.0,5.0,0.06299734
1,55,-114.0,100.0,5.0,0.05970149
1,56,-110.0,100.0,5.0,0.05970149
1,57,-106.0,100.0,5.0,0.05970149
1,58,-102.5,100.0,5.0,0.05970149
1,59,-100.0,100.0,5.0,0.05970149
1,60,-98.0,100.0,5.0,0.05970149
1,61,-96.0,100.0,5.0,0.05970149
1,62,-93.5,100.0,5.0,0.05970149
1,63,-90.0,100.0,5.0,0.05970149
1,64,-86.0,100.0,5.0,0.05805274
1,65,-82.0,100.0,5.0,0.04360284
1,66,-78.0,100.0,5.0,0.03988036
1,67,-74.0,100.0,5.0,7.2727272
1,68,-70.0,100.0,5.0,7.2727272
1,69,-66.0,100.0,5.0,6.8085104
1,70,-62.0,100.0,5.0,6.8085104
1,71,-58.0,100.0,5.0,6.8085104
1,72,-54.0,100.0,5.0,6.8085104
1,73,-50.0,100.0,5.0,6.66666675
1,74,-46.0,100.0,5.0,6.66666675
1,75,-42.0,100.0,5.0,6.66666675
1,76,-38.0,100.0,5.0,6.5116282
1,77,-34.0,100.0,5.0,6.5116282
1,78,-30.0,100.0,5.0,6.5116282
1,79,-26.0,100.0,5.0,6.0869564
1,80,-22.0,100.0,5.0,6.0869564
1,81,-18.5,100.0,5.0,6.0869564
1,82,-15.5,100.0,5.0,6.0869564
1,83,-12.5,100.0,5.0,6.0869564
1,84,-10.0,100.0,5.0,6.0869564
1,85,-8.0,100.0,5.0,6.0869564
1,86,-6.0,100.0,5.0,5.90909085
1,87,-4.0,100.0,5.0,5.90909085
1,88,-2.0,100.0,5.0,5.90909085
1,89,-0.0,100.0,5.0,5.90909085
1,90,2.0,100.0,5.0,5.5319147
1,91,4.5,100.0,5.0,8.813558
1,92,8.0,100.0,5.0,8.813558
1,93,12.0,100.0,5.0,8.6666645
1,94,16.0,100.0,5.0,8.6666645
1,95,20.0,100.0,5.0,8.6666645
1,96,24.0,100.0,5.0,8.421054
1,97,28.0,100.0,5.0,8.421054
1,98,36.0,100.0,5.0,8.421054
1,99,54.0,100.0,5.0,8.421054
1,100,86.0,100.0,5.0,1.2903228
1,101,108.0,100.0,0.01,1.2903228
1,102,-146.0,68.0,0.01,0.06299734
1,103,-136.0,68.0,5.0,0.06299734
1,104,-124.0,68.0,5.0,0.06299734
1,105,-118.0,68.0,5.0,0.06299734
1,106,-114.0,68.0,5.0,0.05970149
1,107,-110.0,68.0,5.0,0.05970149
1,108,-106.0,68.0,5.0,0.05970149
1,109,-102.5,68.0,5.0,0.05970149
1,110,-100.0,68.0,5.0,0.05970149
1,111,-98.0,68.0,5.0,0.05970149
1,112,-96.0,68.0,5.0,0.05970149
1,113,-93.5,68.0,5.0,0.05970149
1,114,-90.0,68.0,5.0,0.05970149
1,115,-86.0,68.0,5.0,0.05805274
1,116,-82.0,68.0,5.0,0.04360284
1,117,-78.0,68.0,5.0,0.03988036
1,118,-74.0,68.0,5.0,7.2727272
1,119,-70.0,68.0,5.0,7.2727272
1,120,-66.0,68.0,5.0,6.8085104
1,121,-62.0,68.0,5.0,6.8085104
1,122,-58.0,68.0,5.0,6.8085104
1,123,-54.0,68.0,5.0,6.8085104
1,124,-50.0,68.0,5.0,6.66666675
1,125,-46.0,68.0,5.0,6.66666675
1,126,-42.0,68.0,5.0,6.66666675
1,127,-38.0,68.0,5.0,6.5116282
1,128,-34.0,68.0,5.0,6.5116282
1,129,-30.0,68.0,5.0,6.5116282
1,130,-26.0,68.0,5.0,6.0869564
1,131,-22.0,68.0,5.0,6.0869564
1,132,-18.5,68.0,5.0,6.0869564
1,133,-15.5,68.0,5.0,6.0869564
1,134,-12.5,68.0,5.0,6.0869564
1,135,-10.0,68.0,5.0,6.0869564
1,136,-8.0,68.0,5.0,6.0869564
1,137,-6.0,68.0,5.0,5.90909085
1,138,-4.0,68.0,5.0,5.90909085
1,139,-2.0,68.0,5.0,5.90909085
1,140,-0.0,68.0,5.0,5.90909085
1,141,2.0,68.0,5.0,5.5319147
1,142,4.5,68.0,5.0,8.813558
1,143,8.0,68.0,5.0,8.813558
1,144,12.0,68.0,5.0,8.6666645
1,145,16.0,68.0,5.0,8.6666645
1,146,20.0,68.0,5.0,8.6666645
1,147,24.0,68.0,5.0,8.421054
1,148,28.0,68.0,5.0,8.421054
1,149,36.0,68.0,5.0,8.421054
1,150,54.0,68.0,5.0,8.421054
1,151,86.0,68.0,5.0,1.2903228
1,152,108.0,68.0,0.01,1.2903228
1,153,-146.0,48.0,0.01,0.06299734
1,154,-136.0,48.0,5.0,0.06299734
1,155,-124.0,48.0,5.0,0.06299734
1,156,-118.0,48.0,5.0,0.06299734
1,157,-114.0,48.0,5.0,0.05970149
1,158,-110.0,48.0,5.0,0.05970149
1,159,-106.0,48.0,5.0,0.05970149
1,160,-102.5,48.0,5.0,0.05970149
1,161,-100.0,48.0,5.0,0.05970149
1,162,-98.0,48.0,5.0,0.05970149
1,163,-96.0,48.0,5.0,0.05970149
1,164,-93.5,48.0,5.0,0.05970149
1,165,-90.0,48.0,5.0,0.05970149
1,166,-86.0,48.0,5.0,0.05805274
1,167,-82.0,48.0,5.0,0.04360284
1,168,-78.0,48.0,5.0,0.03988036
1,169,-74.0,48.0,5.0,7.2727272
1,170,-70.0,48.0,5.0,7.2727272
1,171,-66.0,48.0,5.0,6.8085104
1,172,-62.0,48.0,5.0,6.8085104
1,173,-58.0,48.0,5.0,6.8085104
1,174,-54.0,48.0,5.0,6.8085104
1,175,-50.0,48.0,5.0,6.66666675
1,176,-46.0,48.0,5.0,6.66666675
1,177,-42.0,48.0,5.0,6.66666675
1,178,-38.0,48.0,5.0,6.5116282
1,179,-34.0,48.0,5.0,6.5116282
1,180,-30.0,48.0,5.0,6.5116282
1,181,-26.0,48.0,5.0,6.0869564
1,182,-22.0,48.0,5.0,6.0869564
1,183,-18.5,48.0,5.0,6.0869564
1,184,-15.5,48.0,5.0,6.0869564
1,185,-12.5,48.0,5.0,6.0869564
1,186,-10.0,48.0,5.0,6.0869564
1,187,-8.0,48.0,5.0,6.0869564
1,188,-6.0,48.0,5.0,5.90909085
1,189,-4.0,48.0,5.0,5.90909085
1,190,-2.0,48.0,5.0,5.90909085
1,191,-0.0,48.0,5.0,5.90909085
1,192,2.0,48.0,5.0,5.5319147
1,193,4.5,48.0,5.0,8.813558
1,194,8.0,48.0,5.0,8.813558
1,195,12.0,48.0,5.0,8.6666645
1,196,16.0,48.0,5.0,8.6666645
1,197,20.0,48.0,5.0,8.6666645
1,198,24.0,48.0,5.0,8.421054
1,199,28.0,48.0,5.0,8.421054
1,200,36.0,48.0,5.0,8.421054
1,201,54.0,48.0,5.0,8.421054
1,202,86.0,48.0,5.0,1.2903228
1,203,108.0,48.0,0.01,1.2903228
1,204,-146.0,34.0,0.01,0.06299734
1,205,-136.0,34.0,5.0,0.06299734
1,206,-124.0,34.0,5.0,0.06299734
1,207,-118.0,34.0,5.0,0.06299734
1,208,-114.0,34.0,5.0,0.05970149
1,209,-110.0,34.0,5.0,0.05970149
1,210,-106.0,34.0,5.0,0.05970149
1,211,-102.5,34.0,5.0,0.05970149
1,212,-100.0,34.0,5.0,0.05970149
1,213,-98.0,34.0,5.0,0.05970149
1,214,-96.0,34.0,5.0,0.05970149
1,215,-93.5,34.0,5.0,0.05970149
1,216,-90.0,34.0,5.0,0.05970149
1,217,-86.0,34.0,5.0,0.05805274
1,218,-82.0,34.0,5.0,0.04360284
1,219,-78.0,34.0,5.0,0.03988036
1,220,-74.0,34.0,5.0,7.2727272
1,221,-70.0,34.0,5.0,7.2727272
1,222,-66.0,34.0,5.0,6.8085104
1,223,-62.0,34.0,5.0,6.8085104
1,224,-58.0,34.0,5.0,6.8085104
1,225,-54.0,34.0,5.0,6.8085104
1,226,-50.0,34.0,5.0,6.66666675
1,227,-46.0,34.0,5.0,6.66666675
1,228,-42.0,34.0,5.0,6.66666675
1,229,-38.0,34.0,5.0,6.5116282
1,230,-34.0,34.0,5.0,6.5116282
1,231,-30.0,34.0,5.0,6.5116282
1,232,-26.0,34.0,5.0,6.0869564
1,233,-22.0,34.0,5.0,6.0869564
1,234,-18.5,34.0,5.0,6.0869564
1,235,-15.5,34.0,5.0,6.0869564
1,236,-12.5,34.0,5.0,6.0869564
1,237,-10.0,34.0,5.0,6.0869564
1,238,-8.0,34.0,5.0,6.0869564
1,239,-6.0,34.0,5.0,5.90909085
1,240,-4.0,34.0,5.0,5.90909085
1,241,-2.0,34.0,5.0,5.90909085
1,242,-0.0,34.0,5.0,5.90909085
1,243,2.0,34.0,5.0,5.5319147
1,244,4.5,34.0,5.0,8.813558
1,245,8.0,34.0,5.0,8.813558
1,246,12.0,34.0,5.0,8.6666645
1,247,16.0,34.0,5.0,8.6666645
1,248,20.0,34.0,5.0,8.6666645
1,249,24.0,34.0,5.0,8.421054
1,250,28.0,34.0,5.0,8.421054
1,251,36.0,34.0,5.0,8.421054
1,252,54.0,34.0,5.0,8.421054
1,253,86.0,34.0,5.0,1.2903228
1,254,108.0,34.0,0.01,1.2903228
1,255,-146.0,23.0,0.01,0.06299734
1,256,-136.0,23.0,5.0,0.06299734
1,257,-124.0,23.0,5.0,0.06299734
1,258,-118.0,23.0,5.0,0.06299734
1,259,-114.0,23.0,5.0,0.05970149
1,260,-110.0,23.0,5.0,0.05970149
1,261,-106.0,23.0,5.0,0.05970149
1,262,-102.5,23.0,5.0,0.05970149
1,263,-100.0,23.0,5.0,0.05970149
1,264,-98.0,23.0,5.0,0.05970149
1,265,-96.0,23.0,5.0,0.05970149
1,266,-93.5,23.0,5.0,0.05970149
1,267,-90.0,23.0,5.0,0.05970149
1,268,-86.0,23.0,5.0,0.05805274
1,269,-82.0,23.0,5.0,0.04360284
1,270,-78.0,23.0,5.0,0.03988036
1,271,-74.0,23.0,5.0,7.2727272
1,272,-70.0,23.0,5.0,7.2727272
1,273,-66.0,23.0,5.0,6.8085104
1,274,-62.0,23.0,5.0,6.8085104
1,275,-58.0,23.0,5.0,6.8085104
1,276,-54.0,23.0,5.0,6.8085104
1,277,-50.0,23.0,5.0,6.66666675
1,278,-46.0,23.0,5.0,6.66666675
1,279,-42.0,23.0,5.0,6.66666675
1,280,-38.0,23.0,5.0,6.5116282
1,281,-34.0,23.0,5.0,6.5116282
1,282,-30.0,23.0,5.0,6.5116282
1,283,-26.0,23.0,5.0,6.0869564
1,284,-22.0,23.0,5.0,6.0869564
1,285,-18.5,23.0,5.0,6.0869564
1,286,-15.5,23.0,5.0,6.0869564
1,287,-12.5,23.0,5.0,6.0869564
1,288,-10.0,23.0,5.0,6.0869564
1,289,-8.0,23.0,5.0,6.0869564
1,290,-6.0,23.0,5.0,5.90909085
1,291,-4.0,23.0,5.0,5.90909085
1,292,-2.0,23.0,5.0,5.90909085
1,293,-0.0,23.0,5.0,5.90909085
1,294,2.0,23.0,5.0,5.5319147
1,295,4.5,23.0,5.0,8.813558
1,296,8.0,23.0,5.0,8.813558
1,297,12.0,23.0,5.0,8.6666645
1,298,16.0,23.0,5.0,8.6666645
1,299,20.0,23.0,5.0,8.6666645
1,300,24.0,23.0,5.0,8.421054
1,301,28.0,23.0,5.0,8.421054
1,302,36.0,23.0,5.0,8.421054
1,303,54.0,23.0,5.0,8.421054
1,304,86.0,23.0,5.0,1.2903228
1,305,108.0,23.0,0.01,1.2903228
1,306,-146.0,15.0,0.01,0.06299734
1,307,-136.0,15.0,5.0,0.06299734
1,308,-124.0,15.0,5.0,0.06299734
1,309,-118.0,15.0,5.0,0.06299734
1,310,-114.0,15.0,5.0,0.05970149
1,311,-110.0,15.0,5.0,0.05970149
1,312,-106.0,15.0,5.0,0.05970149
1,313,-102.5,15.0,5.0,0.05970149
1,314,-100.0,15.0,5.0,0.05970149
1,315,-98.0,15.0,5.0,0.05970149
1,316,-96.0,15.0,5.0,0.05970149
1,317,-93.5,15.0,5.0,0.05970149
1,318,-90.0,15.0,5.0,0.05970149
1,319,-86.0,15.0,5.0,0.05805274
1,320,-82.0,15.0,5.0,0.04360284
1,321,-78.0,15.0,5.0,0.03988036
1,322,-74.0,15.0,5.0,7.2727272
1,323,-70.0,15.0,5.0,7.2727272
1,324,-66.0,15.0,5.0,6.8085104
1,325,-62.0,15.0,5.0,6.8085104
1,326,-58.0,15.0,5.0,6.8085104
1,327,-54.0,15.0,5.0,6.8085104
1,328,-50.0,15.0,5.0,6.66666675
1,329,-46.0,15.0,5.0,6.66666675
1,330,-42.0,15.0,5.0,6.66666675
1,331,-38.0,15.0,5.0,6.5116282
1,332,-34.0,15.0,5.0,6.5116282
1,333,-30.0,15.0,5.0,6.5116282
1,334,-26.0,15.0,5.0,6.0869564
1,335,-22.0,15.0,5.0,6.0869564
1,336,-18.5,15.0,5.0,6.0869564
1,337,-15.5,15.0,5.0,6.0869564
1,338,-12.5,15.0,5.0,6.0869564
1,339,-10.0,15.0,5.0,6.0869564
1,340,-8.0,15.0,5.0,6.0869564
1,341,-6.0,15.0,5.0,5.90909085
1,342,-4.0,15.0,5.0,5.90909085
1,343,-2.0,15.0,5.0,5.90909085
1,344,-0.0,15.0,5.0,5.90909085
1,345,2.0,15.0,5.0,5.5319147
1,346,4.5,15.0,5.0,8.813558
1,347,8.0,15.0,5.0,8.813558
1,348,12.0,15.0,5.0,8.6666645
1,349,16.0,15.0,5.0,8.6666645
1,350,20.0,15.0,5.0,8.6666645
1,351,24.0,15.0,5.0,8.421054
1,352,28.0,15.0,5.0,8.421054
1,353,36.0,15.0,5.0,8.421054
1,354,54.0,15.0,5.0,8.421054
1,355,86.0,15.0,5.0,1.2903228
1,356,108.0,15.0,0.01,1.2903228
1,357,-146.0,10.0,0.01,0.06299734
1,358,-136.0,10.0,5.0,0.06299734
1,359,-124.0,10.0,5.0,0.06299734
1,360,-118.0,10.0,5.0,0.06299734
1,361,-114.0,10.0,5.0,0.05970149
1,362,-110.0,10.0,5.0,0.05970149
1,363,-106.0,10.0,5.0,0.05970149
1,364,-102.5,10.0,5.0,0.05970149
1,365,-100.0,10.0,5.0,0.05970149
1,366,-98.0,10.0,5.0,0.05970149
1,367,-96.0,10.0,5.0,0.05970149
1,368,-93.5,10.0,5.0,0.05970149
1,369,-90.0,10.0,5.0,0.05970149
1,370,-86.0,10.0,5.0,0.05805274
1,371,-82.0,10.0,5.0,0.04360284
1,372,-78.0,10.0,5.0,0.03988036
1,373,-74.0,10.0,5.0,7.2727272
1,374,-70.0,10.0,5.0,7.2727272
1,375,-66.0,10.0,5.0,6.8085104
1,376,-62.0,10.0,5.0,6.8085104
1,377,-58.0,10.0,5.0,6.8085104
1,378,-54.0,10.0,5.0,6.8085104
1,379,-50.0,10.0,5.0,6.66666675
1,380,-46.0,10.0,5.0,6.66666675
1,381,-42.0,10.0,5.0,6.66666675
1,382,-38.0,10.0,5.0,6.5116282
1,383,-34.0,10.0,5.0,6.5116282
1,384,-30.0,10.0,5.0,6.5116282
1,385,-26.0,10.0,5.0,6.0869564
1,386,-22.0,10.0,5.0,6.0869564
1,387,-18.5,10.0,5.0,6.0869564
1,388,-15.5,10.0,5.0,6.0869564
1,389,-12.5,10.0,5.0,6.0869564
1,390,-10.0,10.0,5.0,6.0869564
1,391,-8.0,10.0,5.0,6.0869564
1,392,-6.0,10.0,5.0,5.90909085
1,393,-4.0,10.0,5.0,5.90909085
1,394,-2.0,10.0,5.0,5.90909085
1,395,-0.0,10.0,5.0,5.90909085
1,396,2.0,10.0,5.0,5.5319147
1,397,4.5,10.0,5.0,8.813558
1,398,8.0,10.0,5.0,8.813558
1,399,12.0,10.0,5.0,8.6666645
1,400,16.0,10.0,5.0,8.6666645
1,401,20.0,10.0,5.0,8.6666645
1,402,24.0,10.0,5.0,8.421054
1,403,28.0,10.0,5.0,8.421054
1,404,36.0,10.0,5.0,8.421054
1,405,54.0,10.0,5.0,8.421054
1,406,86.0,10.0,5.0,1.2903228
1,407,108.0,10.0,0.01,1.2903228
1,408,-146.0,6.0,0.01,0.06299734
1,409,-136.0,6.0,5.0,0.06299734
1,410,-124.0,6.0,5.0,0.06299734
1,411,-118.0,6.0,5.0,0.06299734
1,412,-114.0,6.0,5.0,0.05970149
1,413,-110.0,6.0,5.0,0.05970149
1,414,-106.0,6.0,5.0,0.05970149
1,415,-102.5,6.0,5.0,0.05970149
1,416,-100.0,6.0,5.0,0.05970149
1,417,-98.0,6.0,5.0,0.05970149
1,418,-96.0,6.0,5.0,0.05970149
1,419,-93.5,6.0,5.0,0.05970149
1,420,-90.0,6.0,5.0,0.05970149
1,421,-86.0,6.0,5.0,0.05805274
1,422,-82.0,6.0,5.0,0.04360284
1,423,-78.0,6.0,5.0,0.03988036
1,424,-74.0,6.0,5.0,7.2727272
1,425,-70.0,6.0,5.0,7.2727272
1,426,-66.0,6.0,5.0,6.8085104
1,427,-62.0,6.0,5.0,6.8085104
1,428,-58.0,6.0,5.0,6.8085104
1,429,-54.0,6.0,5.0,6.8085104
1,430,-50.0,6.0,5.0,6.66666675
1,431,-46.0,6.0,5.0,6.66666675
1,432,-42.0,6.0,5.0,6.66666675
1,433,-38.0,6.0,5.0,6.5116282
1,434,-34.0,6.0,5.0,6.5116282
1,435,-30.0,6.0,5.0,6.5116282
1,436,-26.0,6.0,5.0,6.0869564
1,437,-22.0,6.0,5.0,6.0869564
1,438,-18.5,6.0,5.0,6.0869564
1,439,-15.5,6.0,5.0,6.0869564
1,440,-12.5,6.0,5.0,6.0869564
1,441,-10.0,6.0,5.0,6.0869564
1,442,-8.0,6.0,5.0,6.0869564
1,443,-6.0,6.0,5.0,5.90909085
1,444,-4.0,6.0,5.0,5.90909085
1,445,-2.0,6.0,5.0,5.90909085
1,446,-0.0,6.0,5.0,5.90909085
1,447,2.0,6.0,5.0,5.5319147
1,448,4.5,6.0,5.0,8.813558
1,449,8.0,6.0,5.0,8.813558
1,450,12.0,6.0,5.0,8.6666645
1,451,16.0,6.0,5.0,8.6666645
1,452,20.0,6.0,5.0,8.6666645
1,453,24.0,6.0,5.0,8.421054
1,454,28.0,6.0,5.0,8.421054
1,455,36.0,6.0,5.0,8.421054
1,456,54.0,6.0,5.0,8.421054
1,457,86.0,6.0,5.0,1.2903228
1,458,108.0,6.0,0.01,1.2903228
1,459,-146.0,2.0,0.01,0.06299734
1,460,-136.0,2.0,5.0,0.06299734
1,461,-124.0,2.0,5.0,0.06299734
1,462,-118.0,2.0,5.0,0.06299734
1,463,-114.0,2.0,5.0,0.05970149
1,464,-110.0,2.0,5.0,0.05970149
1,465,-106.0,2.0,5.0,0.05970149
1,466,-102.5,2.0,5.0,0.05970149
1,467,-100.0,2.0,5.0,0.05970149
1,468,-98.0,2.0,5.0,0.05970149
1,469,-96.0,2.0,5.0,0.05970149
1,470,-93.5,2.0,5.0,0.05970149
1,471,-90.0,2.0,5.0,0.05970149
1,472,-86.0,2.0,5.0,0.05805274
1,473,-82.0,2.0,5.0,0.04360284
1,474,-78.0,2.0,5.0,0.03988036
1,475,-74.0,2.0,5.0,7.2727272
1,476,-70.0,2.0,5.0,7.2727272
1,477,-66.0,2.0,5.0,6.8085104
1,478,-62.0,2.0,5.0,6.8085104
1,479,-58.0,2.0,5.0,6.8085104
1,480,-54.0,2.0,5.0,6.8085104
1,481,-50.0,2.0,5.0,6.66666675
1,482,-46.0,2.0,5.0,6.66666675
1,483,-42.0,2.0,5.0,6.66666675
1,484,-38.0,2.0,5.0,6.5116282
1,485,-34.0,2.0,5.0,6.5116282
1,486,-30.0,2.0,5.0,6.5116282
1,487,-26.0,2.0,5.0,6.0869564
1,488,-22.0,2.0,5.0,6.0869564
1,489,-18.5,2.0,5.0,6.0869564
1,490,-15.5,2.0,5.0,6.0869564
1,491,-12.5,2.0,5.0,6.0869564
1,492,-10.0,2.0,5.0,6.0869564
1,493,-8.0,2.0,5.0,6.0869564
1,494,-6.0,2.0,5.0,5.90909085
1,495,-4.0,2.0,5.0,5.90909085
1,496,-2.0,2.0,5.0,5.90909085
1,497,-0.0,2.0,5.0,5.90909085
1,498,2.0,2.0,5.0,5.5319147
1,499,4.5,2.0,5.0,8.813558
1,500,8.0,2.0,5.0,8.813558
1,501,12.0,2.0,5.0,8.6666645
1,502,16.0,2.0,5.0,8.6666645
1,503,20.0,2.0,5.0,8.6666645
1,504,24.0,2.0,5.0,8.421054
1,505,28.0,2.0,5.0,8.421054
1,506,36.0,2.0,5.0,8.421054
1,507,54.0,2.0,5.0,8.421054
1,508,86.0,2.0,5.0,1.2903228
1,509,108.0,2.0,0.01,1.2903228
2,0,-146.0,122.0,0.01,0.00899281
2,1,-136.0,122.0,15.0,0.00899281
2,2,-124.0,122.0,15.0,0.00899281
2,3,-118.0,122.0,15.0,0.00899281
2,4,-114.0,122.0,15.0,0.005997
2,5,-110.0,122.0,15.0,0.005997
2,6,-106.0,122.0,15.0,0.005997
2,7,-102.5,122.0,15.0,0.005997
2,8,-100.0,122.0,15.0,0.005997
2,9,-98.0,122.0,15.0,0.005997
2,10,-96.0,122.0,15.0,0.005997
2,11,-93.5,122.0,15.0,0.005997
2,12,-90.0,122.0,15.0,0.005997
2,13,-86.0,122.0,15.0,0.00514073
2,14,-82.0,122.0,15.0,0.00485527
2,15,-78.0,122.0,15.0,0.00339918
2,16,-74.0,122.0,15.0,0.00339918
2,17,-70.0,122.0,15.0,0.00339918
2,18,-66.0,122.0,15.0,0.0031993
2,19,-62.0,122.0,15.0,0.0031993
2,20,-58.0,122.0,15.0,0.0031993
2,21,-54.0,122.0,15.0,0.0031993
2,22,-50.0,122.0,15.0,0.00266622
2,23,-46.0,122.0,15.0,0.00266622
2,24,-42.0,122.0,15.0,0.00266622
2,25,-38.0,122.0,15.0,0.00228542
2,26,-34.0,122.0,15.0,0.00228542
2,27,-30.0,122.0,15.0,0.00228542
2,28,-26.0,122.0,15.0,0.00214261
2,29,-22.0,122.0,15.0,0.00214261
2,30,-18.5,122.0,15.0,0.00214261
2,31,-15.5,122.0,15.0,0.00214261
2,32,-12.5,122.0,15.0,0.00214261
2,33,-10.0,122.0,15.0,0.00214261
2,34,-8.0,122.0,15.0,0.00214261
2,35,-6.0,122.0,15.0,0.00187484
2,36,-4.0,122.0,15.0,0.00187484
2,37,-2.0,122.0,15.0,0.00187484
2,38,-0.0,122.0,15.0,0.00187484
2,39,2.0,122.0,15.0,0.00174987
2,40,4.5,122.0,15.0,0.00174987
2,41,8.0,122.0,15.0,0.00174987
2,42,12.0,122.0,15.0,0.0016249
2,43,16.0,122.0,15.0,0.0016249
2,44,20.0,122.0,15.0,0.0016249
2,45,24.0,122.0,15.0,0.00133329
2,46,28.0,122.0,15.0,0.00133329
2,47,36.0,122.0,15.0,0.00133329
2,48,54.0,122.0,15.0,0.00133329
2,49,86.0,122.0,5.0,0.00133329
2,50,108.0,122.0,0.01,0.00133329
2,51,-146.0,100.0,0.01,9.0
2,52,-136.0,100.0,15.0,9.0
2,53,-124.0,100.0,15.0,9.0
2,54,-118.0,100.0,15.0,9.0
2,55,-114.0,100.0,15.0,8.571429
2,56,-110.0,100.0,15.0,8.571429
2,57,-106.0,100.0,15.0,8.571429
2,58,-102.5,100.0,15.0,8.571429
2,59,-100.0,100.0,15.0,8.571429
2,60,-98.0,100.0,15.0,8.571429
2,61,-96.0,100.0,15.0,8.571429
2,62,-93.5,100.0,15.0,8.571429
2,63,-90.0,100.0,15.0,8.571429
2,64,-86.0,100.0,15.0,8.3720934
2,65,-82.0,100.0,15.0,8.2926833
2,66,-78.0,100.0,15.0,7.72727265
2,67,-74.0,100.0,15.0,7.72727265
2,68,-70.0,100.0,15.0,7.72727265
2,69,-66.0,100.0,15.0,7.619048
2,70,-62.0,100.0,15.0,7.619048
2,71,-58.0,100.0,15.0,7.619048
2,72,-54.0,100.0,15.0,7.619048
2,73,-50.0,100.0,15.0,7.2727272
2,74,-46.0,100.0,15.0,7.2727272
2,75,-42.0,100.0,15.0,7.2727272
2,76,-38.0,100.0,15.0,6.9565216
2,77,-34.0,100.0,15.0,6.9565216
2,78,-30.0,100.0,15.0,6.9565216
2,79,-26.0,100.0,15.0,6.81818175
2,80,-22.0,100.0,15.0,6.81818175
2,81,-18.5,100.0,15.0,6.81818175
2,82,-15.5,100.0,15.0,6.81818175
2,83,-12.5,100.0,15.0,6.81818175
2,84,-10.0,100.0,15.0,6.81818175
2,85,-8.0,100.0,15.0,6.81818175
2,86,-6.0,100.0,15.0,6.521739
2,87,-4.0,100.0,15.0,6.521739
2,88,-2.0,100.0,15.0,6.521739
2,89,-0.0,100.0,15.0,6.521739
2,90,2.0,100.0,15.0,6.3636363
2,91,4.5,100.0,15.0,6.3636363
2,92,8.0,100.0,15.0,6.3636363
2,93,12.0,100.0,15.0,6.1904765
2,94,16.0,100.0,15.0,6.1904765
2,95,20.0,100.0,15.0,6.1904765
2,96,24.0,100.0,15.0,5.714286
2,97,28.0,100.0,15.0,5.714286
2,98,36.0,100.0,15.0,5.714286
2,99,54.0,100.0,15.0,5.714286
2,100,86.0,100.0,5.0,5.714286
2,101,108.0,100.0,0.01,5.714286
2,102,-146.0,68.0,0.01,9.0
2,103,-136.0,68.0,15.0,9.0
2,104,-124.0,68.0,15.0,9.0
2,105,-118.0,68.0,15.0,9.0
2,106,-114.0,68.0,15.0,8.571429
2,107,-110.0,68.0,15.0,8.571429
2,108,-106.0,68.0,15.0,8.571429
2,109,-102.5,68.0,15.0,8.571429
2,110,-100.0,68.0,15.0,8.571429
2,111,-98.0,68.0,15.0,8.571429
2,112,-96.0,68.0,15.0,8.571429
2,113,-93.5,68.0,15.0,8.571429
2,114,-90.0,68.0,15.0,8.571429
2,115,-86.0,68.0,15.0,8.3720934
2,116,-82.0,68.0,15.0,8.2926833
2,117,-78.0,68.0,15.0,7.72727265
2,118,-74.0,68.0,15.0,7.72727265
2,119,-70.0,68.0,15.0,7.72727265
2,120,-66.0,68.0,15.0,7.619048
2,121,-62.0,68.0,15.0,7.619048
2,122,-58.0,68.0,15.0,7.619048
2,123,-54.0,68.0,15.0,7.619048
2,124,-50.0,68.0,15.0,7.2727272
2,125,-46.0,68.0,15.0,7.2727272
2,126,-42.0,68.0,15.0,7.2727272
2,127,-38.0,68.0,15.0,6.9565216
2,128,-34.0,68.0,15.0,6.9565216
2,129,-30.0,68.0,15.0,6.9565216
2,130,-26.0,68.0,15.0,6.81818175
2,131,-22.0,68.0,15.0,6.81818175
2,132,-18.5,68.0,15.0,6.81818175
2,133,-15.5,68.0,15.0,6.81818175
2,134,-12.5,68.0,15.0,6.81818175
2,135,-10.0,68.0,15.0,6.81818175
2,136,-8.0,68.0,15.0,6.81818175
2,137,-6.0,68.0,15.0,6.521739
2,138,-4.0,68.0,15.0,6.521739
2,139,-2.0,68.0,15.0,6.521739
2,140,-0.0,68.0,15.0,6.521739
2,141,2.0,68.0,15.0,6.3636363
2,142,4.5,68.0,15.0,6.3636363
2,143,8.0,68.0,15.0,6.3636363
2,144,12.0,68.0,15.0,6.1904765
2,145,16.0,68.0,15.0,6.1904765
2,146,20.0,68.0,15.0,6.1904765
2,147,24.0,68.0,15.0,5.714286
2,148,28.0,68.0,15.0,5.714286
2,149,36.0,68.0,15.0,5.714286
2,150,54.0,68.0,15.0,5.714286
2,151,86.0,68.0,5.0,5.714286
2,152,108.0,68.0,0.01,5.714286
2,153,-146.0,48.0,0.01,9.0
2,154,-136.0,48.0,15.0,9.0
2,155,-124.0,48.0,15.0,9.0
2,156,-118.0,48.0,15.0,9.0
2,157,-114.0,48.0,15.0,8.571429
2,158,-110.0,48.0,15.0,8.571429
2,159,-106.0,48.0,15.0,8.571429
2,160,-102.5,48.0,15.0,8.571429
2,161,-100.0,48.0,15.0,8.571429
2,162,-98.0,48.0,15.0,8.571429
2,163,-96.0,48.0,15.0,8.571429
2,164,-93.5,48.0,15.0,8.571429
2,165,-90.0,48.0,15.0,8.571429
2,166,-86.0,48.0,15.0,8.3720934
2,167,-82.0,48.0,15.0,8.2926833
2,168,-78.0,48.0,15.0,7.72727265
2,169,-74.0,48.0,15.0,7.72727265
2,170,-70.0,48.0,15.0,7.72727265
2,171,-66.0,48.0,15.0,7.619048
2,172,-62.0,48.0,15.0,7.619048
2,173,-58.0,48.0,15.0,7.619048
2,174,-54.0,48.0,15.0,7.619048
2,175,-50.0,48.0,15.0,7.2727272
2,176,-46.0,48.0,15.0,7.2727272
2,177,-42.0,48.0,15.0,7.2727272
2,178,-38.0,48.0,15.0,6.9565216
2,179,-34.0,48.0,15.0,6.9565216
2,180,-30.0,48.0,15.0,6.9565216
2,181,-26.0,48.0,15.0,6.81818175
2,182,-22.0,48.0,15.0,6.81818175
2,183,-18.5,48.0,15.0,6.81818175
2,184,-15.5,48.0,15.0,6.81818175
2,185,-12.5,48.0,15.0,6.81818175
2,186,-10.0,48.0,15.0,6.81818175
2,187,-8.0,48.0,15.0,6.81818175
2,188,-6.0,48.0,15.0,6.521739
2,189,-4.0,48.0,15.0,6.521739
2,190,-2.0,48.0,15.0,6.521739
2,191,-0.0,48.0,15.0,6.521739
2,192,2.0,48.0,15.0,6.3636363
2,193,4.5,48.0,15.0,6.3636363
2,194,8.0,48.0,15.0,6.3636363
2,195,12.0,48.0,15.0,6.1904765
2,196,16.0,48.0,15.0,6.1904765
2,197,20.0,48.0,15.0,6.1904765
2,198,24.0,48.0,15.0,5.714286
2,199,28.0,48.0,15.0,5.714286
2,200,36.0,48.0,15.0,5.714286
2,201,54.0,48.0,15.0,5.714286
2,202,86.0,48.0,5.0,5.714286
2,203,108.0,48.0,0.01,5.714286
2,204,-146.0,34.0,0.01,9.0
2,205,-136.0,34.0,15.0,9.0
2,206,-124.0,34.0,15.0,9.0
2,207,-118.0,34.0,15.0,9.0
2,208,-114.0,34.0,15.0,8.571429
2,209,-110.0,34.0,15.0,8.571429
2,210,-106.0,34.0,15.0,8.571429
2,211,-102.5,34.0,15.0,8.571429
2,212,-100.0,34.0,15.0,8.571429
2,213,-98.0,34.0,15.0,8.571429
2,214,-96.0,34.0,15.0,8.571429
2,215,-93.5,34.0,15.0,8.571429
2,216,-90.0,34.0,15.0,8.571429
2,217,-86.0,34.0,15.0,8.3720934
2,218,-82.0,34.0,15.0,8.2926833
2,219,-78.0,34.0,15.0,7.72727265
2,220,-74.0,34.0,15.0,7.72727265
2,221,-70.0,34.0,15.0,7.72727265
2,222,-66.0,34.0,15.0,7.619048
2,223,-62.0,34.0,15.0,7.619048
2,224,-58.0,34.0,15.0,7.619048
2,225,-54.0,34.0,15.0,7.619048
2,226,-50.0,34.0,15.0,7.2727272
2,227,-46.0,34.0,15.0,7.2727272
2,228,-42.0,34.0,15.0,7.2727272
2,229,-38.0,34.0,15.0,6.9565216
2,230,-34.0,34.0,15.0,6.9565216
2,231,-30.0,34.0,15.0,6.9565216
2,232,-26.0,34.0,15.0,6.81818175
2,233,-22.0,34.0,15.0,6.81818175
2,234,-18.5,34.0,15.0,6.81818175
2,235,-15.5,34.0,15.0,6.81818175
2,236,-12.5,34.0,15.0,6.81818175
2,237,-10.0,34.0,15.0,6.81818175
2,238,-8.0,34.0,15.0,6.81818175
2,239,-6.0,34.0,15.0,6.521739
2,240,-4.0,34.0,15.0,6.521739
2,241,-2.0,34.0,15.0,6.521739
2,242,-0.0,34.0,15.0,6.521739
2,243,2.0,34.0,15.0,6.3636363
2,244,4.5,34.0,15.0,6.3636363
2,245,8.0,34.0,15.0,6.3636363
2,246,12.0,34.0,15.0,6.1904765
2,247,16.0,34.0,15.0,6.1904765
2,248,20.0,34.0,15.0,6.1904765
2,249,24.0,34.0,15.0,5.714286
2,250,28.0,34.0,15.0,5.714286
2,251,36.0,34.0,15.0,5.714286
2,252,54.0,34.0,15.0,5.714286
2,253,86.0,34.0,5.0,5.714286
2,254,108.0,34.0,0.01,5.714286
2,255,-146.0,23.0,0.01,9.0
2,256,-136.0,23.0,15.0,9.0
2,257,-124.0,23.0,15.0,9.0
2,258,-118.0,23.0,15.0,9.0
2,259,-114.0,23.0,15.0,8.571429
2,260,-110.0,23.0,15.0,8.571429
2,261,-106.0,23.0,15.0,8.571429
2,262,-102.5,23.0,15.0,8.571429
2,263,-100.0,23.0,15.0,8.571429
2,264,-98.0,23.0,15.0,8.571429
2,265,-96.0,23.0,15.0,8.571429
2,266,-93.5,23.0,15.0,8.571429
2,267,-90.0,23.0,15.0,8.571429
2,268,-86.0,23.0,15.0,8.3720934
2,269,-82.0,23.0,15.0,8.2926833
2,270,-78.0,23.0,15.0,7.72727265
2,271,-74.0,23.0,15.0,7.72727265
2,272,-70.0,23.0,15.0,7.72727265
2,273,-66.0,23.0,15.0,7.619048
2,274,-62.0,23.0,15.0,7.619048
2,275,-58.0,23.0,15.0,7.619048
2,276,-54.0,23.0,15.0,7.619048
2,277,-50.0,23.0,15.0,7.2727272
2,278,-46.0,23.0,15.0,7.2727272
2,279,-42.0,23.0,15.0,7.2727272
2,280,-38.0,23.0,15.0,6.9565216
2,281,-34.0,23.0,15.0,6.9565216
2,282,-30.0,23.0,15.0,6.9565216
2,283,-26.0,23.0,15.0,6.81818175
2,284,-22.0,23.0,15.0,6.81818175
2,285,-18.5,23.0,15.0,6.81818175
2,286,-15.5,23.0,15.0,6.81818175
2,287,-12.5,23.0,15.0,6.81818175
2,288,-10.0,23.0,15.0,6.81818175
2,289,-8.0,23.0,15.0,6.81818175
2,290,-6.0,23.0,15.0,6.521739
2,291,-4.0,23.0,15.0,6.521739
2,292,-2.0,23.0,15.0,6.521739
2,293,-0.0,23.0,15.0,6.521739
2,294,2.0,23.0,15.0,6.3636363
2,295,4.5,23.0,15.0,6.3636363
2,296,8.0,23.0,15.0,6.3636363
2,297,12.0,23.0,15.0,6.1904765
2,298,16.0,23.0,15.0,6.1904765
2,299,20.0,23.0,15.0,6.1904765
2,300,24.0,23.0,15.0,5.714286
2,301,28.0,23.0,15.0,5.714286
2,302,36.0,23.0,15.0,5.714286
2,303,54.0,23.0,15.0,5.714286
2,304,86.0,23.0,5.0,5.714286
2,305,108.0,23.0,0.01,5.714286
2,306,-146.0,15.0,0.01,9.0
2,307,-136.0,15.0,15.0,9.0
2,308,-124.0,15.0,15.0,9.0
2,309,-118.0,15.0,15.0,9.0
2,310,-114.0,15.0,15.0,8.571429
2,311,-110.0,15.0,15.0,8.571429
2,312,-106.0,15.0,15.0,8.571429
2,313,-102.5,15.0,15.0,8.571429
2,314,-100.0,15.0,15.0,8.571429
2,315,-98.0,15.0,15.0,8.571429
2,316,-96.0,15.0,15.0,8.571429
2,317,-93.5,15.0,15.0,8.571429
2,318,-90.0,15.0,15.0,8.571429
2,319,-86.0,15.0,15.0,8.3720934
2,320,-82.0,15.0,15.0,8.2926833
2,321,-78.0,15.0,15.0,7.72727265
2,322,-74.0,15.0,15.0,7.72727265
2,323,-70.0,15.0,15.0,7.72727265
2,324,-66.0,15.0,15.0,7.619048
2,325,-62.0,15.0,15.0,7.619048
2,326,-58.0,15.0,15.0,7.619048
2,327,-54.0,15.0,15.0,7.619048
2,328,-50.0,15.0,15.0,7.2727272
2,329,-46.0,15.0,15.0,7.2727272
2,330,-42.0,15.0,15.0,7.2727272
2,331,-38.0,15.0,15.0,6.9565216
2,332,-34.0,15.0,15.0,6.9565216
2,333,-30.0,15.0,15.0,6.9565216
2,334,-26.0,15.0,15.0,6.81818175
2,335,-22.0,15.0,15.0,6.81818175
2,336,-18.5,15.0,15.0,6.81818175
2,337,-15.5,15.0,15.0,6.81818175
2,338,-12.5,15.0,15.0,6.81818175
2,339,-10.0,15.0,15.0,6.81818175
2,340,-8.0,15.0,15.0,6.81818175
2,341,-6.0,15.0,15.0,6.521739
2,342,-4.0,15.0,15.0,6.521739
2,343,-2.0,15.0,15.0,6.521739
2,344,-0.0,15.0,15.0,6.521739
2,345,2.0,15.0,15.0,6.3636363
2,346,4.5,15.0,15.0,6.3636363
2,347,8.0,15.0,15.0,6.3636363
2,348,12.0,15.0,15.0,6.1904765
2,349,16.0,15.0,15.0,6.1904765
2,350,20.0,15.0,15.0,6.1904765
2,351,24.0,15.0,15.0,5.714286
2,352,28.0,15.0,15.0,5.714286
2,353,36.0,15.0,15.0,5.714286
2,354,54.0,15.0,15.0,5.714286
2,355,86.0,15.0,5.0,5.714286
2,356,108.0,15.0,0.01,5.714286
2,357,-146.0,10.0,0.01,9.0
2,358,-136.0,10.0,15.0,9.0
2,359,-124.0,10.0,15.0,9.0
2,360,-118.0,10.0,15.0,9.0
2,361,-114.0,10.0,15.0,8.571429
2,362,-110.0,10.0,15.0,8.571429
2,363,-106.0,10.0,15.0,8.571429
2,364,-102.5,10.0,15.0,8.571429
2,365,-100.0,10.0,15.0,8.571429
2,366,-98.0,10.0,15.0,8.571429
2,367,-96.0,10.0,15.0,8.571429
2,368,-93.5,10.0,15.0,8.571429
2,369,-90.0,10.0,15.0,8.571429
2,370,-86.0,10.0,15.0,8.3720934
2,371,-82.0,10.0,15.0,8.2926833
2,372,-78.0,10.0,15.0,7.72727265
2,373,-74.0,10.0,15.0,7.72727265
2,374,-70.0,10.0,15.0,7.72727265
2,375,-66.0,10.0,15.0,7.619048
2,376,-62.0,10.0,15.0,7.619048
2,377,-58.0,10.0,15.0,7.619048
2,378,-54.0,10.0,15.0,7.619048
2,379,-50.0,10.0,15.0,7.2727272
2,380,-46.0,10.0,15.0,7.2727272
2,381,-42.0,10.0,15.0,7.2727272
2,382,-38.0,10.0,15.0,6.9565216
2,383,-34.0,10.0,15.0,6.9565216
2,384,-30.0,10.0,15.0,6.9565216
2,385,-26.0,10.0,15.0,6.81818175
2,386,-22.0,10.0,15.0,6.81818175
2,387,-18.5,10.0,15.0,6.81818175
2,388,-15.5,10.0,15.0,6.81818175
2,389,-12.5,10.0,15.0,6.81818175
2,390,-10.0,10.0,15.0,6.81818175
2,391,-8.0,10.0,15.0,6.81818175
2,392,-6.0,10.0,15.0,6.521739
2,393,-4.0,10.0,15.0,6.521739
2,394,-2.0,10.0,15.0,6.521739
2,395,-0.0,10.0,15.0,6.521739
2,396,2.0,10.0,15.0,6.3636363
2,397,4.5,10.0,15.0,6.3636363
2,398,8.0,10.0,15.0,6.3636363
2,399,12.0,10.0,15.0,6.1904765
2,400,16.0,10.0,15.0,6.1904765
2,401,20.0,10.0,15.0,6.1904765
2,402,24.0,10.0,15.0,5.714286
2,403,28.0,10.0,15.0,5.714286
2,404,36.0,10.0,15.0,5.714286
2,405,54.0,10.0,15.0,5.714286
2,406,86.0,10.0,5.0,5.714286
2,407,108.0,10.0,0.01,5.714286
2,408,-146.0,6.0,0.01,9.0
2,409,-136.0,6.0,15.0,9.0
2,410,-124.0,6.0,15.0,9.0
2,411,-118.0,6.0,15.0,9.0
2,412,-114.0,6.0,15.0,8.571429
2,413,-110.0,6.0,15.0,8.571429
2,414,-106.0,6.0,15.0,8.571429
2,415,-102.5,6.0,15.0,8.571429
2,416,-100.0,6.0,15.0,8.571429
2,417,-98.0,6.0,15.0,8.571429
2,418,-96.0,6.0,15.0,8.571429
2,419,-93.5,6.0,15.0,8.571429
2,420,-90.0,6.0,15.0,8.571429
2,421,-86.0,6.0,15.0,8.3720934
2,422,-82.0,6.0,15.0,8.2926833
2,423,-78.0,6.0,15.0,7.72727265
2,424,-74.0,6.0,15.0,7.72727265
2,425,-70.0,6.0,15.0,7.72727265
2,426,-66.0,6.0,15.0,7.619048
2,427,-62.0,6.0,15.0,7.619048
2,428,-58.0,6.0,15.0,7.619048
2,429,-54.0,6.0,15.0,7.619048
2,430,-50.0,6.0,15.0,7.2727272
2,431,-46.0,6.0,15.0,7.2727272
2,432,-42.0,6.0,15.0,7.2727272
2,433,-38.0,6.0,15.0,6.9565216
2,434,-34.0,6.0,15.0,6.9565216
2,435,-30.0,6.0,15.0,6.9565216
2,436,-26.0,6.0,15.0,6.81818175
2,437,-22.0,6.0,15.0,6.81818175
2,438,-18.5,6.0,15.0,6.81818175
2,439,-15.5,6.0,15.0,6.81818175
2,440,-12.5,6.0,15.0,6.81818175
2,441,-10.0,6.0,15.0,6.81818175
2,442,-8.0,6.0,15.0,6.81818175
2,443,-6.0,6.0,15.0,6.521739
2,444,-4.0,6.0,15.0,6.521739
2,445,-2.0,6.0,15.0,6.521739
2,446,-0.0,6.0,15.0,6.521739
2,447,2.0,6.0,15.0,6.3636363
2,448,4.5,6.0,15.0,6.3636363
2,449,8.0,6.0,15.0,6.3636363
2,450,12.0,6.0,15.0,6.1904765
2,451,16.0,6.0,15.0,6.1904765
2,452,20.0,6.0,15.0,6.1904765
2,453,24.0,6.0,15.0,5.714286
2,454,28.0,6.0,15.0,5.714286
2,455,36.0,6.0,15.0,5.714286
2,456,54.0,6.0,15.0,5.714286
2,457,86.0,6.0,5.0,5.714286
2,458,108.0,6.0,0.01,5.714286
2,459,-146.0,2.0,0.01,9.0
2,460,-136.0,2.0,15.0,9.0
2,461,-124.0,2.0,15.0,9.0
2,462,-118.0,2.0,15.0,9.0
2,463,-114.0,2.0,15.0,8.571429
2,464,-110.0,2.0,15.0,8.571429
2,465,-106.0,2.0,15.0,8.571429
2,466,-102.5,2.0,15.0,8.571429
2,467,-100.0,2.0,15.0,8.571429
2,468,-98.0,2.0,15.0,11.538459
2,469,-96.0,2.0,15.0,8.571429
2,470,-93.5,2.0,15.0,8.571429
2,471,-90.0,2.0,15.0,8.571429
2,472,-86.0,2.0,15.0,8.3720934
2,473,-82.0,2.0,15.0,8.2926833
2,474,-78.0,2.0,15.0,7.72727265
2,475,-74.0,2.0,15.0,7.72727265
2,476,-70.0,2.0,15.0,7.72727265
2,477,-66.0,2.0,15.0,7.619048
2,478,-62.0,2.0,15.0,7.619048
2,479,-58.0,2.0,15.0,7.619048
2,480,-54.0,2.0,15.0,7.619048
2,481,-50.0,2.0,15.0,7.2727272
2,482,-46.0,2.0,15.0,7.2727272
2,483,-42.0,2.0,15.0,7.2727272
2,484,-38.0,2.0,15.0,6.9565216
2,485,-34.0,2.0,15.0,6.9565216
2,486,-30.0,2.0,15.0,6.9565216
2,487,-26.0,2.0,15.0,6.81818175
2,488,-22.0,2.0,15.0,6.81818175
2,489,-18.5,2.0,15.0,6.81818175
2,490,-15.5,2.0,15.0,6.81818175
2,491,-12.5,2.0,15.0,6.81818175
2,492,-10.0,2.0,15.0,6.81818175
2,493,-8.0,2.0,15.0,6.81818175
2,494,-6.0,2.0,15.0,6.521739
2,495,-4.0,2.0,15.0,6.521739
2,496,-2.0,2.0,15.0,6.521739
2,497,-0.0,2.0,15.0,17.4418575
2,498,2.0,2.0,15.0,6.3636363
2,499,4.5,2.0,15.0,6.3636363
2,500,8.0,2.0,15.0,6.3636363
2,501,12.0,2.0,15.0,6.1904765
2,502,16.0,2.0,15.0,6.1904765
2,503,20.0,2.0,15.0,6.1904765
2,504,24.0,2.0,15.0,5.714286
2,505,28.0,2.0,15.0,5.714286
2,506,36.0,2.0,15.0,5.714286
2,507,54.0,2.0,15.0,5.714286
2,508,86.0,2.0,5.0,5.714286
2,509,108.0,2.0,0.01,5.714286
3,0,-146.0,122.0,0.01,0.0039992
3,1,-136.0,122.0,6.25,0.0039992
3,2,-124.0,122.0,6.25,0.0039992
3,3,-118.0,122.0,6.25,0.0039992
3,4,-114.0,122.0,6.25,0.0029996
3,5,-110.0,122.0,6.25,0.0029996
3,6,-106.0,122.0,6.25,0.0029996
3,7,-102.5,122.0,6.25,0.0029996
3,8,-100.0,122.0,6.25,0.0029996
3,9,-98.0,122.0,6.25,0.0029996
3,10,-96.0,122.0,6.25,0.0029996
3,11,-93.5,122.0,6.25,0.0029996
3,12,-90.0,122.0,6.25,0.0029996
3,13,-86.0,122.0,6.25,0.00271398
3,14,-82.0,122.0,6.25,0.00271398
3,15,-78.0,122.0,6.25,0.00219982
3,16,-74.0,122.0,6.25,0.00219982
3,17,-70.0,122.0,6.25,0.00219982
3,18,-66.0,122.0,6.25,0.00219982
3,19,-62.0,122.0,6.25,0.00219982
3,20,-58.0,122.0,6.25,0.00219982
3,21,-54.0,122.0,6.25,0.00219982
3,22,-50.0,122.0,6.25,0.00199987
3,23,-46.0,122.0,6.25,0.00199987
3,24,-42.0,122.0,6.25,0.00199987
3,25,-38.0,122.0,6.25,0.00185704
3,26,-34.0,122.0,6.25,0.00185704
3,27,-30.0,122.0,6.25,0.00185704
3,28,-26.0,122.0,6.25,0.00185704
3,29,-22.0,122.0,6.25,0.00185704
3,30,-18.5,122.0,6.25,0.00185704
3,31,-15.5,122.0,6.25,0.00185704
3,32,-12.5,122.0,6.25,0.00185704
3,33,-10.0,122.0,6.25,0.00185704
3,34,-8.0,122.0,6.25,0.00185704
3,35,-6.0,122.0,6.25,0.00174991
3,36,-4.0,122.0,6.25,0.00174991
3,37,-2.0,122.0,6.25,0.00174991
3,38,-0.0,122.0,6.25,0.00174991
3,39,2.0,122.0,6.25,0.00174991
3,40,4.5,122.0,6.25,0.00174991
3,41,8.0,122.0,6.25,0.0018124
3,42,12.0,122.0,6.25,0.0018124
3,43,16.0,122.0,6.25,0.00187489
3,44,20.0,122.0,6.25,0.00187489
3,45,24.0,122.0,6.25,0.00177769
3,46,28.0,122.0,6.25,0.00177769
3,47,36.0,122.0,6.25,0.00177769
3,48,54.0,122.0,6.25,0.00177769
3,49,86.0,122.0,6.25,0.00177769
3,50,108.0,122.0,0.01,0.00177769
3,51,-146.0,100.0,0.01,10.0
3,52,-136.0,100.0,6.25,10.0
3,53,-124.0,100.0,6.25,10.0
3,54,-118.0,100.0,6.25,10.0
3,55,-114.0,100.0,6.25,9.0
3,56,-110.0,100.0,6.25,9.0
3,57,-106.0,100.0,6.25,9.0
3,58,-102.5,100.0,6.25,9.0
3,59,-100.0,100.0,6.25,9.0
3,60,-98.0,100.0,6.25,9.0
3,61,-96.0,100.0,6.25,9.0
3,62,-93.5,100.0,6.25,9.0
3,63,-90.0,100.0,6.25,9.0
3,64,-86.0,100.0,6.25,8.6363645
3,65,-82.0,100.0,6.25,8.6363645
3,66,-78.0,100.0,6.25,7.8571405
3,67,-74.0,100.0,6.25,7.8571405
3,68,-70.0,100.0,6.25,7.8571405
3,69,-66.0,100.0,6.25,7.8571405
3,70,-62.0,100.0,6.25,7.8571405
3,71,-58.0,100.0,6.25,7.8571405
3,72,-54.0,100.0,6.25,7.8571405
3,73,-50.0,100.0,6.25,7.5
3,74,-46.0,100.0,6.25,7.5
3,75,-42.0,100.0,6.25,7.5
3,76,-38.0,100.0,6.25,7.2222215
3,77,-34.0,100.0,6.25,7.2222215
3,78,-30.0,100.0,6.25,7.2222215
3,79,-26.0,100.0,6.25,7.2222215
3,80,-22.0,100.0,6.25,7.2222215
3,81,-18.5,100.0,6.25,7.2222215
3,82,-15.5,100.0,6.25,7.2222215
3,83,-12.5,100.0,6.25,7.2222215
3,84,-10.0,100.0,6.25,7.2222215
3,85,-8.0,100.0,6.25,7.2222215
3,86,-6.0,100.0,6.25,7.0
3,87,-4.0,100.0,6.25,7.0
3,88,-2.0,100.0,6.25,7.0
3,89,-0.0,100.0,6.25,7.0
3,90,2.0,100.0,6.25,7.0
3,91,4.5,100.0,6.25,7.0
3,92,8.0,100.0,6.25,7.13114785
3,93,12.0,100.0,6.25,7.13114785
3,94,16.0,100.0,6.25,7.25806425
3,95,20.0,100.0,6.25,7.25806425
3,96,24.0,100.0,6.25,7.0588232
3,97,28.0,100.0,6.25,7.0588232
3,98,36.0,100.0,6.25,7.0588232
3,99,54.0,100.0,6.25,7.0588232
3,100,86.0,100.0,6.25,7.0588232
3,101,108.0,100.0,0.01,7.0588232
3,102,-146.0,68.0,0.01,10.0
3,103,-136.0,68.0,6.25,10.0
3,104,-124.0,68.0,6.25,10.0
3,105,-118.0,68.0,6.25,10.0
3,106,-114.0,68.0,6.25,9.0
3,107,-110.0,68.0,6.25,9.0
3,108,-106.0,68.0,6.25,9.0
3,109,-102.5,68.0,6.25,9.0
3,110,-100.0,68.0,6.25,9.0
3,111,-98.0,68.0,6.25,9.0
3,112,-96.0,68.0,6.25,9.0
3,113,-93.5,68.0,6.25,9.0
3,114,-90.0,68.0,6.25,9.0
3,115,-86.0,68.0,6.25,8.6363645
3,116,-82.0,68.0,6.25,8.6363645
3,117,-78.0,68.0,6.25,7.8571405
3,118,-74.0,68.0,6.25,7.8571405
3,119,-70.0,68.0,6.25,7.8571405
3,120,-66.0,68.0,6.25,7.8571405
3,121,-62.0,68.0,6.25,7.8571405
3,122,-58.0,68.0,6.25,7.8571405
3,123,-54.0,68.0,6.25,7.8571405
3,124,-50.0,68.0,6.25,7.5
3,125,-46.0,68.0,6.25,7.5
3,126,-42.0,68.0,6.25,7.5
3,127,-38.0,68.0,6.25,7.2222215
3,128,-34.0,68.0,6.25,7.2222215
3,129,-30.0,68.0,6.25,7.2222215
3,130,-26.0,68.0,6.25,7.2222215
3,131,-22.0,68.0,6.25,7.2222215
3,132,-18.5,68.0,6.25,7.2222215
3,133,-15.5,68.0,6.25,7.2222215
3,134,-12.5,68.0,6.25,7.2222215
3,135,-10.0,68.0,6.25,7.2222215
3,136,-8.0,68.0,6.25,7.2222215
3,137,-6.0,68.0,6.25,7.0
3,138,-4.0,68.0,6.25,7.0
3,139,-2.0,68.0,6.25,7.0
3,140,-0.0,68.0,6.25,7.0
3,141,2.0,68.0,6.25,7.0
3,142,4.5,68.0,6.25,7.0
3,143,8.0,68.0,6.25,7.13114785
3,144,12.0,68.0,6.25,7.13114785
3,145,16.0,68.0,6.25,7.25806425
3,146,20.0,68.0,6.25,7.25806425
3,147,24.0,68.0,6.25,7.0588232
3,148,28.0,68.0,6.25,7.0588232
3,149,36.0,68.0,6.25,7.0588232
3,150,54.0,68.0,6.25,7.0588232
3,151,86.0,68.0,6.25,7.0588232
3,152,108.0,68.0,0.01,7.0588232
3,153,-146.0,48.0,0.01,10.0
3,154,-136.0,48.0,6.25,10.0
3,155,-124.0,48.0,6.25,10.0
3,156,-118.0,48.0,6.25,10.0
3,157,-114.0,48.0,6.25,9.0
3,158,-110.0,48.0,6.25,9.0
3,159,-106.0,48.0,6.25,9.0
3,160,-102.5,48.0,6.25,9.0
3,161,-100.0,48.0,6.25,9.0
3,162,-98.0,48.0,6.25,9.0
3,163,-96.0,48.0,6.25,9.0
3,164,-93.5,48.0,6.25,9.0
3,165,-90.0,48.0,6.25,9.0
3,166,-86.0,48.0,6.25,8.6363645
3,167,-82.0,48.0,6.25,8.6363645
3,168,-78.0,48.0,6.25,7.8571405
3,169,-74.0,48.0,6.25,7.8571405
3,170,-70.0,48.0,6.25,7.8571405
3,171,-66.0,48.0,6.25,7.8571405
3,172,-62.0,48.0,6.25,7.8571405
3,173,-58.0,48.0,6.25,7.8571405
3,174,-54.0,48.0,6.25,7.8571405
3,175,-50.0,48.0,6.25,7.5
3,176,-46.0,48.0,6.25,7.5
3,177,-42.0,48.0,6.25,7.5
3,178,-38.0,48.0,6.25,7.2222215
3,179,-34.0,48.0,6.25,7.2222215
3,180,-30.0,48.0,6.25,7.2222215
3,181,-26.0,48.0,6.25,7.2222215
3,182,-22.0,48.0,6.25,7.2222215
3,183,-18.5,48.0,6.25,7.2222215
3,184,-15.5,48.0,6.25,7.2222215
3,185,-12.5,48.0,6.25,7.2222215
3,186,-10.0,48.0,6.25,7.2222215
3,187,-8.0,48.0,6.25,7.2222215
3,188,-6.0,48.0,6.25,7.0
3,189,-4.0,48.0,6.25,7.0
3,190,-2.0,48.0,6.25,7.0
3,191,-0.0,48.0,6.25,7.0
3,192,2.0,48.0,6.25,7.0
3,193,4.5,48.0,6.25,7.0
3,194,8.0,48.0,6.25,7.13114785
3,195,12.0,48.0,6.25,7.13114785
3,196,16.0,48.0,6.25,7.25806425
3,197,20.0,48.0,6.25,7.25806425
3,198,24.0,48.0,6.25,7.0588232
3,199,28.0,48.0,6.25,7.0588232
3,200,36.0,48.0,6.25,7.0588232
3,201,54.0,48.0,6.25,7.0588232
3,202,86.0,48.0,6.25,7.0588232
3,203,108.0,48.0,0.01,7.0588232
3,204,-146.0,34.0,0.01,10.0
3,205,-136.0,34.0,6.25,10.0
3,206,-124.0,34.0,6.25,10.0
3,207,-118.0,34.0,6.25,10.0
3,208,-114.0,34.0,6.25,9.0
3,209,-110.0,34.0,6.25,9.0
3,210,-106.0,34.0,6.25,9.0
3,211,-102.5,34.0,6.25,9.0
3,212,-100.0,34.0,6.25,9.0
3,213,-98.0,34.0,6.25,9.0
3,214,-96.0,34.0,6.25,9.0
3,215,-93.5,34.0,6.25,9.0
3,216,-90.0,34.0,6.25,9.0
3,217,-86.0,34.0,6.25,8.6363645
3,218,-82.0,34.0,6.25,8.6363645
3,219,-78.0,34.0,6.25,7.8571405
3,220,-74.0,34.0,6.25,7.8571405
3,221,-70.0,34.0,6.25,7.8571405
3,222,-66.0,34.0,6.25,7.8571405
3,223,-62.0,34.0,6.25,7.8571405
3,224,-58.0,34.0,6.25,7.8571405
3,225,-54.0,34.0,6.25,7.8571405
3,226,-50.0,34.0,6.25,7.5
3,227,-46.0,34.0,6.25,7.5
3,228,-42.0,34.0,6.25,7.5
3,229,-38.0,34.0,6.25,7.2222215
3,230,-34.0,34.0,6.25,7.2222215
3,231,-30.0,34.0,6.25,7.2222215
3,232,-26.0,34.0,6.25,7.2222215
3,233,-22.0,34.0,6.25,7.2222215
3,234,-18.5,34.0,6.25,7.2222215
3,235,-15.5,34.0,6.25,7.2222215
3,236,-12.5,34.0,6.25,7.2222215
3,237,-10.0,34.0,6.25,7.2222215
3,238,-8.0,34.0,6.25,7.2222215
3,239,-6.0,34.0,6.25,7.0
3,240,-4.0,34.0,6.25,7.0
3,241,-2.0,34.0,6.25,7.0
3,242,-0.0,34.0,6.25,7.0
3,243,2.0,34.0,6.25,7.0
3,244,4.5,34.0,6.25,7.0
3,245,8.0,34.0,6.25,7.13114785
3,246,12.0,34.0,6.25,7.13114785
3,247,16.0,34.0,6.25,7.25806425
3,248,20.0,34.0,6.25,7.25806425
3,249,24.0,34.0,6.25,7.0588232
3,250,28.0,34.0,6.25,7.0588232
3,251,36.0,34.0,6.25,7.0588232
3,252,54.0,34.0,6.25,7.0588232
3,253,86.0,34.0,6.25,7.0588232
3,254,108.0,34.0,0.01,7.0588232
3,255,-146.0,23.0,0.01,10.0
3,256,-136.0,23.0,6.25,10.0
3,257,-124.0,23.0,6.25,10.0
3,258,-118.0,23.0,6.25,10.0
3,259,-114.0,23.0,6.25,9.0
3,260,-110.0,23.0,6.25,9.0
3,261,-106.0,23.0,6.25,9.0
3,262,-102.5,23.0,6.25,9.0
3,263,-100.0,23.0,6.25,9.0
3,264,-98.0,23.0,6.25,9.0
3,265,-96.0,23.0,6.25,9.0
3,266,-93.5,23.0,6.25,9.0
3,267,-90.0,23.0,6.25,9.0
3,268,-86.0,23.0,6.25,8.6363645
3,269,-82.0,23.0,6.25,8.6363645
3,270,-78.0,23.0,6.25,7.8571405
3,271,-74.0,23.0,6.25,7.8571405
3,272,-70.0,23.0,6.25,7.8571405
3,273,-66.0,23.0,6.25,7.8571405
3,274,-62.0,23.0,6.25,7.8571405
3,275,-58.0,23.0,6.25,7.8571405
3,276,-54.0,23.0,6.25,7.8571405
3,277,-50.0,23.0,6.25,7.5
3,278,-46.0,23.0,6.25,7.5
3,279,-42.0,23.0,6.25,7.5
3,280,-38.0,23.0,6.25,7.2222215
3,281,-34.0,23.0,6.25,7.2222215
3,282,-30.0,23.0,6.25,7.2222215
3,283,-26.0,23.0,6.25,7.2222215
3,284,-22.0,23.0,6.25,7.2222215
3,285,-18.5,23.0,6.25,7.2222215
3,286,-15.5,23.0,6.25,7.2222215
3,287,-12.5,23.0,6.25,7.2222215
3,288,-10.0,23.0,6.25,7.2222215
3,289,-8.0,23.0,6.25,7.2222215
3,290,-6.0,23.0,6.25,7.0
3,291,-4.0,23.0,6.25,7.0
3,292,-2.0,23.0,6.25,7.0
3,293,-0.0,23.0,6.25,7.0
3,294,2.0,23.0,6.25,7.0
3,295,4.5,23.0,6.25,7.0
3,296,8.0,23.0,6.25,7.13114785
3,297,12.0,23.0,6.25,7.13114785
3,298,16.0,23.0,6.25,7.25806425
3,299,20.0,23.0,6.25,7.25806425
3,300,24.0,23.0,6.25,7.0588232
3,301,28.0,23.0,6.25,7.0588232
3,302,36.0,23.0,6.25,7.0588232
3,303,54.0,23.0,6.25,7.0588232
3,304,86.0,23.0,6.25,7.0588232
3,305,108.0,23.0,0.01,7.0588232
3,306,-146.0,15.0,0.01,10.0
3,307,-136.0,15.0,6.25,10.0
3,308,-124.0,15.0,6.25,10.0
3,309,-118.0,15.0,6.25,10.0
3,310,-114.0,15.0,6.25,9.0
3,311,-110.0,15.0,6.25,9.0
3,312,-106.0,15.0,6.25,9.0
3,313,-102.5,15.0,6.25,9.0
3,314,-100.0,15.0,6.25,9.0
3,315,-98.0,15.0,6.25,9.0
3,316,-96.0,15.0,6.25,9.0
3,317,-93.5,15.0,6.25,9.0
3,318,-90.0,15.0,6.25,9.0
3,319,-86.0,15.0,6.25,8.6363645
3,320,-82.0,15.0,6.25,8.6363645
3,321,-78.0,15.0,6.25,7.8571405
3,322,-74.0,15.0,6.25,7.8571405
3,323,-70.0,15.0,6.25,7.8571405
3,324,-66.0,15.0,6.25,7.8571405
3,325,-62.0,15.0,6.25,7.8571405
3,326,-58.0,15.0,6.25,7.8571405
3,327,-54.0,15.0,6.25,7.8571405
3,328,-50.0,15.0,6.25,7.5
3,329,-46.0,15.0,6.25,7.5
3,330,-42.0,15.0,6.25,7.5
3,331,-38.0,15.0,6.25,7.2222215
3,332,-34.0,15.0,6.25,7.2222215
3,333,-30.0,15.0,6.25,7.2222215
3,334,-26.0,15.0,6.25,7.2222215
3,335,-22.0,15.0,6.25,7.2222215
3,336,-18.5,15.0,6.25,7.2222215
3,337,-15.5,15.0,6.25,7.2222215
3,338,-12.5,15.0,6.25,7.2222215
3,339,-10.0,15.0,6.25,7.2222215
3,340,-8.0,15.0,6.25,7.2222215
3,341,-6.0,15.0,6.25,7.0
3,342,-4.0,15.0,6.25,7.0
3,343,-2.0,15.0,6.25,7.0
3,344,-0.0,15.0,6.25,7.0
3,345,2.0,15.0,6.25,7.0
3,346,4.5,15.0,6.25,7.0
3,347,8.0,15.0,6.25,7.13114785
3,348,12.0,15.0,6.25,7.13114785
3,349,16.0,15.0,6.25,7.25806425
3,350,20.0,15.0,6.25,7.25806425
3,351,24.0,15.0,6.25,7.0588232
3,352,28.0,15.0,6.25,7.0588232
3,353,36.0,15.0,6.25,7.0588232
3,354,54.0,15.0,6.25,7.0588232
3,355,86.0,15.0,6.25,7.0588232
3,356,108.0,15.0,0.01,7.0588232
3,357,-146.0,10.0,0.01,10.0
3,358,-136.0,10.0,6.25,10.0
3,359,-124.0,10.0,6.25,10.0
3,360,-118.0,10.0,6.25,10.0
3,361,-114.0,10.0,6.25,9.0
3,362,-110.0,10.0,6.25,9.0
3,363,-106.0,10.0,6.25,9.0
3,364,-102.5,10.0,6.25,9.0
3,365,-100.0,10.0,6.25,9.0
3,366,-98.0,10.0,6.25,9.0
3,367,-96.0,10.0,6.25,9.0
3,368,-93.5,10.0,6.25,9.0
3,369,-90.0,10.0,6.25,9.0
3,370,-86.0,10.0,6.25,8.6363645
3,371,-82.0,10.0,6.25,8.6363645
3,372,-78.0,10.0,6.25,7.8571405
3,373,-74.0,10.0,6.25,7.8571405
3,374,-70.0,10.0,6.25,7.8571405
3,375,-66.0,10.0,6.25,7.8571405
3,376,-62.0,10.0,6.25,7.8571405
3,377,-58.0,10.0,6.25,7.8571405
3,378,-54.0,10.0,6.25,7.8571405
3,379,-50.0,10.0,6.25,7.5
3,380,-46.0,10.0,6.25,7.5
3,381,-42.0,10.0,6.25,7.5
3,382,-38.0,10.0,6.25,7.2222215
3,383,-34.0,10.0,6.25,7.2222215
3,384,-30.0,10.0,6.25,7.2222215
3,385,-26.0,10.0,6.25,7.2222215
3,386,-22.0,10.0,6.25,7.2222215
3,387,-18.5,10.0,6.25,7.2222215
3,388,-15.5,10.0,6.25,7.2222215
3,389,-12.5,10.0,6.25,7.2222215
3,390,-10.0,10.0,6.25,7.2222215
3,391,-8.0,10.0,6.25,7.2222215
3,392,-6.0,10.0,6.25,7.0
3,393,-4.0,10.0,6.25,7.0
3,394,-2.0,10.0,6.25,7.0
3,395,-0.0,10.0,6.25,7.0
3,396,2.0,10.0,6.25,7.0
3,397,4.5,10.0,6.25,7.0
3,398,8.0,10.0,6.25,7.13114785
3,399,12.0,10.0,6.25,7.13114785
3,400,16.0,10.0,6.25,7.25806425
3,401,20.0,10.0,6.25,7.25806425
3,402,24.0,10.0,6.25,7.0588232
3,403,28.0,10.0,6.25,7.0588232
3,404,36.0,10.0,6.25,7.0588232
3,405,54.0,10.0,6.25,7.0588232
3,406,86.0,10.0,6.25,7.0588232
3,407,108.0,10.0,0.01,7.0588232
3,408,-146.0,6.0,0.01,10.0
3,409,-136.0,6.0,6.25,10.0
3,410,-124.0,6.0,6.25,10.0
3,411,-118.0,6.0,6.25,10.0
3,412,-114.0,6.0,6.25,9.0
3,413,-110.0,6.0,6.25,9.0
3,414,-106.0,6.0,6.25,9.0
3,415,-102.5,6.0,6.25,9.0
3,416,-100.0,6.0,6.25,9.0
3,417,-98.0,6.0,6.25,9.0
3,418,-96.0,6.0,6.25,9.0
3,419,-93.5,6.0,6.25,9.0
3,420,-90.0,6.0,6.25,9.0
3,421,-86.0,6.0,6.25,8.6363645
3,422,-82.0,6.0,6.25,8.6363645
3,423,-78.0,6.0,6.25,7.8571405
3,424,-74.0,6.0,6.25,7.8571405
3,425,-70.0,6.0,6.25,7.8571405
3,426,-66.0,6.0,6.25,7.8571405
3,427,-62.0,6.0,6.25,7.8571405
3,428,-58.0,6.0,6.25,7.8571405
3,429,-54.0,6.0,6.25,7.8571405
3,430,-50.0,6.0,6.25,7.5
3,431,-46.0,6.0,6.25,7.5
3,432,-42.0,6.0,6.25,7.5
3,433,-38.0,6.0,6.25,7.2222215
3,434,-34.0,6.0,6.25,7.2222215
3,435,-30.0,6.0,6.25,7.2222215
3,436,-26.0,6.0,6.25,7.2222215
3,437,-22.0,6.0,6.25,7.2222215
3,438,-18.5,6.0,6.25,7.2222215
3,439,-15.5,6.0,6.25,7.2222215
3,440,-12.5,6.0,6.25,7.2222215
3,441,-10.0,6.0,6.25,7.2222215
3,442,-8.0,6.0,6.25,7.2222215
3,443,-6.0,6.0,6.25,7.0
3,444,-4.0,6.0,6.25,7.0
3,445,-2.0,6.0,6.25,7.0
3,446,-0.0,6.0,6.25,7.0
3,447,2.0,6.0,6.25,7.0
3,448,4.5,6.0,6.25,7.0
3,449,8.0,6.0,6.25,7.13114785
3,450,12.0,6.0,6.25,7.13114785
3,451,16.0,6.0,6.25,7.25806425
3,452,20.0,6.0,6.25,7.25806425
3,453,24.0,6.0,6.25,7.0588232
3,454,28.0,6.0,6.25,7.0588232
3,455,36.0,6.0,6.25,7.0588232
3,456,54.0,6.0,6.25,7.0588232
3,457,86.0,6.0,6.25,7.0588232
3,458,108.0,6.0,0.01,7.0588232
3,459,-146.0,2.0,0.01,10.0
3,460,-136.0,2.0,6.25,10.0
3,461,-124.0,2.0,6.25,10.0
3,462,-118.0,2.0,6.25,10.0
3,463,-114.0,2.0,6.25,9.0
3,464,-110.0,2.0,6.25,9.0
3,465,-106.0,2.0,6.25,9.0
3,466,-102.5,2.0,6.25,9.0
3,467,-100.0,2.0,6.25,9.0
3,468,-98.0,2.0,6.25,19.565217
3,469,-96.0,2.0,6.25,9.0
3,470,-93.5,2.0,6.25,9.0
3,471,-90.0,2.0,6.25,9.0
3,472,-86.0,2.0,6.25,8.6363645
3,473,-82.0,2.0,6.25,8.6363645
3,474,-78.0,2.0,6.25,7.8571405
3,475,-74.0,2.0,6.25,7.8571405
3,476,-70.0,2.0,6.25,7.8571405
3,477,-66.0,2.0,6.25,7.8571405
3,478,-62.0,2.0,6.25,7.8571405
3,479,-58.0,2.0,6.25,7.8571405
3,480,-54.0,2.0,6.25,7.8571405
3,481,-50.0,2.0,6.25,7.5
3,482,-46.0,2.0,6.25,7.5
3,483,-42.0,2.0,6.25,7.5
3,484,-38.0,2.0,6.25,7.2222215
3,485,-34.0,2.0,6.25,7.2222215
3,486,-30.0,2.0,6.25,7.2222215
3,487,-26.0,2.0,6.25,7.2222215
3,488,-22.0,2.0,6.25,7.2222215
3,489,-18.5,2.0,6.25,7.2222215
3,490,-15.5,2.0,6.25,7.2222215
3,491,-12.5,2.0,6.25,7.2222215
3,492,-10.0,2.0,6.25,7.2222215
3,493,-8.0,2.0,6.25,7.2222215
3,494,-6.0,2.0,6.25,7.0
3,495,-4.0,2.0,6.25,7.0
3,496,-2.0,2.0,6.25,7.0
3,497,-0.0,2.0,6.25,25.000003
3,498,2.0,2.0,6.25,7.0
3,499,4.5,2.0,6.25,7.0
3,500,8.0,2.0,6.25,7.13114785
3,501,12.0,2.0,6.25,7.13114785
3,502,16.0,2.0,6.25,7.25806425
3,503,20.0,2.0,6.25,7.25806425
3,504,24.0,2.0,6.25,7.0588232
3,505,28.0,2.0,6.25,7.0588232
3,506,36.0,2.0,6.25,7.0588232
3,507,54.0,2.0,6.25,7.0588232
3,508,86.0,2.0,6.25,7.0588232
3,509,108.0,2.0,0.01,7.0588232
4,0,-146.0,122.0,0.01,13.333332
4,1,-136.0,122.0,10.0,13.333332
4,2,-124.0,122.0,10.0,13.333332
4,3,-118.0,122.0,10.0,13.333332
4,4,-114.0,122.0,10.0,13.333332
4,5,-110.0,122.0,10.0,13.333332
4,6,-106.0,122.0,10.0,13.333332
4,7,-102.5,122.0,10.0,13.333332
4,8,-100.0,122.0,10.0,13.333332
4,9,-98.0,122.0,10.0,13.333332
4,10,-96.0,122.0,10.0,13.333332
4,11,-93.5,122.0,10.0,13.333332
4,12,-90.0,122.0,10.0,13.333332
4,13,-86.0,122.0,10.0,13.333332
4,14,-82.0,122.0,10.0,13.333332
4,15,-78.0,122.0,10.0,13.333332
4,16,-74.0,122.0,10.0,13.333332
4,17,-70.0,122.0,10.0,13.333332
4,18,-66.0,122.0,10.0,13.333332
4,19,-62.0,122.0,10.0,13.333332
4,20,-58.0,122.0,10.0,13.333332
4,21,-54.0,122.0,10.0,13.333332
4,22,-50.0,122.0,10.0,0.0039992
4,23,-46.0,122.0,10.0,0.0039992
4,24,-42.0,122.0,10.0,0.0039992
4,25,-38.0,122.0,10.0,0.0039992
4,26,-34.0,122.0,10.0,0.0039992
4,27,-30.0,122.0,10.0,0.0039992
4,28,-26.0,122.0,10.0,0.0039992
4,29,-22.0,122.0,10.0,0.0039992
4,30,-18.5,122.0,10.0,0.0039992
4,31,-15.5,122.0,10.0,0.0039992
4,32,-12.5,122.0,10.0,0.0039992
4,33,-10.0,122.0,10.0,0.0039992
4,34,-8.0,122.0,10.0,0.0039992
4,35,-6.0,122.0,10.0,0.0039992
4,36,-4.0,122.0,10.0,0.0039992
4,37,-2.0,122.0,10.0,0.0039992
4,38,-0.0,122.0,10.0,0.0039992
4,39,2.0,122.0,10.0,0.0039992
4,40,4.5,122.0,10.0,0.0039992
4,41,8.0,122.0,10.0,0.00533179
4,42,12.0,122.0,10.0,0.00533179
4,43,16.0,122.0,10.0,0.00799627
4,44,20.0,122.0,10.0,0.00799627
4,45,24.0,122.0,10.0,0.00799627
4,46,28.0,122.0,10.0,0.00799627
4,47,36.0,122.0,10.0,0.00799627
4,48,54.0,122.0,10.0,0.00799627
4,49,86.0,122.0,10.0,0.00799627
4,50,108.0,122.0,0.01,0.00799627
4,51,-146.0,100.0,0.01,15.0
4,52,-136.0,100.0,10.0,15.0
4,53,-124.0,100.0,10.0,15.0
4,54,-118.0,100.0,10.0,15.0
4,55,-114.0,100.0,10.0,15.0
4,56,-110.0,100.0,10.0,15.0
4,57,-106.0,100.0,10.0,15.0
4,58,-102.5,100.0,10.0,15.0
4,59,-100.0,100.0,10.0,15.0
4,60,-98.0,100.0,10.0,15.0
4,61,-96.0,100.0,10.0,15.0
4,62,-93.5,100.0,10.0,15.0
4,63,-90.0,100.0,10.0,15.0
4,64,-86.0,100.0,10.0,15.0
4,65,-82.0,100.0,10.0,15.0
4,66,-78.0,100.0,10.0,15.0
4,67,-74.0,100.0,10.0,15.0
4,68,-70.0,100.0,10.0,15.0
4,69,-66.0,100.0,10.0,15.0
4,70,-62.0,100.0,10.0,15.0
4,71,-58.0,100.0,10.0,15.0
4,72,-54.0,100.0,10.0,15.0
4,73,-50.0,100.0,10.0,3.3333332
4,74,-46.0,100.0,10.0,3.3333332
4,75,-42.0,100.0,10.0,3.3333332
4,76,-38.0,100.0,10.0,3.3333332
4,77,-34.0,100.0,10.0,3.3333332
4,78,-30.0,100.0,10.0,3.3333332
4,79,-26.0,100.0,10.0,3.3333332
4,80,-22.0,100.0,10.0,3.3333332
4,81,-18.5,100.0,10.0,3.3333332
4,82,-15.5,100.0,10.0,3.3333332
4,83,-12.5,100.0,10.0,3.3333332
4,84,-10.0,100.0,10.0,3.3333332
4,85,-8.0,100.0,10.0,3.3333332
4,86,-6.0,100.0,10.0,3.3333332
4,87,-4.0,100.0,10.0,3.3333332
4,88,-2.0,100.0,10.0,3.3333332
4,89,-0.0,100.0,10.0,3.3333332
4,90,2.0,100.0,10.0,3.3333332
4,91,4.5,100.0,10.0,3.3333332
4,92,8.0,100.0,10.0,4.137932
4,93,12.0,100.0,10.0,4.137932
4,94,16.0,100.0,10.0,5.454544
4,95,20.0,100.0,10.0,5.454544
4,96,24.0,100.0,10.0,5.454544
4,97,28.0,100.0,10.0,5.454544
4,98,36.0,100.0,10.0,5.454544
4,99,54.0,100.0,10.0,5.454544
4,100,86.0,100.0,10.0,5.454544
4,101,108.0,100.0,0.01,5.454544
4,102,-146.0,68.0,0.01,15.0
4,103,-136.0,68.0,10.0,15.0
4,104,-124.0,68.0,10.0,15.0
4,105,-118.0,68.0,10.0,15.0
4,106,-114.0,68.0,10.0,15.0
4,107,-110.0,68.0,10.0,15.0
4,108,-106.0,68.0,10.0,15.0
4,109,-102.5,68.0,10.0,15.0
4,110,-100.0,68.0,10.0,15.0
4,111,-98.0,68.0,10.0,15.0
4,112,-96.0,68.0,10.0,15.0
4,113,-93.5,68.0,10.0,15.0
4,114,-90.0,68.0,10.0,15.0
4,115,-86.0,68.0,10.0,15.0
4,116,-82.0,68.0,10.0,15.0
4,117,-78.0,68.0,10.0,15.0
4,118,-74.0,68.0,10.0,15.0
4,119,-70.0,68.0,10.0,15.0
4,120,-66.0,68.0,10.0,15.0
4,121,-62.0,68.0,10.0,15.0
4,122,-58.0,68.0,10.0,15.0
4,123,-54.0,68.0,10.0,15.0
4,124,-50.0,68.0,10.0,3.3333332
4,125,-46.0,68.0,10.0,3.3333332
4,126,-42.0,68.0,10.0,3.3333332
4,127,-38.0,68.0,10.0,3.3333332
4,128,-34.0,68.0,10.0,3.3333332
4,129,-30.0,68.0,10.0,3.3333332
4,130,-26.0,68.0,10.0,3.3333332
4,131,-22.0,68.0,10.0,3.3333332
4,132,-18.5,68.0,10.0,3.3333332
4,133,-15.5,68.0,10.0,3.3333332
4,134,-12.5,68.0,10.0,3.3333332
4,135,-10.0,68.0,10.0,3.3333332
4,136,-8.0,68.0,10.0,3.3333332
4,137,-6.0,68.0,10.0,3.3333332
4,138,-4.0,68.0,10.0,3.3333332
4,139,-2.0,68.0,10.0,3.3333332
4,140,-0.0,68.0,10.0,3.3333332
4,141,2.0,68.0,10.0,3.3333332
4,142,4.5,68.0,10.0,3.3333332
4,143,8.0,68.0,10.0,4.137932
4,144,12.0,68.0,10.0,4.137932
4,145,16.0,68.0,10.0,5.454544
4,146,20.0,68.0,10.0,5.454544
4,147,24.0,68.0,10.0,5.454544
4,148,28.0,68.0,10.0,5.454544
4,149,36.0,68.0,10.0,5.454544
4,150,54.0,68.0,10.0,5.454544
4,151,86.0,68.0,10.0,5.454544
4,152,108.0,68.0,0.01,5.454544
4,153,-146.0,48.0,0.01,15.0
4,154,-136.0,48.0,10.0,15.0
4,155,-124.0,48.0,10.0,15.0
4,156,-118.0,48.0,10.0,15.0
4,157,-114.0,48.0,10.0,15.0
4,158,-110.0,48.0,10.0,15.0
4,159,-106.0,48.0,10.0,15.0
4,160,-102.5,48.0,10.0,15.0
4,161,-100.0,48.0,10.0,15.0
4,162,-98.0,48.0,10.0,15.0
4,163,-96.0,48.0,10.0,15.0
4,164,-93.5,48.0,10.0,15.0
4,165,-90.0,48.0,10.0,15.0
4,166,-86.0,48.0,10.0,15.0
4,167,-82.0,48.0,10.0,15.0
4,168,-78.0,48.0,10.0,15.0
4,169,-74.0,48.0,10.0,15.0
4,170,-70.0,48.0,10.0,15.0
4,171,-66.0,48.0,10.0,15.0
4,172,-62.0,48.0,10.0,15.0
4,173,-58.0,48.0,10.0,15.0
4,174,-54.0,48.0,10.0,15.0
4,175,-50.0,48.0,10.0,3.3333332
4,176,-46.0,48.0,10.0,3.3333332
4,177,-42.0,48.0,10.0,3.3333332
4,178,-38.0,48.0,10.0,3.3333332
4,179,-34.0,48.0,10.0,3.3333332
4,180,-30.0,48.0,10.0,3.3333332
4,181,-26.0,48.0,10.0,3.3333332
4,182,-22.0,48.0,10.0,3.3333332
4,183,-18.5,48.0,10.0,3.3333332
4,184,-15.5,48.0,10.0,3.3333332
4,185,-12.5,48.0,10.0,3.3333332
4,186,-10.0,48.0,10.0,3.3333332
4,187,-8.0,48.0,10.0,3.3333332
4,188,-6.0,48.0,10.0,3.3333332
4,189,-4.0,48.0,10.0,3.3333332
4,190,-2.0,48.0,10.0,3.3333332
4,191,-0.0,48.0,10.0,3.3333332
4,192,2.0,48.0,10.0,3.3333332
4,193,4.5,48.0,10.0,3.3333332
4,194,8.0,48.0,10.0,4.137932
4,195,12.0,48.0,10.0,4.137932
4,196,16.0,48.0,10.0,5.454544
4,197,20.0,48.0,10.0,5.454544
4,198,24.0,48.0,10.0,5.454544
4,199,28.0,48.0,10.0,5.454544
4,200,36.0,48.0,10.0,5.454544
4,201,54.0,48.0,10.0,5.454544
4,202,86.0,48.0,10.0,5.454544
4,203,108.0,48.0,0.01,5.454544
4,204,-146.0,34.0,0.01,15.0
4,205,-136.0,34.0,10.0,15.0
4,206,-124.0,34.0,10.0,15.0
4,207,-118.0,34.0,10.0,15.0
4,208,-114.0,34.0,10.0,15.0
4,209,-110.0,34.0,10.0,15.0
4,210,-106.0,34.0,10.0,15.0
4,211,-102.5,34.0,10.0,15.0
4,212,-100.0,34.0,10.0,15.0
4,213,-98.0,34.0,10.0,15.0
4,214,-96.0,34.0,10.0,15.0
4,215,-93.5,34.0,10.0,15.0
4,216,-90.0,34.0,10.0,15.0
4,217,-86.0,34.0,10.0,15.0
4,218,-82.0,34.0,10.0,15.0
4,219,-78.0,34.0,10.0,15.0
4,220,-74.0,34.0,10.0,15.0
4,221,-70.0,34.0,10.0,15.0
4,222,-66.0,34.0,10.0,15.0
4,223,-62.0,34.0,10.0,15.0
4,224,-58.0,34.0,10.0,15.0
4,225,-54.0,34.0,10.0,15.0
4,226,-50.0,34.0,10.0,3.3333332
4,227,-46.0,34.0,10.0,3.3333332
4,228,-42.0,34.0,10.0,3.3333332
4,229,-38.0,34.0,10.0,3.3333332
4,230,-34.0,34.0,10.0,3.3333332
4,231,-30.0,34.0,10.0,3.3333332
4,232,-26.0,34.0,10.0,3.3333332
4,233,-22.0,34.0,10.0,3.3333332
4,234,-18.5,34.0,10.0,3.3333332
4,235,-15.5,34.0,10.0,3.3333332
4,236,-12.5,34.0,10.0,3.3333332
4,237,-10.0,34.0,10.0,3.3333332
4,238,-8.0,34.0,10.0,3.3333332
4,239,-6.0,34.0,10.0,3.3333332
4,240,-4.0,34.0,10.0,3.3333332
4,241,-2.0,34.0,10.0,3.3333332
4,242,-0.0,34.0,10.0,3.3333332
4,243,2.0,34.0,10.0,3.3333332
4,244,4.5,34.0,10.0,3.3333332
4,245,8.0,34.0,10.0,4.137932
4,246,12.0,34.0,10.0,4.137932
4,247,16.0,34.0,10.0,5.454544
4,248,20.0,34.0,10.0,5.454544
4,249,24.0,34.0,10.0,5.454544
4,250,28.0,34.0,10.0,5.454544
4,251,36.0,34.0,10.0,5.454544
4,252,54.0,34.0,10.0,5.454544
4,253,86.0,34.0,10.0,5.454544
4,254,108.0,34.0,0.01,5.454544
4,255,-146.0,23.0,0.01,15.0
4,256,-136.0,23.0,10.0,15.0
4,257,-124.0,23.0,10.0,15.0
4,258,-118.0,23.0,10.0,15.0
4,259,-114.0,23.0,10.0,15.0
4,260,-110.0,23.0,10.0,15.0
4,261,-106.0,23.0,10.0,15.0
4,262,-102.5,23.0,10.0,15.0
4,263,-100.0,23.0,10.0,15.0
4,264,-98.0,23.0,10.0,15.0
4,265,-96.0,23.0,10.0,15.0
4,266,-93.5,23.0,10.0,15.0
4,267,-90.0,23.0,10.0,15.0
4,268,-86.0,23.0,10.0,15.0
4,269,-82.0,23.0,10.0,15.0
4,270,-78.0,23.0,10.0,15.0
4,271,-74.0,23.0,10.0,15.0
4,272,-70.0,23.0,10.0,15.0
4,273,-66.0,23.0,10.0,15.0
4,274,-62.0,23.0,10.0,15.0
4,275,-58.0,23.0,10.0,15.0
4,276,-54.0,23.0,10.0,15.0
4,277,-50.0,23.0,10.0,3.3333332
4,278,-46.0,23.0,10.0,3.3333332
4,279,-42.0,23.0,10.0,3.3333332
4,280,-38.0,23.0,10.0,3.3333332
4,281,-34.0,23.0,10.0,3.3333332
4,282,-30.0,23.0,10.0,3.3333332
4,283,-26.0,23.0,10.0,3.3333332
4,284,-22.0,23.0,10.0,3.3333332
4,285,-18.5,23.0,10.0,3.3333332
4,286,-15.5,23.0,10.0,3.3333332
4,287,-12.5,23.0,10.0,3.3333332
4,288,-10.0,23.0,10.0,3.3333332
4,289,-8.0,23.0,10.0,3.3333332
4,290,-6.0,23.0,10.0,3.3333332
4,291,-4.0,23.0,10.0,3.3333332
4,292,-2.0,23.0,10.0,3.3333332
4,293,-0.0,23.0,10.0,3.3333332
4,294,2.0,23.0,10.0,3.3333332
4,295,4.5,23.0,10.0,3.3333332
4,296,8.0,23.0,10.0,4.137932
4,297,12.0,23.0,10.0,4.137932
4,298,16.0,23.0,10.0,5.454544
4,299,20.0,23.0,10.0,5.454544
4,300,24.0,23.0,10.0,5.454544
4,301,28.0,23.0,10.0,5.454544
4,302,36.0,23.0,10.0,5.454544
4,303,54.0,23.0,10.0,5.454544
4,304,86.0,23.0,10.0,5.454544
4,305,108.0,23.0,0.01,5.454544
4,306,-146.0,15.0,0.01,15.0
4,307,-136.0,15.0,10.0,15.0
4,308,-124.0,15.0,10.0,15.0
4,309,-118.0,15.0,10.0,15.0
4,310,-114.0,15.0,10.0,15.0
4,311,-110.0,15.0,10.0,15.0
4,312,-106.0,15.0,10.0,15.0
4,313,-102.5,15.0,10.0,15.0
4,314,-100.0,15.0,10.0,15.0
4,315,-98.0,15.0,10.0,15.0
4,316,-96.0,15.0,10.0,15.0
4,317,-93.5,15.0,10.0,15.0
4,318,-90.0,15.0,10.0,15.0
4,319,-86.0,15.0,10.0,15.0
4,320,-82.0,15.0,10.0,15.0
4,321,-78.0,15.0,10.0,15.0
4,322,-74.0,15.0,10.0,15.0
4,323,-70.0,15.0,10.0,15.0
4,324,-66.0,15.0,10.0,15.0
4,325,-62.0,15.0,10.0,15.0
4,326,-58.0,15.0,10.0,15.0
4,327,-54.0,15.0,10.0,15.0
4,328,-50.0,15.0,10.0,3.3333332
4,329,-46.0,15.0,10.0,3.3333332
4,330,-42.0,15.0,10.0,3.3333332
4,331,-38.0,15.0,10.0,3.3333332
4,332,-34.0,15.0,10.0,3.3333332
4,333,-30.0,15.0,10.0,3.3333332
4,334,-26.0,15.0,10.0,3.3333332
4,335,-22.0,15.0,10.0,3.3333332
4,336,-18.5,15.0,10.0,3.3333332
4,337,-15.5,15.0,10.0,3.3333332
4,338,-12.5,15.0,10.0,3.3333332
4,339,-10.0,15.0,10.0,3.3333332
4,340,-8.0,15.0,10.0,3.3333332
4,341,-6.0,15.0,10.0,3.3333332
4,342,-4.0,15.0,10.0,3.3333332
4,343,-2.0,15.0,10.0,3.3333332
4,344,-0.0,15.0,10.0,3.3333332
4,345,2.0,15.0,10.0,3.3333332
4,346,4.5,15.0,10.0,3.3333332
4,347,8.0,15.0,10.0,4.137932
4,348,12.0,15.0,10.0,4.137932
4,349,16.0,15.0,10.0,5.454544
4,350,20.0,15.0,10.0,5.454544
4,351,24.0,15.0,10.0,5.454544
4,352,28.0,15.0,10.0,5.454544
4,353,36.0,15.0,10.0,5.454544
4,354,54.0,15.0,10.0,5.454544
4,355,86.0,15.0,10.0,5.454544
4,356,108.0,15.0,0.01,5.454544
4,357,-146.0,10.0,0.01,15.0
4,358,-136.0,10.0,10.0,15.0
4,359,-124.0,10.0,10.0,15.0
4,360,-118.0,10.0,10.0,15.0
4,361,-114.0,10.0,10.0,15.0
4,362,-110.0,10.0,10.0,15.0
4,363,-106.0,10.0,10.0,15.0
4,364,-102.5,10.0,10.0,15.0
4,365,-100.0,10.0,10.0,15.0
4,366,-98.0,10.0,10.0,15.0
4,367,-96.0,10.0,10.0,15.0
4,368,-93.5,10.0,10.0,15.0
4,369,-90.0,10.0,10.0,15.0
4,370,-86.0,10.0,10.0,15.0
4,371,-82.0,10.0,10.0,15.0
4,372,-78.0,10.0,10.0,15.0
4,373,-74.0,10.0,10.0,15.0
4,374,-70.0,10.0,10.0,15.0
4,375,-66.0,10.0,10.0,15.0
4,376,-62.0,10.0,10.0,15.0
4,377,-58.0,10.0,10.0,15.0
4,378,-54.0,10.0,10.0,15.0
4,379,-50.0,10.0,10.0,3.3333332
4,380,-46.0,10.0,10.0,3.3333332
4,381,-42.0,10.0,10.0,3.3333332
4,382,-38.0,10.0,10.0,3.3333332
4,383,-34.0,10.0,10.0,3.3333332
4,384,-30.0,10.0,10.0,3.3333332
4,385,-26.0,10.0,10.0,3.3333332
4,386,-22.0,10.0,10.0,3.3333332
4,387,-18.5,10.0,10.0,3.3333332
4,388,-15.5,10.0,10.0,3.3333332
4,389,-12.5,10.0,10.0,3.3333332
4,390,-10.0,10.0,10.0,3.3333332
4,391,-8.0,10.0,10.0,3.3333332
4,392,-6.0,10.0,10.0,3.3333332
4,393,-4.0,10.0,10.0,3.3333332
4,394,-2.0,10.0,10.0,3.3333332
4,395,-0.0,10.0,10.0,3.3333332
4,396,2.0,10.0,10.0,3.3333332
4,397,4.5,10.0,10.0,3.3333332
4,398,8.0,10.0,10.0,4.137932
4,399,12.0,10.0,10.0,4.137932
4,400,16.0,10.0,10.0,5.454544
4,401,20.0,10.0,10.0,5.454544
4,402,24.0,10.0,10.0,5.454544
4,403,28.0,10.0,10.0,5.454544
4,404,36.0,10.0,10.0,5.454544
4,405,54.0,10.0,10.0,5.454544
4,406,86.0,10.0,10.0,5.454544
4,407,108.0,10.0,0.01,5.454544
4,408,-146.0,6.0,0.01,15.0
4,409,-136.0,6.0,10.0,15.0
4,410,-124.0,6.0,10.0,15.0
4,411,-118.0,6.0,10.0,15.0
4,412,-114.0,6.0,10.0,15.0
4,413,-110.0,6.0,10.0,15.0
4,414,-106.0,6.0,10.0,15.0
4,415,-102.5,6.0,10.0,15.0
4,416,-100.0,6.0,10.0,15.0
4,417,-98.0,6.0,10.0,15.0
4,418,-96.0,6.0,10.0,15.0
4,419,-93.5,6.0,10.0,15.0
4,420,-90.0,6.0,10.0,15.0
4,421,-86.0,6.0,10.0,15.0
4,422,-82.0,6.0,10.0,15.0
4,423,-78.0,6.0,10.0,15.0
4,424,-74.0,6.0,10.0,15.0
4,425,-70.0,6.0,10.0,15.0
4,426,-66.0,6.0,10.0,15.0
4,427,-62.0,6.0,10.0,15.0
4,428,-58.0,6.0,10.0,15.0
4,429,-54.0,6.0,10.0,15.0
4,430,-50.0,6.0,10.0,3.3333332
4,431,-46.0,6.0,10.0,3.3333332
4,432,-42.0,6.0,10.0,3.3333332
4,433,-38.0,6.0,10.0,3.3333332
4,434,-34.0,6.0,10.0,3.3333332
4,435,-30.0,6.0,10.0,3.3333332
4,436,-26.0,6.0,10.0,3.3333332
4,437,-22.0,6.0,10.0,3.3333332
4,438,-18.5,6.0,10.0,3.3333332
4,439,-15.5,6.0,10.0,3.3333332
4,440,-12.5,6.0,10.0,3.3333332
4,441,-10.0,6.0,10.0,3.3333332
4,442,-8.0,6.0,10.0,3.3333332
4,443,-6.0,6.0,10.0,3.3333332
4,444,-4.0,6.0,10.0,3.3333332
4,445,-2.0,6.0,10.0,3.3333332
4,446,-0.0,6.0,10.0,3.3333332
4,447,2.0,6.0,10.0,3.3333332
4,448,4.5,6.0,10.0,3.3333332
4,449,8.0,6.0,10.0,4.137932
4,450,12.0,6.0,10.0,4.137932
4,451,16.0,6.0,10.0,5.454544
4,452,20.0,6.0,10.0,5.454544
4,453,24.0,6.0,10.0,5.454544
4,454,28.0,6.0,10.0,5.454544
4,455,36.0,6.0,10.0,5.454544
4,456,54.0,6.0,10.0,5.454544
4,457,86.0,6.0,10.0,5.454544
4,458,108.0,6.0,0.01,5.454544
4,459,-146.0,2.0,0.01,15.0
4,460,-136.0,2.0,10.0,15.0
4,461,-124.0,2.0,10.0,15.0
4,462,-118.0,2.0,10.0,15.0
4,463,-114.0,2.0,10.0,15.0
4,464,-110.0,2.0,10.0,15.0
4,465,-106.0,2.0,10.0,15.0
4,466,-102.5,2.0,10.0,15.0
4,467,-100.0,2.0,10.0,15.0
4,468,-98.0,2.0,10.0,15.0
4,469,-96.0,2.0,10.0,15.0
4,470,-93.5,2.0,10.0,15.0
4,471,-90.0,2.0,10.0,15.0
4,472,-86.0,2.0,10.0,15.0
4,473,-82.0,2.0,10.0,15.0
4,474,-78.0,2.0,10.0,15.0
4,475,-74.0,2.0,10.0,15.0
4,476,-70.0,2.0,10.0,15.0
4,477,-66.0,2.0,10.0,15.0
4,478,-62.0,2.0,10.0,15.0
4,479,-58.0,2.0,10.0,15.0
4,480,-54.0,2.0,10.0,15.0
4,481,-50.0,2.0,10.0,3.3333332
4,482,-46.0,2.0,10.0,3.3333332
4,483,-42.0,2.0,10.0,3.3333332
4,484,-38.0,2.0,10.0,3.3333332
4,485,-34.0,2.0,10.0,3.3333332
4,486,-30.0,2.0,10.0,3.3333332
4,487,-26.0,2.0,10.0,3.3333332
4,488,-22.0,2.0,10.0,3.3333332
4,489,-18.5,2.0,10.0,3.3333332
4,490,-15.5,2.0,10.0,3.3333332
4,491,-12.5,2.0,10.0,3.3333332
4,492,-10.0,2.0,10.0,3.3333332
4,493,-8.0,2.0,10.0,3.3333332
4,494,-6.0,2.0,10.0,3.3333332
4,495,-4.0,2.0,10.0,3.3333332
4,496,-2.0,2.0,10.0,3.3333332
4,497,-0.0,2.0,10.0,18.18182
4,498,2.0,2.0,10.0,3.3333332
4,499,4.5,2.0,10.0,3.3333332
4,500,8.0,2.0,10.0,4.137932
4,501,12.0,2.0,10.0,4.137932
4,502,16.0,2.0,10.0,5.454544
4,503,20.0,2.0,10.0,5.454544
4,504,24.0,2.0,10.0,5.454544
4,505,28.0,2.0,10.0,5.454544
4,506,36.0,2.0,10.0,5.454544
4,507,54.0,2.0,10.0,5.454544
4,508,86.0,2.0,10.0,5.454544
4,509,108.0,2.0,0.01,5.454544
5,0,-146.0,122.0,0.01,12.5
5,1,-136.0,122.0,10.0,12.5
5,2,-124.0,122.0,10.0,12.5
5,3,-118.0,122.0,10.0,12.5
5,4,-114.0,122.0,10.0,12.5
5,5,-110.0,122.0,10.0,12.5
5,6,-106.0,122.0,10.0,12.5
5,7,-102.5,122.0,10.0,12.5
5,8,-100.0,122.0,10.0,12.5
5,9,-98.0,122.0,10.0,12.5
5,10,-96.0,122.0,10.0,12.5
5,11,-93.5,122.0,10.0,12.5
5,12,-90.0,122.0,10.0,12.5
5,13,-86.0,122.0,10.0,12.5
5,14,-82.0,122.0,10.0,12.5
5,15,-78.0,122.0,10.0,12.5
5,16,-74.0,122.0,10.0,12.5
5,17,-70.0,122.0,10.0,12.5
5,18,-66.0,122.0,10.0,12.5
5,19,-62.0,122.0,10.0,12.5
5,20,-58.0,122.0,10.0,12.5
5,21,-54.0,122.0,10.0,12.5
5,22,-50.0,122.0,6.25,0.00249975
5,23,-46.0,122.0,6.25,0.00249975
5,24,-42.0,122.0,6.25,0.00249975
5,25,-38.0,122.0,6.25,0.00249975
5,26,-34.0,122.0,6.25,0.00249975
5,27,-30.0,122.0,6.25,0.00249975
5,28,-26.0,122.0,6.25,0.00249975
5,29,-22.0,122.0,6.25,0.00249975
5,30,-18.5,122.0,6.25,0.00249975
5,31,-15.5,122.0,6.25,0.00249975
5,32,-12.5,122.0,6.25,0.00249975
5,33,-10.0,122.0,6.25,0.00249975
5,34,-8.0,122.0,6.25,0.00249975
5,35,-6.0,122.0,6.25,0.00249975
5,36,-4.0,122.0,6.25,0.00249975
5,37,-2.0,122.0,6.25,0.00249975
5,38,-0.0,122.0,6.25,0.00249975
5,39,2.0,122.0,6.25,0.00249975
5,40,4.5,122.0,6.25,0.00249975
5,41,8.0,122.0,6.25,0.0029996
5,42,12.0,122.0,6.25,0.0029996
5,43,16.0,122.0,6.25,0.0039992
5,44,20.0,122.0,6.25,0.0039992
5,45,24.0,122.0,6.25,0.0039992
5,46,28.0,122.0,6.25,0.0039992
5,47,36.0,122.0,6.25,0.0039992
5,48,54.0,122.0,6.25,0.0039992
5,49,86.0,122.0,6.25,0.0039992
5,50,108.0,122.0,0.01,0.0039992
5,51,-146.0,100.0,0.01,15.0
5,52,-136.0,100.0,10.0,15.0
5,53,-124.0,100.0,10.0,15.0
5,54,-118.0,100.0,10.0,15.0
5,55,-114.0,100.0,10.0,15.0
5,56,-110.0,100.0,10.0,15.0
5,57,-106.0,100.0,10.0,15.0
5,58,-102.5,100.0,10.0,15.0
5,59,-100.0,100.0,10.0,15.0
5,60,-98.0,100.0,10.0,15.0
5,61,-96.0,100.0,10.0,15.0
5,62,-93.5,100.0,10.0,15.0
5,63,-90.0,100.0,10.0,15.0
5,64,-86.0,100.0,10.0,15.0
5,65,-82.0,100.0,10.0,15.0
5,66,-78.0,100.0,10.0,15.0
5,67,-74.0,100.0,10.0,15.0
5,68,-70.0,100.0,10.0,15.0
5,69,-66.0,100.0,10.0,15.0
5,70,-62.0,100.0,10.0,15.0
5,71,-58.0,100.0,10.0,15.0
5,72,-54.0,100.0,10.0,15.0
5,73,-50.0,100.0,6.25,2.27272725
5,74,-46.0,100.0,6.25,2.27272725
5,75,-42.0,100.0,6.25,2.27272725
5,76,-38.0,100.0,6.25,2.27272725
5,77,-34.0,100.0,6.25,2.27272725
5,78,-30.0,100.0,6.25,2.27272725
5,79,-26.0,100.0,6.25,2.27272725
5,80,-22.0,100.0,6.25,2.27272725
5,81,-18.5,100.0,6.25,2.27272725
5,82,-15.5,100.0,6.25,2.27272725
5,83,-12.5,100.0,6.25,2.27272725
5,84,-10.0,100.0,6.25,2.27272725
5,85,-8.0,100.0,6.25,2.27272725
5,86,-6.0,100.0,6.25,2.27272725
5,87,-4.0,100.0,6.25,2.27272725
5,88,-2.0,100.0,6.25,2.27272725
5,89,-0.0,100.0,6.25,2.27272725
5,90,2.0,100.0,6.25,2.27272725
5,91,4.5,100.0,6.25,2.27272725
5,92,8.0,100.0,6.25,2.64705975
5,93,12.0,100.0,6.25,2.64705975
5,94,16.0,100.0,6.25,3.333334
5,95,20.0,100.0,6.25,3.333334
5,96,24.0,100.0,6.25,3.333334
5,97,28.0,100.0,6.25,3.333334
5,98,36.0,100.0,6.25,3.333334
5,99,54.0,100.0,6.25,3.333334
5,100,86.0,100.0,6.25,3.333334
5,101,108.0,100.0,0.01,3.333334
5,102,-146.0,68.0,0.01,15.0
5,103,-136.0,68.0,10.0,15.0
5,104,-124.0,68.0,10.0,15.0
5,105,-118.0,68.0,10.0,15.0
5,106,-114.0,68.0,10.0,15.0
5,107,-110.0,68.0,10.0,15.0
5,108,-106.0,68.0,10.0,15.0
5,109,-102.5,68.0,10.0,15.0
5,110,-100.0,68.0,10.0,15.0
5,111,-98.0,68.0,10.0,15.0
5,112,-96.0,68.0,10.0,15.0
5,113,-93.5,68.0,10.0,15.0
5,114,-90.0,68.0,10.0,15.0
5,115,-86.0,68.0,10.0,15.0
5,116,-82.0,68.0,10.0,15.0
5,117,-78.0,68.0,10.0,15.0
5,118,-74.0,68.0,10.0,15.0
5,119,-70.0,68.0,10.0,15.0
5,120,-66.0,68.0,10.0,15.0
5,121,-62.0,68.0,10.0,15.0
5,122,-58.0,68.0,10.0,15.0
5,123,-54.0,68.0,10.0,15.0
5,124,-50.0,68.0,6.25,2.27272725
5,125,-46.0,68.0,6.25,2.27272725
5,126,-42.0,68.0,6.25,2.27272725
5,127,-38.0,68.0,6.25,2.27272725
5,128,-34.0,68.0,6.25,2.27272725
5,129,-30.0,68.0,6.25,2.27272725
5,130,-26.0,68.0,6.25,2.27272725
5,131,-22.0,68.0,6.25,2.27272725
5,132,-18.5,68.0,6.25,2.27272725
5,133,-15.5,68.0,6.25,2.27272725
5,134,-12.5,68.0,6.25,2.27272725
5,135,-10.0,68.0,6.25,2.27272725
5,136,-8.0,68.0,6.25,2.27272725
5,137,-6.0,68.0,6.25,2.27272725
5,138,-4.0,68.0,6.25,2.27272725
5,139,-2.0,68.0,6.25,2.27272725
5,140,-0.0,68.0,6.25,2.27272725
5,141,2.0,68.0,6.25,2.27272725
5,142,4.5,68.0,6.25,2.27272725
5,143,8.0,68.0,6.25,2.64705975
5,144,12.0,68.0,6.25,2.64705975
5,145,16.0,68.0,6.25,3.333334
5,146,20.0,68.0,6.25,3.333334
5,147,24.0,68.0,6.25,3.333334
5,148,28.0,68.0,6.25,3.333334
5,149,36.0,68.0,6.25,3.333334
5,150,54.0,68.0,6.25,3.333334
5,151,86.0,68.0,6.25,3.333334
5,152,108.0,68.0,0.01,3.333334
5,153,-146.0,48.0,0.01,15.0
5,154,-136.0,48.0,10.0,15.0
5,155,-124.0,48.0,10.0,15.0
5,156,-118.0,48.0,10.0,15.0
5,157,-114.0,48.0,10.0,15.0
5,158,-110.0,48.0,10.0,15.0
5,159,-106.0,48.0,10.0,15.0
5,160,-102.5,48.0,10.0,15.0
5,161,-100.0,48.0,10.0,15.0
5,162,-98.0,48.0,10.0,15.0
5,163,-96.0,48.0,10.0,15.0
5,164,-93.5,48.0,10.0,15.0
5,165,-90.0,48.0,10.0,15.0
5,166,-86.0,48.0,10.0,15.0
5,167,-82.0,48.0,10.0,15.0
5,168,-78.0,48.0,10.0,15.0
5,169,-74.0,48.0,10.0,15.0
5,170,-70.0,48.0,10.0,15.0
5,171,-66.0,48.0,10.0,15.0
5,172,-62.0,48.0,10.0,15.0
5,173,-58.0,48.0,10.0,15.0
5,174,-54.0,48.0,10.0,15.0
5,175,-50.0,48.0,6.25,2.27272725
5,176,-46.0,48.0,6.25,2.27272725
5,177,-42.0,48.0,6.25,2.27272725
5,178,-38.0,48.0,6.25,2.27272725
5,179,-34.0,48.0,6.25,2.27272725
5,180,-30.0,48.0,6.25,2.27272725
5,181,-26.0,48.0,6.25,2.27272725
5,182,-22.0,48.0,6.25,2.27272725
5,183,-18.5,48.0,6.25,2.27272725
5,184,-15.5,48.0,6.25,2.27272725
5,185,-12.5,48.0,6.25,2.27272725
5,186,-10.0,48.0,6.25,2.27272725
5,187,-8.0,48.0,6.25,2.27272725
5,188,-6.0,48.0,6.25,2.27272725
5,189,-4.0,48.0,6.25,2.27272725
5,190,-2.0,48.0,6.25,2.27272725
5,191,-0.0,48.0,6.25,2.27272725
5,192,2.0,48.0,6.25,2.27272725
5,193,4.5,48.0,6.25,2.27272725
5,194,8.0,48.0,6.25,2.64705975
5,195,12.0,48.0,6.25,2.64705975
5,196,16.0,48.0,6.25,3.333334
5,197,20.0,48.0,6.25,3.333334
5,198,24.0,48.0,6.25,3.333334
5,199,28.0,48.0,6.25,3.333334
5,200,36.0,48.0,6.25,3.333334
5,201,54.0,48.0,6.25,3.333334
5,202,86.0,48.0,6.25,3.333334
5,203,108.0,48.0,0.01,3.333334
5,204,-146.0,34.0,0.01,15.0
5,205,-136.0,34.0,10.0,15.0
5,206,-124.0,34.0,10.0,15.0
5,207,-118.0,34.0,10.0,15.0
5,208,-114.0,34.0,10.0,15.0
5,209,-110.0,34.0,10.0,15.0
5,210,-106.0,34.0,10.0,15.0
5,211,-102.5,34.0,10.0,15.0
5,212,-100.0,34.0,10.0,15.0
5,213,-98.0,34.0,10.0,15.0
5,214,-96.0,34.0,10.0,15.0
5,215,-93.5,34.0,10.0,15.0
5,216,-90.0,34.0,10.0,15.0
5,217,-86.0,34.0,10.0,15.0
5,218,-82.0,34.0,10.0,15.0
5,219,-78.0,34.0,10.0,15.0
5,220,-74.0,34.0,10.0,15.0
5,221,-70.0,34.0,10.0,15.0
5,222,-66.0,34.0,10.0,15.0
5,223,-62.0,34.0,10.0,15.0
5,224,-58.0,34.0,10.0,15.0
5,225,-54.0,34.0,10.0,15.0
5,226,-50.0,34.0,6.25,2.27272725
5,227,-46.0,34.0,6.25,2.27272725
5,228,-42.0,34.0,6.25,2.27272725
5,229,-38.0,34.0,6.25,2.27272725
5,230,-34.0,34.0,6.25,2.27272725
5,231,-30.0,34.0,6.25,2.27272725
5,232,-26.0,34.0,6.25,2.27272725
5,233,-22.0,34.0,6.25,2.27272725
5,234,-18.5,34.0,6.25,2.27272725
5,235,-15.5,34.0,6.25,2.27272725
5,236,-12.5,34.0,6.25,2.27272725
5,237,-10.0,34.0,6.25,2.27272725
5,238,-8.0,34.0,6.25,2.27272725
5,239,-6.0,34.0,6.25,2.27272725
5,240,-4.0,34.0,6.25,2.27272725
5,241,-2.0,34.0,6.25,2.27272725
5,242,-0.0,34.0,6.25,2.27272725
5,243,2.0,34.0,6.25,2.27272725
5,244,4.5,34.0,6.25,2.27272725
5,245,8.0,34.0,6.25,2.64705975
5,246,12.0,34.0,6.25,2.64705975
5,247,16.0,34.0,6.25,3.333334
5,248,20.0,34.0,6.25,3.333334
5,249,24.0,34.0,6.25,3.333334
5,250,28.0,34.0,6.25,3.333334
5,251,36.0,34.0,6.25,3.333334
5,252,54.0,34.0,6.25,3.333334
5,253,86.0,34.0,6.25,3.333334
5,254,108.0,34.0,0.01,3.333334
5,255,-146.0,23.0,0.01,15.0
5,256,-136.0,23.0,10.0,15.0
5,257,-124.0,23.0,10.0,15.0
5,258,-118.0,23.0,10.0,15.0
5,259,-114.0,23.0,10.0,15.0
5,260,-110.0,23.0,10.0,15.0
5,261,-106.0,23.0,10.0,15.0
5,262,-102.5,23.0,10.0,15.0
5,263,-100.0,23.0,10.0,15.0
5,264,-98.0,23.0,10.0,15.0
5,265,-96.0,23.0,10.0,15.0
5,266,-93.5,23.0,10.0,15.0
5,267,-90.0,23.0,10.0,15.0
5,268,-86.0,23.0,10.0,15.0
5,269,-82.0,23.0,10.0,15.0
5,270,-78.0,23.0,10.0,15.0
5,271,-74.0,23.0,10.0,15.0
5,272,-70.0,23.0,10.0,15.0
5,273,-66.0,23.0,10.0,15.0
5,274,-62.0,23.0,10.0,15.0
5,275,-58.0,23.0,10.0,15.0
5,276,-54.0,23.0,10.0,15.0
5,277,-50.0,23.0,6.25,2.27272725
5,278,-46.0,23.0,6.25,2.27272725
5,279,-42.0,23.0,6.25,2.27272725
5,280,-38.0,23.0,6.25,2.27272725
5,281,-34.0,23.0,6.25,2.27272725
5,282,-30.0,23.0,6.25,2.27272725
5,283,-26.0,23.0,6.25,2.27272725
5,284,-22.0,23.0,6.25,2.27272725
5,285,-18.5,23.0,6.25,2.27272725
5,286,-15.5,23.0,6.25,2.27272725
5,287,-12.5,23.0,6.25,2.27272725
5,288,-10.0,23.0,6.25,2.27272725
5,289,-8.0,23.0,6.25,2.27272725
5,290,-6.0,23.0,6.25,2.27272725
5,291,-4.0,23.0,6.25,2.27272725
5,292,-2.0,23.0,6.25,2.27272725
5,293,-0.0,23.0,6.25,2.27272725
5,294,2.0,23.0,6.25,2.27272725
5,295,4.5,23.0,6.25,2.27272725
5,296,8.0,23.0,6.25,2.64705975
5,297,12.0,23.0,6.25,2.64705975
5,298,16.0,23.0,6.25,3.333334
5,299,20.0,23.0,6.25,3.333334
5,300,24.0,23.0,6.25,3.333334
5,301,28.0,23.0,6.25,3.333334
5,302,36.0,23.0,6.25,3.333334
5,303,54.0,23.0,6.25,3.333334
5,304,86.0,23.0,6.25,3.333334
5,305,108.0,23.0,0.01,3.333334
5,306,-146.0,15.0,0.01,15.0
5,307,-136.0,15.0,10.0,15.0
5,308,-124.0,15.0,10.0,15.0
5,309,-118.0,15.0,10.0,15.0
5,310,-114.0,15.0,10.0,15.0
5,311,-110.0,15.0,10.0,15.0
5,312,-106.0,15.0,10.0,15.0
5,313,-102.5,15.0,10.0,15.0
5,314,-100.0,15.0,10.0,15.0
5,315,-98.0,15.0,10.0,15.0
5,316,-96.0,15.0,10.0,15.0
5,317,-93.5,15.0,10.0,15.0
5,318,-90.0,15.0,10.0,15.0
5,319,-86.0,15.0,10.0,15.0
5,320,-82.0,15.0,10.0,15.0
5,321,-78.0,15.0,10.0,15.0
5,322,-74.0,15.0,10.0,15.0
5,323,-70.0,15.0,10.0,15.0
5,324,-66.0,15.0,10.0,15.0
5,325,-62.0,15.0,10.0,15.0
5,326,-58.0,15.0,10.0,15.0
5,327,-54.0,15.0,10.0,15.0
5,328,-50.0,15.0,6.25,2.27272725
5,329,-46.0,15.0,6.25,2.27272725
5,330,-42.0,15.0,6.25,2.27272725
5,331,-38.0,15.0,6.25,2.27272725
5,332,-34.0,15.0,6.25,2.27272725
5,333,-30.0,15.0,6.25,2.27272725
5,334,-26.0,15.0,6.25,2.27272725
5,335,-22.0,15.0,6.25,2.27272725
5,336,-18.5,15.0,6.25,2.27272725
5,337,-15.5,15.0,6.25,2.27272725
5,338,-12.5,15.0,6.25,2.27272725
5,339,-10.0,15.0,6.25,2.27272725
5,340,-8.0,15.0,6.25,2.27272725
5,341,-6.0,15.0,6.25,2.27272725
5,342,-4.0,15.0,6.25,2.27272725
5,343,-2.0,15.0,6.25,2.27272725
5,344,-0.0,15.0,6.25,2.27272725
5,345,2.0,15.0,6.25,2.27272725
5,346,4.5,15.0,6.25,2.27272725
5,347,8.0,15.0,6.25,2.64705975
5,348,12.0,15.0,6.25,2.64705975
5,349,16.0,15.0,6.25,3.333334
5,350,20.0,15.0,6.25,3.333334
5,351,24.0,15.0,6.25,3.333334
5,352,28.0,15.0,6.25,3.333334
5,353,36.0,15.0,6.25,3.333334
5,354,54.0,15.0,6.25,3.333334
5,355,86.0,15.0,6.25,3.333334
5,356,108.0,15.0,0.01,3.333334
5,357,-146.0,10.0,0.01,15.0
5,358,-136.0,10.0,10.0,15.0
5,359,-124.0,10.0,10.0,15.0
5,360,-118.0,10.0,10.0,15.0
5,361,-114.0,10.0,10.0,15.0
5,362,-110.0,10.0,10.0,15.0
5,363,-106.0,10.0,10.0,15.0
5,364,-102.5,10.0,10.0,15.0
5,365,-100.0,10.0,10.0,15.0
5,366,-98.0,10.0,10.0,15.0
5,367,-96.0,10.0,10.0,15.0
5,368,-93.5,10.0,10.0,15.0
5,369,-90.0,10.0,10.0,15.0
5,370,-86.0,10.0,10.0,15.0
5,371,-82.0,10.0,10.0,15.0
5,372,-78.0,10.0,10.0,15.0
5,373,-74.0,10.0,10.0,15.0
5,374,-70.0,10.0,10.0,15.0
5,375,-66.0,10.0,10.0,15.0
5,376,-62.0,10.0,10.0,15.0
5,377,-58.0,10.0,10.0,15.0
5,378,-54.0,10.0,10.0,15.0
5,379,-50.0,10.0,6.25,2.27272725
5,380,-46.0,10.0,6.25,2.27272725
5,381,-42.0,10.0,6.25,2.27272725
5,382,-38.0,10.0,6.25,2.27272725
5,383,-34.0,10.0,6.25,2.27272725
5,384,-30.0,10.0,6.25,2.27272725
5,385,-26.0,10.0,6.25,2.27272725
5,386,-22.0,10.0,6.25,2.27272725
5,387,-18.5,10.0,6.25,2.27272725
5,388,-15.5,10.0,6.25,2.27272725
5,389,-12.5,10.0,6.25,2.27272725
5,390,-10.0,10.0,6.25,2.27272725
5,391,-8.0,10.0,6.25,2.27272725
5,392,-6.0,10.0,6.25,2.27272725
5,393,-4.0,10.0,6.25,2.27272725
5,394,-2.0,10.0,6.25,2.27272725
5,395,-0.0,10.0,6.25,2.27272725
5,396,2.0,10.0,6.25,2.27272725
5,397,4.5,10.0,6.25,2.27272725
5,398,8.0,10.0,6.25,2.64705975
5,399,12.0,10.0,6.25,2.64705975
5,400,16.0,10.0,6.25,3.333334
5,401,20.0,10.0,6.25,3.333334
5,402,24.0,10.0,6.25,3.333334
5,403,28.0,10.0,6.25,3.333334
5,404,36.0,10.0,6.25,3.333334
5,405,54.0,10.0,6.25,3.333334
5,406,86.0,10.0,6.25,3.333334
5,407,108.0,10.0,0.01,3.333334
5,408,-146.0,6.0,0.01,15.0
5,409,-136.0,6.0,10.0,15.0
5,410,-124.0,6.0,10.0,15.0
5,411,-118.0,6.0,10.0,15.0
5,412,-114.0,6.0,10.0,15.0
5,413,-110.0,6.0,10.0,15.0
5,414,-106.0,6.0,10.0,15.0
5,415,-102.5,6.0,10.0,15.0
5,416,-100.0,6.0,10.0,15.0
5,417,-98.0,6.0,10.0,15.0
5,418,-96.0,6.0,10.0,15.0
5,419,-93.5,6.0,10.0,15.0
5,420,-90.0,6.0,10.0,15.0
5,421,-86.0,6.0,10.0,15.0
5,422,-82.0,6.0,10.0,15.0
5,423,-78.0,6.0,10.0,15.0
5,424,-74.0,6.0,10.0,15.0
5,425,-70.0,6.0,10.0,15.0
5,426,-66.0,6.0,10.0,15.0
5,427,-62.0,6.0,10.0,15.0
5,428,-58.0,6.0,10.0,15.0
5,429,-54.0,6.0,10.0,15.0
5,430,-50.0,6.0,6.25,2.27272725
5,431,-46.0,6.0,6.25,2.27272725
5,432,-42.0,6.0,6.25,2.27272725
5,433,-38.0,6.0,6.25,2.27272725
5,434,-34.0,6.0,6.25,2.27272725
5,435,-30.0,6.0,6.25,2.27272725
5,436,-26.0,6.0,6.25,2.27272725
5,437,-22.0,6.0,6.25,2.27272725
5,438,-18.5,6.0,6.25,2.27272725
5,439,-15.5,6.0,6.25,2.27272725
5,440,-12.5,6.0,6.25,2.27272725
5,441,-10.0,6.0,6.25,2.27272725
5,442,-8.0,6.0,6.25,2.27272725
5,443,-6.0,6.0,6.25,2.27272725
5,444,-4.0,6.0,6.25,2.27272725
5,445,-2.0,6.0,6.25,2.27272725
5,446,-0.0,6.0,6.25,2.27272725
5,447,2.0,6.0,6.25,2.27272725
5,448,4.5,6.0,6.25,2.27272725
5,449,8.0,6.0,6.25,2.64705975
5,450,12.0,6.0,6.25,2.64705975
5,451,16.0,6.0,6.25,3.333334
5,452,20.0,6.0,6.25,3.333334
5,453,24.0,6.0,6.25,3.333334
5,454,28.0,6.0,6.25,3.333334
5,455,36.0,6.0,6.25,3.333334
5,456,54.0,6.0,6.25,3.333334
5,457,86.0,6.0,6.25,3.333334
5,458,108.0,6.0,0.01,3.333334
5,459,-146.0,2.0,0.01,15.0
5,460,-136.0,2.0,10.0,15.0
5,461,-124.0,2.0,10.0,15.0
5,462,-118.0,2.0,10.0,15.0
5,463,-114.0,2.0,10.0,15.0
5,464,-110.0,2.0,10.0,15.0
5,465,-106.0,2.0,10.0,15.0
5,466,-102.5,2.0,10.0,15.0
5,467,-100.0,2.0,10.0,15.0
5,468,-98.0,2.0,10.0,15.0
5,469,-96.0,2.0,10.0,15.0
5,470,-93.5,2.0,10.0,15.0
5,471,-90.0,2.0,10.0,15.0
5,472,-86.0,2.0,10.0,15.0
5,473,-82.0,2.0,10.0,15.0
5,474,-78.0,2.0,10.0,15.0
5,475,-74.0,2.0,10.0,15.0
5,476,-70.0,2.0,10.0,15.0
5,477,-66.0,2.0,10.0,15.0
5,478,-62.0,2.0,10.0,15.0
5,479,-58.0,2.0,10.0,15.0
5,480,-54.0,2.0,10.0,15.0
5,481,-50.0,2.0,6.25,2.27272725
5,482,-46.0,2.0,6.25,2.27272725
5,483,-42.0,2.0,6.25,2.27272725
5,484,-38.0,2.0,6.25,2.27272725
5,485,-34.0,2.0,6.25,2.27272725
5,486,-30.0,2.0,6.25,2.27272725
5,487,-26.0,2.0,6.25,2.27272725
5,488,-22.0,2.0,6.25,2.27272725
5,489,-18.5,2.0,6.25,2.27272725
5,490,-15.5,2.0,6.25,2.27272725
5,491,-12.5,2.0,6.25,2.27272725
5,492,-10.0,2.0,6.25,2.27272725
5,493,-8.0,2.0,6.25,2.27272725
5,494,-6.0,2.0,6.25,2.27272725
5,495,-4.0,2.0,6.25,2.27272725
5,496,-2.0,2.0,6.25,2.27272725
5,497,-0.0,2.0,6.25,20.8333325
5,498,2.0,2.0,6.25,2.27272725
5,499,4.5,2.0,6.25,2.27272725
5,500,8.0,2.0,6.25,2.64705975
5,501,12.0,2.0,6.25,2.64705975
5,502,16.0,2.0,6.25,3.333334
5,503,20.0,2.0,6.25,3.333334
5,504,24.0,2.0,6.25,3.333334
5,505,28.0,2.0,6.25,3.333334
5,506,36.0,2.0,6.25,3.333334
5,507,54.0,2.0,6.25,3.333334
5,508,86.0,2.0,6.25,3.333334
5,509,108.0,2.0,0.01,3.333334
6,0,-146.0,122.0,0.01,15.0
6,1,-136.0,122.0,10.0,15.0
6,2,-124.0,122.0,10.0,15.0
6,3,-118.0,122.0,10.0,15.0
6,4,-114.0,122.0,10.0,15.0
6,5,-110.0,122.0,10.0,15.0
6,6,-106.0,122.0,10.0,15.0
6,7,-102.5,122.0,10.0,15.0
6,8,-100.0,122.0,10.0,15.0
6,9,-98.0,122.0,10.0,15.0
6,10,-96.0,122.0,10.0,15.0
6,11,-93.5,122.0,10.0,15.0
6,12,-90.0,122.0,10.0,15.0
6,13,-86.0,122.0,10.0,15.0
6,14,-82.0,122.0,10.0,15.0
6,15,-78.0,122.0,10.0,15.0
6,16,-74.0,122.0,10.0,15.0
6,17,-70.0,122.0,10.0,15.0
6,18,-66.0,122.0,10.0,15.0
6,19,-62.0,122.0,10.0,15.0
6,20,-58.0,122.0,10.0,15.0
6,21,-54.0,122.0,10.0,15.0
6,22,-50.0,122.0,10.0,0.0039992
6,23,-46.0,122.0,10.0,0.0039992
6,24,-42.0,122.0,10.0,0.0039992
6,25,-38.0,122.0,10.0,0.0039992
6,26,-34.0,122.0,10.0,0.0039992
6,27,-30.0,122.0,10.0,0.0039992
6,28,-26.0,122.0,10.0,0.0039992
6,29,-22.0,122.0,10.0,0.0039992
6,30,-18.5,122.0,10.0,0.0039992
6,31,-15.5,122.0,10.0,0.0039992
6,32,-12.5,122.0,10.0,0.0039992
6,33,-10.0,122.0,10.0,0.0039992
6,34,-8.0,122.0,10.0,0.0039992
6,35,-6.0,122.0,10.0,0.0039992
6,36,-4.0,122.0,10.0,0.0039992
6,37,-2.0,122.0,10.0,0.0039992
6,38,-0.0,122.0,10.0,0.0039992
6,39,2.0,122.0,10.0,0.0039992
6,40,4.5,122.0,10.0,0.0039992
6,41,8.0,122.0,10.0,0.0039992
6,42,12.0,122.0,10.0,0.0039992
6,43,16.0,122.0,10.0,0.0039992
6,44,20.0,122.0,10.0,0.0039992
6,45,24.0,122.0,10.0,0.0039992
6,46,28.0,122.0,10.0,0.0039992
6,47,36.0,122.0,10.0,0.0039992
6,48,54.0,122.0,10.0,0.0039992
6,49,86.0,122.0,10.0,0.0039992
6,50,108.0,122.0,0.01,0.0039992
6,51,-146.0,100.0,0.01,15.0
6,52,-136.0,100.0,10.0,15.0
6,53,-124.0,100.0,10.0,15.0
6,54,-118.0,100.0,10.0,15.0
6,55,-114.0,100.0,10.0,15.0
6,56,-110.0,100.0,10.0,15.0
6,57,-106.0,100.0,10.0,15.0
6,58,-102.5,100.0,10.0,15.0
6,59,-100.0,100.0,10.0,15.0
6,60,-98.0,100.0,10.0,15.0
6,61,-96.0,100.0,10.0,15.0
6,62,-93.5,100.0,10.0,15.0
6,63,-90.0,100.0,10.0,15.0
6,64,-86.0,100.0,10.0,15.0
6,65,-82.0,100.0,10.0,15.0
6,66,-78.0,100.0,10.0,15.0
6,67,-74.0,100.0,10.0,15.0
6,68,-70.0,100.0,10.0,15.0
6,69,-66.0,100.0,10.0,15.0
6,70,-62.0,100.0,10.0,15.0
6,71,-58.0,100.0,10.0,15.0
6,72,-54.0,100.0,10.0,15.0
6,73,-50.0,100.0,10.0,0.3921568
6,74,-46.0,100.0,10.0,0.3921568
6,75,-42.0,100.0,10.0,0.3921568
6,76,-38.0,100.0,10.0,0.3921568
6,77,-34.0,100.0,10.0,0.3921568
6,78,-30.0,100.0,10.0,0.3921568
6,79,-26.0,100.0,10.0,0.3921568
6,80,-22.0,100.0,10.0,0.3921568
6,81,-18.5,100.0,10.0,0.3921568
6,82,-15.5,100.0,10.0,0.3921568
6,83,-12.5,100.0,10.0,0.3921568
6,84,-10.0,100.0,10.0,0.3921568
6,85,-8.0,100.0,10.0,0.3921568
6,86,-6.0,100.0,10.0,0.3921568
6,87,-4.0,100.0,10.0,0.3921568
6,88,-2.0,100.0,10.0,0.3921568
6,89,-0.0,100.0,10.0,0.3921568
6,90,2.0,100.0,10.0,0.3921568
6,91,4.5,100.0,10.0,0.3921568
6,92,8.0,100.0,10.0,0.3921568
6,93,12.0,100.0,10.0,0.3921568
6,94,16.0,100.0,10.0,0.3921568
6,95,20.0,100.0,10.0,0.3921568
6,96,24.0,100.0,10.0,0.3921568
6,97,28.0,100.0,10.0,0.3921568
6,98,36.0,100.0,10.0,0.3921568
6,99,54.0,100.0,10.0,0.3921568
6,100,86.0,100.0,10.0,0.3921568
6,101,108.0,100.0,0.01,0.3921568
6,102,-146.0,68.0,0.01,15.0
6,103,-136.0,68.0,10.0,15.0
6,104,-124.0,68.0,10.0,15.0
6,105,-118.0,68.0,10.0,15.0
6,106,-114.0,68.0,10.0,15.0
6,107,-110.0,68.0,10.0,15.0
6,108,-106.0,68.0,10.0,15.0
6,109,-102.5,68.0,10.0,15.0
6,110,-100.0,68.0,10.0,15.0
6,111,-98.0,68.0,10.0,15.0
6,112,-96.0,68.0,10.0,15.0
6,113,-93.5,68.0,10.0,15.0
6,114,-90.0,68.0,10.0,15.0
6,115,-86.0,68.0,10.0,15.0
6,116,-82.0,68.0,10.0,15.0
6,117,-78.0,68.0,10.0,15.0
6,118,-74.0,68.0,10.0,15.0
6,119,-70.0,68.0,10.0,15.0
6,120,-66.0,68.0,10.0,15.0
6,121,-62.0,68.0,10.0,15.0
6,122,-58.0,68.0,10.0,15.0
6,123,-54.0,68.0,10.0,15.0
6,124,-50.0,68.0,10.0,0.3921568
6,125,-46.0,68.0,10.0,0.3921568
6,126,-42.0,68.0,10.0,0.3921568
6,127,-38.0,68.0,10.0,0.3921568
6,128,-34.0,68.0,10.0,0.3921568
6,129,-30.0,68.0,10.0,0.3921568
6,130,-26.0,68.0,10.0,0.3921568
6,131,-22.0,68.0,10.0,0.3921568
6,132,-18.5,68.0,10.0,0.3921568
6,133,-15.5,68.0,10.0,0.3921568
6,134,-12.5,68.0,10.0,0.3921568
6,135,-10.0,68.0,10.0,0.3921568
6,136,-8.0,68.0,10.0,0.3921568
6,137,-6.0,68.0,10.0,0.3921568
6,138,-4.0,68.0,10.0,0.3921568
6,139,-2.0,68.0,10.0,0.3921568
6,140,-0.0,68.0,10.0,0.3921568
6,141,2.0,68.0,10.0,0.3921568
6,142,4.5,68.0,10.0,0.3921568
6,143,8.0,68.0,10.0,0.3921568
6,144,12.0,68.0,10.0,0.3921568
6,145,16.0,68.0,10.0,0.3921568
6,146,20.0,68.0,10.0,0.3921568
6,147,24.0,68.0,10.0,0.3921568
6,148,28.0,68.0,10.0,0.3921568
6,149,36.0,68.0,10.0,0.3921568
6,150,54.0,68.0,10.0,0.3921568
6,151,86.0,68.0,10.0,0.3921568
6,152,108.0,68.0,0.01,0.3921568
6,153,-146.0,48.0,0.01,15.0
6,154,-136.0,48.0,10.0,15.0
6,155,-124.0,48.0,10.0,15.0
6,156,-118.0,48.0,10.0,15.0
6,157,-114.0,48.0,10.0,15.0
6,158,-110.0,48.0,10.0,15.0
6,159,-106.0,48.0,10.0,15.0
6,160,-102.5,48.0,10.0,15.0
6,161,-100.0,48.0,10.0,15.0
6,162,-98.0,48.0,10.0,15.0
6,163,-96.0,48.0,10.0,15.0
6,164,-93.5,48.0,10.0,15.0
6,165,-90.0,48.0,10.0,15.0
6,166,-86.0,48.0,10.0,15.0
6,167,-82.0,48.0,10.0,15.0
6,168,-78.0,48.0,10.0,15.0
6,169,-74.0,48.0,10.0,15.0
6,170,-70.0,48.0,10.0,15.0
6,171,-66.0,48.0,10.0,15.0
6,172,-62.0,48.0,10.0,15.0
6,173,-58.0,48.0,10.0,15.0
6,174,-54.0,48.0,10.0,15.0
6,175,-50.0,48.0,10.0,0.3921568
6,176,-46.0,48.0,10.0,0.3921568
6,177,-42.0,48.0,10.0,0.3921568
6,178,-38.0,48.0,10.0,0.3921568
6,179,-34.0,48.0,10.0,0.3921568
6,180,-30.0,48.0,10.0,0.3921568
6,181,-26.0,48.0,10.0,0.3921568
6,182,-22.0,48.0,10.0,0.3921568
6,183,-18.5,48.0,10.0,0.3921568
6,184,-15.5,48.0,10.0,0.3921568
6,185,-12.5,48.0,10.0,0.3921568
6,186,-10.0,48.0,10.0,0.3921568
6,187,-8.0,48.0,10.0,0.3921568
6,188,-6.0,48.0,10.0,0.3921568
6,189,-4.0,48.0,10.0,0.3921568
6,190,-2.0,48.0,10.0,0.3921568
6,191,-0.0,48.0,10.0,0.3921568
6,192,2.0,48.0,10.0,0.3921568
6,193,4.5,48.0,10.0,0.3921568
6,194,8.0,48.0,10.0,0.3921568
6,195,12.0,48.0,10.0,0.3921568
6,196,16.0,48.0,10.0,0.3921568
6,197,20.0,48.0,10.0,0.3921568
6,198,24.0,48.0,10.0,0.3921568
6,199,28.0,48.0,10.0,0.3921568
6,200,36.0,48.0,10.0,0.3921568
6,201,54.0,48.0,10.0,0.3921568
6,202,86.0,48.0,10.0,0.3921568
6,203,108.0,48.0,0.01,0.3921568
6,204,-146.0,34.0,0.01,15.0
6,205,-136.0,34.0,10.0,15.0
6,206,-124.0,34.0,10.0,15.0
6,207,-118.0,34.0,10.0,15.0
6,208,-114.0,34.0,10.0,15.0
6,209,-110.0,34.0,10.0,15.0
6,210,-106.0,34.0,10.0,15.0
6,211,-102.5,34.0,10.0,15.0
6,212,-100.0,34.0,10.0,15.0
6,213,-98.0,34.0,10.0,15.0
6,214,-96.0,34.0,10.0,15.0
6,215,-93.5,34.0,10.0,15.0
6,216,-90.0,34.0,10.0,15.0
6,217,-86.0,34.0,10.0,15.0
6,218,-82.0,34.0,10.0,15.0
6,219,-78.0,34.0,10.0,15.0
6,220,-74.0,34.0,10.0,15.0
6,221,-70.0,34.0,10.0,15.0
6,222,-66.0,34.0,10.0,15.0
6,223,-62.0,34.0,10.0,15.0
6,224,-58.0,34.0,10.0,15.0
6,225,-54.0,34.0,10.0,15.0
6,226,-50.0,34.0,10.0,0.3921568
6,227,-46.0,34.0,10.0,0.3921568
6,228,-42.0,34.0,10.0,0.3921568
6,229,-38.0,34.0,10.0,0.3921568
6,230,-34.0,34.0,10.0,0.3921568
6,231,-30.0,34.0,10.0,0.3921568
6,232,-26.0,34.0,10.0,0.3921568
6,233,-22.0,34.0,10.0,0.3921568
6,234,-18.5,34.0,10.0,0.3921568
6,235,-15.5,34.0,10.0,0.3921568
6,236,-12.5,34.0,10.0,0.3921568
6,237,-10.0,34.0,10.0,0.3921568
6,238,-8.0,34.0,10.0,0.3921568
6,239,-6.0,34.0,10.0,0.3921568
6,240,-4.0,34.0,10.0,0.3921568
6,241,-2.0,34.0,10.0,0.3921568
6,242,-0.0,34.0,10.0,0.3921568
6,243,2.0,34.0,10.0,0.3921568
6,244,4.5,34.0,10.0,0.3921568
6,245,8.0,34.0,10.0,0.3921568
6,246,12.0,34.0,10.0,0.3921568
6,247,16.0,34.0,10.0,0.3921568
6,248,20.0,34.0,10.0,0.3921568
6,249,24.0,34.0,10.0,0.3921568
6,250,28.0,34.0,10.0,0.3921568
6,251,36.0,34.0,10.0,0.3921568
6,252,54.0,34.0,10.0,0.3921568
6,253,86.0,34.0,10.0,0.3921568
6,254,108.0,34.0,0.01,0.3921568
6,255,-146.0,23.0,0.01,15.0
6,256,-136.0,23.0,10.0,15.0
6,257,-124.0,23.0,10.0,15.0
6,258,-118.0,23.0,10.0,15.0
6,259,-114.0,23.0,10.0,15.0
6,260,-110.0,23.0,10.0,15.0
6,261,-106.0,23.0,10.0,15.0
6,262,-102.5,23.0,10.0,15.0
6,263,-100.0,23.0,10.0,15.0
6,264,-98.0,23.0,10.0,15.0
6,265,-96.0,23.0,10.0,15.0
6,266,-93.5,23.0,10.0,15.0
6,267,-90.0,23.0,10.0,15.0
6,268,-86.0,23.0,10.0,15.0
6,269,-82.0,23.0,10.0,15.0
6,270,-78.0,23.0,10.0,15.0
6,271,-74.0,23.0,10.0,15.0
6,272,-70.0,23.0,10.0,15.0
6,273,-66.0,23.0,10.0,15.0
6,274,-62.0,23.0,10.0,15.0
6,275,-58.0,23.0,10.0,15.0
6,276,-54.0,23.0,10.0,15.0
6,277,-50.0,23.0,10.0,0.3921568
6,278,-46.0,23.0,10.0,0.3921568
6,279,-42.0,23.0,10.0,0.3921568
6,280,-38.0,23.0,10.0,0.3921568
6,281,-34.0,23.0,10.0,0.3921568
6,282,-30.0,23.0,10.0,0.3921568
6,283,-26.0,23.0,10.0,0.3921568
6,284,-22.0,23.0,10.0,0.3921568
6,285,-18.5,23.0,10.0,0.3921568
6,286,-15.5,23.0,10.0,0.3921568
6,287,-12.5,23.0,10.0,0.3921568
6,288,-10.0,23.0,10.0,0.3921568
6,289,-8.0,23.0,10.0,0.3921568
6,290,-6.0,23.0,10.0,0.3921568
6,291,-4.0,23.0,10.0,0.3921568
6,292,-2.0,23.0,10.0,0.3921568
6,293,-0.0,23.0,10.0,0.3921568
6,294,2.0,23.0,10.0,0.3921568
6,295,4.5,23.0,10.0,0.3921568
6,296,8.0,23.0,10.0,0.3921568
6,297,12.0,23.0,10.0,0.3921568
6,298,16.0,23.0,10.0,0.3921568
6,299,20.0,23.0,10.0,0.3921568
6,300,24.0,23.0,10.0,0.3921568
6,301,28.0,23.0,10.0,0.3921568
6,302,36.0,23.0,10.0,0.3921568
6,303,54.0,23.0,10.0,0.3921568
6,304,86.0,23.0,10.0,0.3921568
6,305,108.0,23.0,0.01,0.3921568
6,306,-146.0,15.0,0.01,15.0
6,307,-136.0,15.0,10.0,15.0
6,308,-124.0,15.0,10.0,15.0
6,309,-118.0,15.0,10.0,15.0
6,310,-114.0,15.0,10.0,15.0
6,311,-110.0,15.0,10.0,15.0
6,312,-106.0,15.0,10.0,15.0
6,313,-102.5,15.0,10.0,15.0
6,314,-100.0,15.0,10.0,15.0
6,315,-98.0,15.0,10.0,15.0
6,316,-96.0,15.0,10.0,15.0
6,317,-93.5,15.0,10.0,15.0
6,318,-90.0,15.0,10.0,15.0
6,319,-86.0,15.0,10.0,15.0
6,320,-82.0,15.0,10.0,15.0
6,321,-78.0,15.0,10.0,15.0
6,322,-74.0,15.0,10.0,15.0
6,323,-70.0,15.0,10.0,15.0
6,324,-66.0,15.0,10.0,15.0
6,325,-62.0,15.0,10.0,15.0
6,326,-58.0,15.0,10.0,15.0
6,327,-54.0,15.0,10.0,15.0
6,328,-50.0,15.0,10.0,0.3921568
6,329,-46.0,15.0,10.0,0.3921568
6,330,-42.0,15.0,10.0,0.3921568
6,331,-38.0,15.0,10.0,0.3921568
6,332,-34.0,15.0,10.0,0.3921568
6,333,-30.0,15.0,10.0,0.3921568
6,334,-26.0,15.0,10.0,0.3921568
6,335,-22.0,15.0,10.0,0.3921568
6,336,-18.5,15.0,10.0,0.3921568
6,337,-15.5,15.0,10.0,0.3921568
6,338,-12.5,15.0,10.0,0.3921568
6,339,-10.0,15.0,10.0,0.3921568
6,340,-8.0,15.0,10.0,0.3921568
6,341,-6.0,15.0,10.0,0.3921568
6,342,-4.0,15.0,10.0,0.3921568
6,343,-2.0,15.0,10.0,0.3921568
6,344,-0.0,15.0,10.0,0.3921568
6,345,2.0,15.0,10.0,0.3921568
6,346,4.5,15.0,10.0,0.3921568
6,347,8.0,15.0,10.0,0.3921568
6,348,12.0,15.0,10.0,0.3921568
6,349,16.0,15.0,10.0,0.3921568
6,350,20.0,15.0,10.0,0.3921568
6,351,24.0,15.0,10.0,0.3921568
6,352,28.0,15.0,10.0,0.3921568
6,353,36.0,15.0,10.0,0.3921568
6,354,54.0,15.0,10.0,0.3921568
6,355,86.0,15.0,10.0,0.3921568
6,356,108.0,15.0,0.01,0.3921568
6,357,-146.0,10.0,0.01,15.0
6,358,-136.0,10.0,10.0,15.0
6,359,-124.0,10.0,10.0,15.0
6,360,-118.0,10.0,10.0,15.0
6,361,-114.0,10.0,10.0,15.0
6,362,-110.0,10.0,10.0,15.0
6,363,-106.0,10.0,10.0,15.0
6,364,-102.5,10.0,10.0,15.0
6,365,-100.0,10.0,10.0,15.0
6,366,-98.0,10.0,10.0,15.0
6,367,-96.0,10.0,10.0,15.0
6,368,-93.5,10.0,10.0,15.0
6,369,-90.0,10.0,10.0,15.0
6,370,-86.0,10.0,10.0,15.0
6,371,-82.0,10.0,10.0,15.0
6,372,-78.0,10.0,10.0,15.0
6,373,-74.0,10.0,10.0,15.0
6,374,-70.0,10.0,10.0,15.0
6,375,-66.0,10.0,10.0,15.0
6,376,-62.0,10.0,10.0,15.0
6,377,-58.0,10.0,10.0,15.0
6,378,-54.0,10.0,10.0,15.0
6,379,-50.0,10.0,10.0,0.3921568
6,380,-46.0,10.0,10.0,0.3921568
6,381,-42.0,10.0,10.0,0.3921568
6,382,-38.0,10.0,10.0,0.3921568
6,383,-34.0,10.0,10.0,0.3921568
6,384,-30.0,10.0,10.0,0.3921568
6,385,-26.0,10.0,10.0,0.3921568
6,386,-22.0,10.0,10.0,0.3921568
6,387,-18.5,10.0,10.0,0.3921568
6,388,-15.5,10.0,10.0,0.3921568
6,389,-12.5,10.0,10.0,0.3921568
6,390,-10.0,10.0,10.0,0.3921568
6,391,-8.0,10.0,10.0,0.3921568
6,392,-6.0,10.0,10.0,0.3921568
6,393,-4.0,10.0,10.0,0.3921568
6,394,-2.0,10.0,10.0,0.3921568
6,395,-0.0,10.0,10.0,0.3921568
6,396,2.0,10.0,10.0,0.3921568
6,397,4.5,10.0,10.0,0.3921568
6,398,8.0,10.0,10.0,0.3921568
6,399,12.0,10.0,10.0,0.3921568
6,400,16.0,10.0,10.0,0.3921568
6,401,20.0,10.0,10.0,0.3921568
6,402,24.0,10.0,10.0,0.3921568
6,403,28.0,10.0,10.0,0.3921568
6,404,36.0,10.0,10.0,0.3921568
6,405,54.0,10.0,10.0,0.3921568
6,406,86.0,10.0,10.0,0.3921568
6,407,108.0,10.0,0.01,0.3921568
6,408,-146.0,6.0,0.01,15.0
6,409,-136.0,6.0,10.0,15.0
6,410,-124.0,6.0,10.0,15.0
6,411,-118.0,6.0,10.0,15.0
6,412,-114.0,6.0,10.0,15.0
6,413,-110.0,6.0,10.0,15.0
6,414,-106.0,6.0,10.0,15.0
6,415,-102.5,6.0,10.0,15.0
6,416,-100.0,6.0,10.0,15.0
6,417,-98.0,6.0,10.0,15.0
6,418,-96.0,6.0,10.0,15.0
6,419,-93.5,6.0,10.0,15.0
6,420,-90.0,6.0,10.0,15.0
6,421,-86.0,6.0,10.0,15.0
6,422,-82.0,6.0,10.0,15.0
6,423,-78.0,6.0,10.0,15.0
6,424,-74.0,6.0,10.0,15.0
6,425,-70.0,6.0,10.0,15.0
6,426,-66.0,6.0,10.0,15.0
6,427,-62.0,6.0,10.0,15.0
6,428,-58.0,6.0,10.0,15.0
6,429,-54.0,6.0,10.0,15.0
6,430,-50.0,6.0,10.0,0.3921568
6,431,-46.0,6.0,10.0,0.3921568
6,432,-42.0,6.0,10.0,0.3921568
6,433,-38.0,6.0,10.0,0.3921568
6,434,-34.0,6.0,10.0,0.3921568
6,435,-30.0,6.0,10.0,0.3921568
6,436,-26.0,6.0,10.0,0.3921568
6,437,-22.0,6.0,10.0,0.3921568
6,438,-18.5,6.0,10.0,0.3921568
6,439,-15.5,6.0,10.0,0.3921568
6,440,-12.5,6.0,10.0,0.3921568
6,441,-10.0,6.0,10.0,0.3921568
6,442,-8.0,6.0,10.0,0.3921568
6,443,-6.0,6.0,10.0,0.3921568
6,444,-4.0,6.0,10.0,0.3921568
6,445,-2.0,6.0,10.0,0.3921568
6,446,-0.0,6.0,10.0,0.3921568
6,447,2.0,6.0,10.0,0.3921568
6,448,4.5,6.0,10.0,0.3921568
6,449,8.0,6.0,10.0,0.3921568
6,450,12.0,6.0,10.0,0.3921568
6,451,16.0,6.0,10.0,0.3921568
6,452,20.0,6.0,10.0,0.3921568
6,453,24.0,6.0,10.0,0.3921568
6,454,28.0,6.0,10.0,0.3921568
6,455,36.0,6.0,10.0,0.3921568
6,456,54.0,6.0,10.0,0.3921568
6,457,86.0,6.0,10.0,0.3921568
6,458,108.0,6.0,0.01,0.3921568
6,459,-146.0,2.0,0.01,15.0
6,460,-136.0,2.0,10.0,15.0
6,461,-124.0,2.0,10.0,15.0
6,462,-118.0,2.0,10.0,15.0
6,463,-114.0,2.0,10.0,15.0
6,464,-110.0,2.0,10.0,15.0
6,465,-106.0,2.0,10.0,15.0
6,466,-102.5,2.0,10.0,15.0
6,467,-100.0,2.0,10.0,15.0
6,468,-98.0,2.0,10.0,15.0
6,469,-96.0,2.0,10.0,15.0
6,470,-93.5,2.0,10.0,15.0
6,471,-90.0,2.0,10.0,15.0
6,472,-86.0,2.0,10.0,15.0
6,473,-82.0,2.0,10.0,15.0
6,474,-78.0,2.0,10.0,15.0
6,475,-74.0,2.0,10.0,15.0
6,476,-70.0,2.0,10.0,15.0
6,477,-66.0,2.0,10.0,15.0
6,478,-62.0,2.0,10.0,15.0
6,479,-58.0,2.0,10.0,15.0
6,480,-54.0,2.0,10.0,15.0
6,481,-50.0,2.0,10.0,0.3921568
6,482,-46.0,2.0,10.0,0.3921568
6,483,-42.0,2.0,10.0,0.3921568
6,484,-38.0,2.0,10.0,0.3921568
6,485,-34.0,2.0,10.0,0.3921568
6,486,-30.0,2.0,10.0,0.3921568
6,487,-26.0,2.0,10.0,0.3921568
6,488,-22.0,2.0,10.0,0.3921568
6,489,-18.5,2.0,10.0,0.3921568
6,490,-15.5,2.0,10.0,0.3921568
6,491,-12.5,2.0,10.0,0.3921568
6,492,-10.0,2.0,10.0,0.3921568
6,493,-8.0,2.0,10.0,0.3921568
6,494,-6.0,2.0,10.0,0.3921568
6,495,-4.0,2.0,10.0,0.3921568
6,496,-2.0,2.0,10.0,0.3921568
6,497,-0.0,2.0,10.0,18.181818
6,498,2.0,2.0,10.0,0.3921568
6,499,4.5,2.0,10.0,0.3921568
6,500,8.0,2.0,10.0,0.3921568
6,501,12.0,2.0,10.0,0.3921568
6,502,16.0,2.0,10.0,0.3921568
6,503,20.0,2.0,10.0,0.3921568
6,504,24.0,2.0,10.0,0.3921568
6,505,28.0,2.0,10.0,0.3921568
6,506,36.0,2.0,10.0,0.3921568
6,507,54.0,2.0,10.0,0.3921568
6,508,86.0,2.0,10.0,0.3921568
6,509,108.0,2.0,0.01,0.3921568
7,0,-146.0,122.0,0.01,15.0
7,1,-136.0,122.0,10.0,15.0
7,2,-124.0,122.0,10.0,15.0
7,3,-118.0,122.0,10.0,15.0
7,4,-114.0,122.0,10.0,15.0
7,5,-110.0,122.0,10.0,15.0
7,6,-106.0,122.0,10.0,15.0
7,7,-102.5,122.0,10.0,15.0
7,8,-100.0,122.0,10.0,15.0
7,9,-98.0,122.0,10.0,15.0
7,10,-96.0,122.0,10.0,15.0
7,11,-93.5,122.0,10.0,15.0
7,12,-90.0,122.0,10.0,15.0
7,13,-86.0,122.0,10.0,15.0
7,14,-82.0,122.0,10.0,15.0
7,15,-78.0,122.0,10.0,15.0
7,16,-74.0,122.0,10.0,15.0
7,17,-70.0,122.0,10.0,15.0
7,18,-66.0,122.0,10.0,15.0
7,19,-62.0,122.0,10.0,15.0
7,20,-58.0,122.0,10.0,15.0
7,21,-54.0,122.0,10.0,15.0
7,22,-50.0,122.0,0.125,0.00499867
7,23,-46.0,122.0,0.125,0.00499867
7,24,-42.0,122.0,0.125,0.00499867
7,25,-38.0,122.0,0.125,0.00499867
7,26,-34.0,122.0,0.125,0.00499867
7,27,-30.0,122.0,0.125,0.00499867
7,28,-26.0,122.0,0.125,0.00499867
7,29,-22.0,122.0,0.125,0.00499867
7,30,-18.5,122.0,0.125,0.00499867
7,31,-15.5,122.0,0.125,0.00499867
7,32,-12.5,122.0,0.125,0.00499867
7,33,-10.0,122.0,0.125,0.00499867
7,34,-8.0,122.0,0.125,0.00499867
7,35,-6.0,122.0,0.125,0.00499867
7,36,-4.0,122.0,0.125,0.00499867
7,37,-2.0,122.0,0.125,0.00499867
7,38,-0.0,122.0,0.125,0.00499867
7,39,2.0,122.0,0.125,0.00499867
7,40,4.5,122.0,0.125,0.00499867
7,41,8.0,122.0,0.125,0.00499867
7,42,12.0,122.0,0.125,0.00499867
7,43,16.0,122.0,0.125,0.00499867
7,44,20.0,122.0,0.125,0.00499867
7,45,24.0,122.0,0.125,0.00499867
7,46,28.0,122.0,0.125,0.00499867
7,47,36.0,122.0,0.125,0.00499867
7,48,54.0,122.0,0.125,0.00499867
7,49,86.0,122.0,0.125,0.00499867
7,50,108.0,122.0,0.01,0.00499867
7,51,-146.0,100.0,0.01,15.0
7,52,-136.0,100.0,10.0,15.0
7,53,-124.0,100.0,10.0,15.0
7,54,-118.0,100.0,10.0,15.0
7,55,-114.0,100.0,10.0,15.0
7,56,-110.0,100.0,10.0,15.0
7,57,-106.0,100.0,10.0,15.0
7,58,-102.5,100.0,10.0,15.0
7,59,-100.0,100.0,10.0,15.0
7,60,-98.0,100.0,10.0,15.0
7,61,-96.0,100.0,10.0,15.0
7,62,-93.5,100.0,10.0,15.0
7,63,-90.0,100.0,10.0,15.0
7,64,-86.0,100.0,10.0,15.0
7,65,-82.0,100.0,10.0,15.0
7,66,-78.0,100.0,10.0,15.0
7,67,-74.0,100.0,10.0,15.0
7,68,-70.0,100.0,10.0,15.0
7,69,-66.0,100.0,10.0,15.0
7,70,-62.0,100.0,10.0,15.0
7,71,-58.0,100.0,10.0,15.0
7,72,-54.0,100.0,10.0,15.0
7,73,-50.0,100.0,0.125,0.487013
7,74,-46.0,100.0,0.125,0.487013
7,75,-42.0,100.0,0.125,0.487013
7,76,-38.0,100.0,0.125,0.487013
7,77,-34.0,100.0,0.125,0.487013
7,78,-30.0,100.0,0.125,0.487013
7,79,-26.0,100.0,0.125,0.487013
7,80,-22.0,100.0,0.125,0.487013
7,81,-18.5,100.0,0.125,0.487013
7,82,-15.5,100.0,0.125,0.487013
7,83,-12.5,100.0,0.125,0.487013
7,84,-10.0,100.0,0.125,0.487013
7,85,-8.0,100.0,0.125,0.487013
7,86,-6.0,100.0,0.125,0.487013
7,87,-4.0,100.0,0.125,0.487013
7,88,-2.0,100.0,0.125,0.487013
7,89,-0.0,100.0,0.125,0.487013
7,90,2.0,100.0,0.125,0.487013
7,91,4.5,100.0,0.125,0.487013
7,92,8.0,100.0,0.125,0.487013
7,93,12.0,100.0,0.125,0.487013
7,94,16.0,100.0,0.125,0.487013
7,95,20.0,100.0,0.125,0.487013
7,96,24.0,100.0,0.125,0.487013
7,97,28.0,100.0,0.125,0.487013
7,98,36.0,100.0,0.125,0.487013
7,99,54.0,100.0,0.125,0.487013
7,100,86.0,100.0,0.125,0.487013
7,101,108.0,100.0,0.01,0.487013
7,102,-146.0,68.0,0.01,15.0
7,103,-136.0,68.0,10.0,15.0
7,104,-124.0,68.0,10.0,15.0
7,105,-118.0,68.0,10.0,15.0
7,106,-114.0,68.0,10.0,15.0
7,107,-110.0,68.0,10.0,15.0
7,108,-106.0,68.0,10.0,15.0
7,109,-102.5,68.0,10.0,15.0
7,110,-100.0,68.0,10.0,15.0
7,111,-98.0,68.0,10.0,15.0
7,112,-96.0,68.0,10.0,15.0
7,113,-93.5,68.0,10.0,15.0
7,114,-90.0,68.0,10.0,15.0
7,115,-86.0,68.0,10.0,15.0
7,116,-82.0,68.0,10.0,15.0
7,117,-78.0,68.0,10.0,15.0
7,118,-74.0,68.0,10.0,15.0
7,119,-70.0,68.0,10.0,15.0
7,120,-66.0,68.0,10.0,15.0
7,121,-62.0,68.0,10.0,15.0
7,122,-58.0,68.0,10.0,15.0
7,123,-54.0,68.0,10.0,15.0
7,124,-50.0,68.0,0.125,0.487013
7,125,-46.0,68.0,0.125,0.487013
7,126,-42.0,68.0,0.125,0.487013
7,127,-38.0,68.0,0.125,0.487013
7,128,-34.0,68.0,0.125,0.487013
7,129,-30.0,68.0,0.125,0.487013
7,130,-26.0,68.0,0.125,0.487013
7,131,-22.0,68.0,0.125,0.487013
7,132,-18.5,68.0,0.125,0.487013
7,133,-15.5,68.0,0.125,0.487013
7,134,-12.5,68.0,0.125,0.487013
7,135,-10.0,68.0,0.125,0.487013
7,136,-8.0,68.0,0.125,0.487013
7,137,-6.0,68.0,0.125,0.487013
7,138,-4.0,68.0,0.125,0.487013
7,139,-2.0,68.0,0.125,0.487013
7,140,-0.0,68.0,0.125,0.487013
7,141,2.0,68.0,0.125,0.487013
7,142,4.5,68.0,0.125,0.487013
7,143,8.0,68.0,0.125,0.487013
7,144,12.0,68.0,0.125,0.487013
7,145,16.0,68.0,0.125,0.487013
7,146,20.0,68.0,0.125,0.487013
7,147,24.0,68.0,0.125,0.487013
7,148,28.0,68.0,0.125,0.487013
7,149,36.0,68.0,0.125,0.487013
7,150,54.0,68.0,0.125,0.487013
7,151,86.0,68.0,0.125,0.487013
7,152,108.0,68.0,0.01,0.487013
7,153,-146.0,48.0,0.01,15.0
7,154,-136.0,48.0,10.0,15.0
7,155,-124.0,48.0,10.0,15.0
7,156,-118.0,48.0,10.0,15.0
7,157,-114.0,48.0,10.0,15.0
7,158,-110.0,48.0,10.0,15.0
7,159,-106.0,48.0,10.0,15.0
7,160,-102.5,48.0,10.0,15.0
7,161,-100.0,48.0,10.0,15.0
7,162,-98.0,48.0,10.0,15.0
7,163,-96.0,48.0,10.0,15.0
7,164,-93.5,48.0,10.0,15.0
7,165,-90.0,48.0,10.0,15.0
7,166,-86.0,48.0,10.0,15.0
7,167,-82.0,48.0,10.0,15.0
7,168,-78.0,48.0,10.0,15.0
7,169,-74.0,48.0,10.0,15.0
7,170,-70.0,48.0,10.0,15.0
7,171,-66.0,48.0,10.0,15.0
7,172,-62.0,48.0,10.0,15.0
7,173,-58.0,48.0,10.0,15.0
7,174,-54.0,48.0,10.0,15.0
7,175,-50.0,48.0,0.125,0.487013
7,176,-46.0,48.0,0.125,0.487013
7,177,-42.0,48.0,0.125,0.487013
7,178,-38.0,48.0,0.125,0.487013
7,179,-34.0,48.0,0.125,0.487013
7,180,-30.0,48.0,0.125,0.487013
7,181,-26.0,48.0,0.125,0.487013
7,182,-22.0,48.0,0.125,0.487013
7,183,-18.5,48.0,0.125,0.487013
7,184,-15.5,48.0,0.125,0.487013
7,185,-12.5,48.0,0.125,0.487013
7,186,-10.0,48.0,0.125,0.487013
7,187,-8.0,48.0,0.125,0.487013
7,188,-6.0,48.0,0.125,0.487013
7,189,-4.0,48.0,0.125,0.487013
7,190,-2.0,48.0,0.125,0.487013
7,191,-0.0,48.0,0.125,0.487013
7,192,2.0,48.0,0.125,0.487013
7,193,4.5,48.0,0.125,0.487013
7,194,8.0,48.0,0.125,0.487013
7,195,12.0,48.0,0.125,0.487013
7,196,16.0,48.0,0.125,0.487013
7,197,20.0,48.0,0.125,0.487013
7,198,24.0,48.0,0.125,0.487013
7,199,28.0,48.0,0.125,0.487013
7,200,36.0,48.0,0.125,0.487013
7,201,54.0,48.0,0.125,0.487013
7,202,86.0,48.0,0.125,0.487013
7,203,108.0,48.0,0.01,0.487013
7,204,-146.0,34.0,0.01,15.0
7,205,-136.0,34.0,10.0,15.0
7,206,-124.0,34.0,10.0,15.0
7,207,-118.0,34.0,10.0,15.0
7,208,-114.0,34.0,10.0,15.0
7,209,-110.0,34.0,10.0,15.0
7,210,-106.0,34.0,10.0,15.0
7,211,-102.5,34.0,10.0,15.0
7,212,-100.0,34.0,10.0,15.0
7,213,-98.0,34.0,10.0,15.0
7,214,-96.0,34.0,10.0,15.0
7,215,-93.5,34.0,10.0,15.0
7,216,-90.0,34.0,10.0,15.0
7,217,-86.0,34.0,10.0,15.0
7,218,-82.0,34.0,10.0,15.0
7,219,-78.0,34.0,10.0,15.0
7,220,-74.0,34.0,10.0,15.0
7,221,-70.0,34.0,10.0,15.0
7,222,-66.0,34.0,10.0,15.0
7,223,-62.0,34.0,10.0,15.0
7,224,-58.0,34.0,10.0,15.0
7,225,-54.0,34.0,10.0,15.0
7,226,-50.0,34.0,0.125,0.487013
7,227,-46.0,34.0,0.125,0.487013
7,228,-42.0,34.0,0.125,0.487013
7,229,-38.0,34.0,0.125,0.487013
7,230,-34.0,34.0,0.125,0.487013
7,231,-30.0,34.0,0.125,0.487013
7,232,-26.0,34.0,0.125,0.487013
7,233,-22.0,34.0,0.125,0.487013
7,234,-18.5,34.0,0.125,0.487013
7,235,-15.5,34.0,0.125,0.487013
7,236,-12.5,34.0,0.125,0.487013
7,237,-10.0,34.0,0.125,0.487013
7,238,-8.0,34.0,0.125,0.487013
7,239,-6.0,34.0,0.125,0.487013
7,240,-4.0,34.0,0.125,0.487013
7,241,-2.0,34.0,0.125,0.487013
7,242,-0.0,34.0,0.125,0.487013
7,243,2.0,34.0,0.125,0.487013
7,244,4.5,34.0,0.125,0.487013
7,245,8.0,34.0,0.125,0.487013
7,246,12.0,34.0,0.125,0.487013
7,247,16.0,34.0,0.125,0.487013
7,248,20.0,34.0,0.125,0.487013
7,249,24.0,34.0,0.125,0.487013
7,250,28.0,34.0,0.125,0.487013
7,251,36.0,34.0,0.125,0.487013
7,252,54.0,34.0,0.125,0.487013
7,253,86.0,34.0,0.125,0.487013
7,254,108.0,34.0,0.01,0.487013
7,255,-146.0,23.0,0.01,15.0
7,256,-136.0,23.0,10.0,15.0
7,257,-124.0,23.0,10.0,15.0
7,258,-118.0,23.0,10.0,15.0
7,259,-114.0,23.0,10.0,15.0
7,260,-110.0,23.0,10.0,15.0
7,261,-106.0,23.0,10.0,15.0
7,262,-102.5,23.0,10.0,15.0
7,263,-100.0,23.0,10.0,15.0
7,264,-98.0,23.0,10.0,15.0
7,265,-96.0,23.0,10.0,15.0
7,266,-93.5,23.0,10.0,15.0
7,267,-90.0,23.0,10.0,15.0
7,268,-86.0,23.0,10.0,15.0
7,269,-82.0,23.0,10.0,15.0
7,270,-78.0,23.0,10.0,15.0
7,271,-74.0,23.0,10.0,15.0
7,272,-70.0,23.0,10.0,15.0
7,273,-66.0,23.0,10.0,15.0
7,274,-62.0,23.0,10.0,15.0
7,275,-58.0,23.0,10.0,15.0
7,276,-54.0,23.0,10.0,15.0
7,277,-50.0,23.0,0.125,0.487013
7,278,-46.0,23.0,0.125,0.487013
7,279,-42.0,23.0,0.125,0.487013
7,280,-38.0,23.0,0.125,0.487013
7,281,-34.0,23.0,0.125,0.487013
7,282,-30.0,23.0,0.125,0.487013
7,283,-26.0,23.0,0.125,0.487013
7,284,-22.0,23.0,0.125,0.487013
7,285,-18.5,23.0,0.125,0.487013
7,286,-15.5,23.0,0.125,0.487013
7,287,-12.5,23.0,0.125,0.487013
7,288,-10.0,23.0,0.125,0.487013
7,289,-8.0,23.0,0.125,0.487013
7,290,-6.0,23.0,0.125,0.487013
7,291,-4.0,23.0,0.125,0.487013
7,292,-2.0,23.0,0.125,0.487013
7,293,-0.0,23.0,0.125,0.487013
7,294,2.0,23.0,0.125,0.487013
7,295,4.5,23.0,0.125,0.487013
7,296,8.0,23.0,0.125,0.487013
7,297,12.0,23.0,0.125,0.487013
7,298,16.0,23.0,0.125,0.487013
7,299,20.0,23.0,0.125,0.487013
7,300,24.0,23.0,0.125,0.487013
7,301,28.0,23.0,0.125,0.487013
7,302,36.0,23.0,0.125,0.487013
7,303,54.0,23.0,0.125,0.487013
7,304,86.0,23.0,0.125,0.487013
7,305,108.0,23.0,0.01,0.487013
7,306,-146.0,15.0,0.01,15.0
7,307,-136.0,15.0,10.0,15.0
7,308,-124.0,15.0,10.0,15.0
7,309,-118.0,15.0,10.0,15.0
7,310,-114.0,15.0,10.0,15.0
7,311,-110.0,15.0,10.0,15.0
7,312,-106.0,15.0,10.0,15.0
7,313,-102.5,15.0,10.0,15.0
7,314,-100.0,15.0,10.0,15.0
7,315,-98.0,15.0,10.0,15.0
7,316,-96.0,15.0,10.0,15.0
7,317,-93.5,15.0,10.0,15.0
7,318,-90.0,15.0,10.0,15.0
7,319,-86.0,15.0,10.0,15.0
7,320,-82.0,15.0,10.0,15.0
7,321,-78.0,15.0,10.0,15.0
7,322,-74.0,15.0,10.0,15.0
7,323,-70.0,15.0,10.0,15.0
7,324,-66.0,15.0,10.0,15.0
7,325,-62.0,15.0,10.0,15.0
7,326,-58.0,15.0,10.0,15.0
7,327,-54.0,15.0,10.0,15.0
7,328,-50.0,15.0,0.125,0.487013
7,329,-46.0,15.0,0.125,0.487013
7,330,-42.0,15.0,0.125,0.487013
7,331,-38.0,15.0,0.125,0.487013
7,332,-34.0,15.0,0.125,0.487013
7,333,-30.0,15.0,0.125,0.487013
7,334,-26.0,15.0,0.125,0.487013
7,335,-22.0,15.0,0.125,0.487013
7,336,-18.5,15.0,0.125,0.487013
7,337,-15.5,15.0,0.125,0.487013
7,338,-12.5,15.0,0.125,0.487013
7,339,-10.0,15.0,0.125,0.487013
7,340,-8.0,15.0,0.125,0.487013
7,341,-6.0,15.0,0.125,0.487013
7,342,-4.0,15.0,0.125,0.487013
7,343,-2.0,15.0,0.125,0.487013
7,344,-0.0,15.0,0.125,0.487013
7,345,2.0,15.0,0.125,0.487013
7,346,4.5,15.0,0.125,0.487013
7,347,8.0,15.0,0.125,0.487013
7,348,12.0,15.0,0.125,0.487013
7,349,16.0,15.0,0.125,0.487013
7,350,20.0,15.0,0.125,0.487013
7,351,24.0,15.0,0.125,0.487013
7,352,28.0,15.0,0.125,0.487013
7,353,36.0,15.0,0.125,0.487013
7,354,54.0,15.0,0.125,0.487013
7,355,86.0,15.0,0.125,0.487013
7,356,108.0,15.0,0.01,0.487013
7,357,-146.0,10.0,0.01,15.0
7,358,-136.0,10.0,10.0,15.0
7,359,-124.0,10.0,10.0,15.0
7,360,-118.0,10.0,10.0,15.0
7,361,-114.0,10.0,10.0,15.0
7,362,-110.0,10.0,10.0,15.0
7,363,-106.0,10.0,10.0,15.0
7,364,-102.5,10.0,10.0,15.0
7,365,-100.0,10.0,10.0,15.0
7,366,-98.0,10.0,10.0,15.0
7,367,-96.0,10.0,10.0,15.0
7,368,-93.5,10.0,10.0,15.0
7,369,-90.0,10.0,10.0,15.0
7,370,-86.0,10.0,10.0,15.0
7,371,-82.0,10.0,10.0,15.0
7,372,-78.0,10.0,10.0,15.0
7,373,-74.0,10.0,10.0,15.0
7,374,-70.0,10.0,10.0,15.0
7,375,-66.0,10.0,10.0,15.0
7,376,-62.0,10.0,10.0,15.0
7,377,-58.0,10.0,10.0,15.0
7,378,-54.0,10.0,10.0,15.0
7,379,-50.0,10.0,0.125,0.487013
7,380,-46.0,10.0,0.125,0.487013
7,381,-42.0,10.0,0.125,0.487013
7,382,-38.0,10.0,0.125,0.487013
7,383,-34.0,10.0,0.125,0.487013
7,384,-30.0,10.0,0.125,0.487013
7,385,-26.0,10.0,0.125,0.487013
7,386,-22.0,10.0,0.125,0.487013
7,387,-18.5,10.0,0.125,0.487013
7,388,-15.5,10.0,0.125,0.487013
7,389,-12.5,10.0,0.125,0.487013
7,390,-10.0,10.0,0.125,0.487013
7,391,-8.0,10.0,0.125,0.487013
7,392,-6.0,10.0,0.125,0.487013
7,393,-4.0,10.0,0.125,0.487013
7,394,-2.0,10.0,0.125,0.487013
7,395,-0.0,10.0,0.125,0.487013
7,396,2.0,10.0,0.125,0.487013
7,397,4.5,10.0,0.125,0.487013
7,398,8.0,10.0,0.125,0.487013
7,399,12.0,10.0,0.125,0.487013
7,400,16.0,10.0,0.125,0.487013
7,401,20.0,10.0,0.125,0.487013
7,402,24.0,10.0,0.125,0.487013
7,403,28.0,10.0,0.125,0.487013
7,404,36.0,10.0,0.125,0.487013
7,405,54.0,10.0,0.125,0.487013
7,406,86.0,10.0,0.125,0.487013
7,407,108.0,10.0,0.01,0.487013
7,408,-146.0,6.0,0.01,15.0
7,409,-136.0,6.0,10.0,15.0
7,410,-124.0,6.0,10.0,15.0
7,411,-118.0,6.0,10.0,15.0
7,412,-114.0,6.0,10.0,15.0
7,413,-110.0,6.0,10.0,15.0
7,414,-106.0,6.0,10.0,15.0
7,415,-102.5,6.0,10.0,15.0
7,416,-100.0,6.0,10.0,15.0
7,417,-98.0,6.0,10.0,15.0
7,418,-96.0,6.0,10.0,15.0
7,419,-93.5,6.0,10.0,15.0
7,420,-90.0,6.0,10.0,15.0
7,421,-86.0,6.0,10.0,15.0
7,422,-82.0,6.0,10.0,15.0
7,423,-78.0,6.0,10.0,15.0
7,424,-74.0,6.0,10.0,15.0
7,425,-70.0,6.0,10.0,15.0
7,426,-66.0,6.0,10.0,15.0
7,427,-62.0,6.0,10.0,15.0
7,428,-58.0,6.0,10.0,15.0
7,429,-54.0,6.0,10.0,15.0
7,430,-50.0,6.0,0.125,0.487013
7,431,-46.0,6.0,0.125,0.487013
7,432,-42.0,6.0,0.125,0.487013
7,433,-38.0,6.0,0.125,0.487013
7,434,-34.0,6.0,0.125,0.487013
7,435,-30.0,6.0,0.125,0.487013
7,436,-26.0,6.0,0.125,0.487013
7,437,-22.0,6.0,0.125,0.487013
7,438,-18.5,6.0,0.125,0.487013
7,439,-15.5,6.0,0.125,0.487013
7,440,-12.5,6.0,0.125,0.487013
7,441,-10.0,6.0,0.125,0.487013
7,442,-8.0,6.0,0.125,0.487013
7,443,-6.0,6.0,0.125,0.487013
7,444,-4.0,6.0,0.125,0.487013
7,445,-2.0,6.0,0.125,0.487013
7,446,-0.0,6.0,0.125,0.487013
7,447,2.0,6.0,0.125,0.487013
7,448,4.5,6.0,0.125,0.487013
7,449,8.0,6.0,0.125,0.487013
7,450,12.0,6.0,0.125,0.487013
7,451,16.0,6.0,0.125,0.487013
7,452,20.0,6.0,0.125,0.487013
7,453,24.0,6.0,0.125,0.487013
7,454,28.0,6.0,0.125,0.487013
7,455,36.0,6.0,0.125,0.487013
7,456,54.0,6.0,0.125,0.487013
7,457,86.0,6.0,0.125,0.487013
7,458,108.0,6.0,0.01,0.487013
7,459,-146.0,2.0,0.01,15.0
7,460,-136.0,2.0,10.0,15.0
7,461,-124.0,2.0,10.0,15.0
7,462,-118.0,2.0,10.0,15.0
7,463,-114.0,2.0,10.0,15.0
7,464,-110.0,2.0,10.0,15.0
7,465,-106.0,2.0,10.0,15.0
7,466,-102.5,2.0,10.0,15.0
7,467,-100.0,2.0,10.0,15.0
7,468,-98.0,2.0,10.0,15.0
7,469,-96.0,2.0,10.0,15.0
7,470,-93.5,2.0,10.0,15.0
7,471,-90.0,2.0,10.0,15.0
7,472,-86.0,2.0,10.0,15.0
7,473,-82.0,2.0,10.0,15.0
7,474,-78.0,2.0,10.0,15.0
7,475,-74.0,2.0,10.0,15.0
7,476,-70.0,2.0,10.0,15.0
7,477,-66.0,2.0,10.0,15.0
7,478,-62.0,2.0,10.0,15.0
7,479,-58.0,2.0,10.0,15.0
7,480,-54.0,2.0,10.0,15.0
7,481,-50.0,2.0,0.125,0.487013
7,482,-46.0,2.0,0.125,0.487013
7,483,-42.0,2.0,0.125,0.487013
7,484,-38.0,2.0,0.125,0.487013
7,485,-34.0,2.0,0.125,0.487013
7,486,-30.0,2.0,0.125,0.487013
7,487,-26.0,2.0,0.125,0.487013
7,488,-22.0,2.0,0.125,0.487013
7,489,-18.5,2.0,0.125,0.487013
7,490,-15.5,2.0,0.125,0.487013
7,491,-12.5,2.0,0.125,0.487013
7,492,-10.0,2.0,0.125,0.487013
7,493,-8.0,2.0,0.125,0.487013
7,494,-6.0,2.0,0.125,0.487013
7,495,-4.0,2.0,0.125,0.487013
7,496,-2.0,2.0,0.125,0.487013
7,497,-0.0,2.0,0.125,17.44186
7,498,2.0,2.0,0.125,0.487013
7,499,4.5,2.0,0.125,0.487013
7,500,8.0,2.0,0.125,0.487013
7,501,12.0,2.0,0.125,0.487013
7,502,16.0,2.0,0.125,0.487013
7,503,20.0,2.0,0.125,0.487013
7,504,24.0,2.0,0.125,0.487013
7,505,28.0,2.0,0.125,0.487013
7,506,36.0,2.0,0.125,0.487013
7,507,54.0,2.0,0.125,0.487013
7,508,86.0,2.0,0.125,0.487013
7,509,108.0,2.0,0.01,0.487013
8,0,-146.0,122.0,0.01,0.018
8,1,-136.0,122.0,10.0,0.018
8,2,-124.0,122.0,10.0,0.018
8,3,-118.0,122.0,10.0,0.018
8,4,-114.0,122.0,10.0,0.018
8,5,-110.0,122.0,10.0,0.018
8,6,-106.0,122.0,10.0,0.018
8,7,-102.5,122.0,10.0,0.018
8,8,-100.0,122.0,10.0,0.018
8,9,-98.0,122.0,10.0,0.018
8,10,-96.0,122.0,10.0,0.018
8,11,-93.5,122.0,10.0,0.018
8,12,-90.0,122.0,10.0,0.018
8,13,-86.0,122.0,10.0,0.018
8,14,-82.0,122.0,10.0,0.018
8,15,-78.0,122.0,10.0,0.018
8,16,-74.0,122.0,10.0,0.018
8,17,-70.0,122.0,10.0,0.018
8,18,-66.0,122.0,10.0,0.018
8,19,-62.0,122.0,10.0,0.018
8,20,-58.0,122.0,10.0,0.018
8,21,-54.0,122.0,10.0,0.018
8,22,-50.0,122.0,10.0,0.018
8,23,-46.0,122.0,10.0,0.018
8,24,-42.0,122.0,10.0,0.018
8,25,-38.0,122.0,10.0,0.018
8,26,-34.0,122.0,10.0,0.018
8,27,-30.0,122.0,10.0,0.018
8,28,-26.0,122.0,10.0,0.018
8,29,-22.0,122.0,10.0,0.018
8,30,-18.5,122.0,10.0,0.018
8,31,-15.5,122.0,10.0,0.018
8,32,-12.5,122.0,10.0,0.018
8,33,-10.0,122.0,10.0,0.018
8,34,-8.0,122.0,10.0,0.018
8,35,-6.0,122.0,10.0,0.018
8,36,-4.0,122.0,10.0,0.018
8,37,-2.0,122.0,10.0,0.018
8,38,-0.0,122.0,10.0,0.018
8,39,2.0,122.0,10.0,0.018
8,40,4.5,122.0,10.0,0.018
8,41,8.0,122.0,10.0,0.018
8,42,12.0,122.0,10.0,0.018
8,43,16.0,122.0,10.0,0.018
8,44,20.0,122.0,10.0,0.018
8,45,24.0,122.0,10.0,0.018
8,46,28.0,122.0,10.0,0.018
8,47,36.0,122.0,10.0,0.018
8,48,54.0,122.0,10.0,0.018
8,49,86.0,122.0,10.0,0.018
8,50,108.0,122.0,0.01,0.018
8,51,-146.0,100.0,0.01,0.018
8,52,-136.0,100.0,10.0,0.018
8,53,-124.0,100.0,10.0,0.018
8,54,-118.0,100.0,10.0,0.018
8,55,-114.0,100.0,10.0,0.018
8,56,-110.0,100.0,10.0,0.018
8,57,-106.0,100.0,10.0,0.018
8,58,-102.5,100.0,10.0,0.018
8,59,-100.0,100.0,10.0,0.018
8,60,-98.0,100.0,10.0,0.018
8,61,-96.0,100.0,10.0,0.018
8,62,-93.5,100.0,10.0,0.018
8,63,-90.0,100.0,10.0,0.018
8,64,-86.0,100.0,10.0,0.018
8,65,-82.0,100.0,10.0,0.018
8,66,-78.0,100.0,10.0,0.018
8,67,-74.0,100.0,10.0,0.018
8,68,-70.0,100.0,10.0,0.018
8,69,-66.0,100.0,10.0,0.018
8,70,-62.0,100.0,10.0,0.018
8,71,-58.0,100.0,10.0,0.018
8,72,-54.0,100.0,10.0,0.018
8,73,-50.0,100.0,10.0,0.018
8,74,-46.0,100.0,10.0,0.018
8,75,-42.0,100.0,10.0,0.018
8,76,-38.0,100.0,10.0,0.018
8,77,-34.0,100.0,10.0,0.018
8,78,-30.0,100.0,10.0,0.018
8,79,-26.0,100.0,10.0,0.018
8,80,-22.0,100.0,10.0,0.018
8,81,-18.5,100.0,10.0,0.018
8,82,-15.5,100.0,10.0,0.018
8,83,-12.5,100.0,10.0,0.018
8,84,-10.0,100.0,10.0,0.018
8,85,-8.0,100.0,10.0,0.018
8,86,-6.0,100.0,10.0,0.018
8,87,-4.0,100.0,10.0,0.018
8,88,-2.0,100.0,10.0,0.018
8,89,-0.0,100.0,10.0,0.018
8,90,2.0,100.0,10.0,0.018
8,91,4.5,100.0,10.0,0.018
8,92,8.0,100.0,10.0,0.018
8,93,12.0,100.0,10.0,0.018
8,94,16.0,100.0,10.0,0.018
8,95,20.0,100.0,10.0,0.018
8,96,24.0,100.0,10.0,0.018
8,97,28.0,100.0,10.0,0.018
8,98,36.0,100.0,10.0,0.018
8,99,54.0,100.0,10.0,0.018
8,100,86.0,100.0,10.0,0.018
8,101,108.0,100.0,0.01,0.018
8,102,-146.0,68.0,0.01,0.018
8,103,-136.0,68.0,10.0,0.018
8,104,-124.0,68.0,10.0,0.018
8,105,-118.0,68.0,10.0,0.018
8,106,-114.0,68.0,10.0,0.018
8,107,-110.0,68.0,10.0,0.018
8,108,-106.0,68.0,10.0,0.018
8,109,-102.5,68.0,10.0,0.018
8,110,-100.0,68.0,10.0,0.018
8,111,-98.0,68.0,10.0,0.018
8,112,-96.0,68.0,10.0,0.018
8,113,-93.5,68.0,10.0,0.018
8,114,-90.0,68.0,10.0,0.018
8,115,-86.0,68.0,10.0,0.018
8,116,-82.0,68.0,10.0,0.018
8,117,-78.0,68.0,10.0,0.018
8,118,-74.0,68.0,10.0,0.018
8,119,-70.0,68.0,10.0,0.018
8,120,-66.0,68.0,10.0,0.018
8,121,-62.0,68.0,10.0,0.018
8,122,-58.0,68.0,10.0,0.018
8,123,-54.0,68.0,10.0,0.018
8,124,-50.0,68.0,10.0,0.018
8,125,-46.0,68.0,10.0,0.018
8,126,-42.0,68.0,10.0,0.018
8,127,-38.0,68.0,10.0,0.018
8,128,-34.0,68.0,10.0,0.018
8,129,-30.0,68.0,10.0,0.018
8,130,-26.0,68.0,10.0,0.018
8,131,-22.0,68.0,10.0,0.018
8,132,-18.5,68.0,10.0,0.018
8,133,-15.5,68.0,10.0,0.018
8,134,-12.5,68.0,10.0,0.018
8,135,-10.0,68.0,10.0,0.018
8,136,-8.0,68.0,10.0,0.018
8,137,-6.0,68.0,10.0,0.018
8,138,-4.0,68.0,10.0,0.018
8,139,-2.0,68.0,10.0,0.018
8,140,-0.0,68.0,10.0,0.018
8,141,2.0,68.0,10.0,0.018
8,142,4.5,68.0,10.0,0.018
8,143,8.0,68.0,10.0,0.018
8,144,12.0,68.0,10.0,0.018
8,145,16.0,68.0,10.0,0.018
8,146,20.0,68.0,10.0,0.018
8,147,24.0,68.0,10.0,0.018
8,148,28.0,68.0,10.0,0.018
8,149,36.0,68.0,10.0,0.018
8,150,54.0,68.0,10.0,0.018
8,151,86.0,68.0,10.0,0.018
8,152,108.0,68.0,0.01,0.018
8,153,-146.0,48.0,0.01,0.018
8,154,-136.0,48.0,10.0,0.018
8,155,-124.0,48.0,10.0,0.018
8,156,-118.0,48.0,10.0,0.018
8,157,-114.0,48.0,10.0,0.018
8,158,-110.0,48.0,10.0,0.018
8,159,-106.0,48.0,10.0,0.018
8,160,-102.5,48.0,10.0,0.018
8,161,-100.0,48.0,10.0,0.018
8,162,-98.0,48.0,10.0,0.018
8,163,-96.0,48.0,10.0,0.018
8,164,-93.5,48.0,10.0,0.018
8,165,-90.0,48.0,10.0,0.018
8,166,-86.0,48.0,10.0,0.018
8,167,-82.0,48.0,10.0,0.018
8,168,-78.0,48.0,10.0,0.018
8,169,-74.0,48.0,10.0,0.018
8,170,-70.0,48.0,10.0,0.018
8,171,-66.0,48.0,10.0,0.018
8,172,-62.0,48.0,10.0,0.018
8,173,-58.0,48.0,10.0,0.018
8,174,-54.0,48.0,10.0,0.018
8,175,-50.0,48.0,10.0,0.018
8,176,-46.0,48.0,10.0,0.018
8,177,-42.0,48.0,10.0,0.018
8,178,-38.0,48.0,10.0,0.018
8,179,-34.0,48.0,10.0,0.018
8,180,-30.0,48.0,10.0,0.018
8,181,-26.0,48.0,10.0,0.018
8,182,-22.0,48.0,10.0,0.018
8,183,-18.5,48.0,10.0,0.018
8,184,-15.5,48.0,10.0,0.018
8,185,-12.5,48.0,10.0,0.018
8,186,-10.0,48.0,10.0,0.018
8,187,-8.0,48.0,10.0,0.018
8,188,-6.0,48.0,10.0,0.018
8,189,-4.0,48.0,10.0,0.018
8,190,-2.0,48.0,10.0,0.018
8,191,-0.0,48.0,10.0,0.018
8,192,2.0,48.0,10.0,0.018
8,193,4.5,48.0,10.0,0.018
8,194,8.0,48.0,10.0,0.018
8,195,12.0,48.0,10.0,0.018
8,196,16.0,48.0,10.0,0.018
8,197,20.0,48.0,10.0,0.018
8,198,24.0,48.0,10.0,0.018
8,199,28.0,48.0,10.0,0.018
8,200,36.0,48.0,10.0,0.018
8,201,54.0,48.0,10.0,0.018
8,202,86.0,48.0,10.0,0.018
8,203,108.0,48.0,0.01,0.018
8,204,-146.0,34.0,0.01,0.018
8,205,-136.0,34.0,10.0,0.018
8,206,-124.0,34.0,10.0,0.018
8,207,-118.0,34.0,10.0,0.018
8,208,-114.0,34.0,10.0,0.018
8,209,-110.0,34.0,10.0,0.018
8,210,-106.0,34.0,10.0,0.018
8,211,-102.5,34.0,10.0,0.018
8,212,-100.0,34.0,10.0,0.018
8,213,-98.0,34.0,10.0,0.018
8,214,-96.0,34.0,10.0,0.018
8,215,-93.5,34.0,10.0,0.018
8,216,-90.0,34.0,10.0,0.018
8,217,-86.0,34.0,10.0,0.018
8,218,-82.0,34.0,10.0,0.018
8,219,-78.0,34.0,10.0,0.018
8,220,-74.0,34.0,10.0,0.018
8,221,-70.0,34.0,10.0,0.018
8,222,-66.0,34.0,10.0,0.018
8,223,-62.0,34.0,10.0,0.018
8,224,-58.0,34.0,10.0,0.018
8,225,-54.0,34.0,10.0,0.018
8,226,-50.0,34.0,10.0,0.018
8,227,-46.0,34.0,10.0,0.018
8,228,-42.0,34.0,10.0,0.018
8,229,-38.0,34.0,10.0,0.018
8,230,-34.0,34.0,10.0,0.018
8,231,-30.0,34.0,10.0,0.018
8,232,-26.0,34.0,10.0,0.018
8,233,-22.0,34.0,10.0,0.018
8,234,-18.5,34.0,10.0,0.018
8,235,-15.5,34.0,10.0,0.018
8,236,-12.5,34.0,10.0,0.018
8,237,-10.0,34.0,10.0,0.018
8,238,-8.0,34.0,10.0,0.018
8,239,-6.0,34.0,10.0,0.018
8,240,-4.0,34.0,10.0,0.018
8,241,-2.0,34.0,10.0,0.018
8,242,-0.0,34.0,10.0,0.018
8,243,2.0,34.0,10.0,0.018
8,244,4.5,34.0,10.0,0.018
8,245,8.0,34.0,10.0,0.018
8,246,12.0,34.0,10.0,0.018
8,247,16.0,34.0,10.0,0.018
8,248,20.0,34.0,10.0,0.018
8,249,24.0,34.0,10.0,0.018
8,250,28.0,34.0,10.0,0.018
8,251,36.0,34.0,10.0,0.018
8,252,54.0,34.0,10.0,0.018
8,253,86.0,34.0,10.0,0.018
8,254,108.0,34.0,0.01,0.018
8,255,-146.0,23.0,0.01,0.018
8,256,-136.0,23.0,10.0,0.018
8,257,-124.0,23.0,10.0,0.018
8,258,-118.0,23.0,10.0,0.018
8,259,-114.0,23.0,10.0,0.018
8,260,-110.0,23.0,10.0,0.018
8,261,-106.0,23.0,10.0,0.018
8,262,-102.5,23.0,10.0,0.018
8,263,-100.0,23.0,10.0,0.018
8,264,-98.0,23.0,10.0,0.018
8,265,-96.0,23.0,10.0,0.018
8,266,-93.5,23.0,10.0,0.018
8,267,-90.0,23.0,10.0,0.018
8,268,-86.0,23.0,10.0,0.018
8,269,-82.0,23.0,10.0,0.018
8,270,-78.0,23.0,10.0,0.018
8,271,-74.0,23.0,10.0,0.018
8,272,-70.0,23.0,10.0,0.018
8,273,-66.0,23.0,10.0,0.018
8,274,-62.0,23.0,10.0,0.018
8,275,-58.0,23.0,10.0,0.018
8,276,-54.0,23.0,10.0,0.018
8,277,-50.0,23.0,10.0,0.018
8,278,-46.0,23.0,10.0,0.018
8,279,-42.0,23.0,10.0,0.018
8,280,-38.0,23.0,10.0,0.018
8,281,-34.0,23.0,10.0,0.018
8,282,-30.0,23.0,10.0,0.018
8,283,-26.0,23.0,10.0,0.018
8,284,-22.0,23.0,10.0,0.018
8,285,-18.5,23.0,10.0,0.018
8,286,-15.5,23.0,10.0,0.018
8,287,-12.5,23.0,10.0,0.018
8,288,-10.0,23.0,10.0,0.018
8,289,-8.0,23.0,10.0,0.018
8,290,-6.0,23.0,10.0,0.018
8,291,-4.0,23.0,10.0,0.018
8,292,-2.0,23.0,10.0,0.018
8,293,-0.0,23.0,10.0,0.018
8,294,2.0,23.0,10.0,0.018
8,295,4.5,23.0,10.0,0.018
8,296,8.0,23.0,10.0,0.018
8,297,12.0,23.0,10.0,0.018
8,298,16.0,23.0,10.0,0.018
8,299,20.0,23.0,10.0,0.018
8,300,24.0,23.0,10.0,0.018
8,301,28.0,23.0,10.0,0.018
8,302,36.0,23.0,10.0,0.018
8,303,54.0,23.0,10.0,0.018
8,304,86.0,23.0,10.0,0.018
8,305,108.0,23.0,0.01,0.018
8,306,-146.0,15.0,0.01,0.018
8,307,-136.0,15.0,10.0,0.018
8,308,-124.0,15.0,10.0,0.018
8,309,-118.0,15.0,10.0,0.018
8,310,-114.0,15.0,10.0,0.018
8,311,-110.0,15.0,10.0,0.018
8,312,-106.0,15.0,10.0,0.018
8,313,-102.5,15.0,10.0,0.018
8,314,-100.0,15.0,10.0,0.018
8,315,-98.0,15.0,10.0,0.018
8,316,-96.0,15.0,10.0,0.018
8,317,-93.5,15.0,10.0,0.018
8,318,-90.0,15.0,10.0,0.018
8,319,-86.0,15.0,10.0,0.018
8,320,-82.0,15.0,10.0,0.018
8,321,-78.0,15.0,10.0,0.018
8,322,-74.0,15.0,10.0,0.018
8,323,-70.0,15.0,10.0,0.018
8,324,-66.0,15.0,10.0,0.018
8,325,-62.0,15.0,10.0,0.018
8,326,-58.0,15.0,10.0,0.018
8,327,-54.0,15.0,10.0,0.018
8,328,-50.0,15.0,10.0,0.018
8,329,-46.0,15.0,10.0,0.018
8,330,-42.0,15.0,10.0,0.018
8,331,-38.0,15.0,10.0,0.018
8,332,-34.0,15.0,10.0,0.018
8,333,-30.0,15.0,10.0,0.018
8,334,-26.0,15.0,10.0,0.018
8,335,-22.0,15.0,10.0,0.018
8,336,-18.5,15.0,10.0,0.018
8,337,-15.5,15.0,10.0,0.018
8,338,-12.5,15.0,10.0,0.018
8,339,-10.0,15.0,10.0,0.018
8,340,-8.0,15.0,10.0,0.018
8,341,-6.0,15.0,10.0,0.018
8,342,-4.0,15.0,10.0,0.018
8,343,-2.0,15.0,10.0,0.018
8,344,-0.0,15.0,10.0,0.018
8,345,2.0,15.0,10.0,0.018
8,346,4.5,15.0,10.0,0.018
8,347,8.0,15.0,10.0,0.018
8,348,12.0,15.0,10.0,0.018
8,349,16.0,15.0,10.0,0.018
8,350,20.0,15.0,10.0,0.018
8,351,24.0,15.0,10.0,0.018
8,352,28.0,15.0,10.0,0.018
8,353,36.0,15.0,10.0,0.018
8,354,54.0,15.0,10.0,0.018
8,355,86.0,15.0,10.0,0.018
8,356,108.0,15.0,0.01,0.018
8,357,-146.0,10.0,0.01,0.018
8,358,-136.0,10.0,10.0,0.018
8,359,-124.0,10.0,10.0,0.018
8,360,-118.0,10.0,10.0,0.018
8,361,-114.0,10.0,10.0,0.018
8,362,-110.0,10.0,10.0,0.018
8,363,-106.0,10.0,10.0,0.018
8,364,-102.5,10.0,10.0,0.018
8,365,-100.0,10.0,10.0,0.018
8,366,-98.0,10.0,10.0,0.018
8,367,-96.0,10.0,10.0,0.018
8,368,-93.5,10.0,10.0,0.018
8,369,-90.0,10.0,10.0,0.018
8,370,-86.0,10.0,10.0,0.018
8,371,-82.0,10.0,10.0,0.018
8,372,-78.0,10.0,10.0,0.018
8,373,-74.0,10.0,10.0,0.018
8,374,-70.0,10.0,10.0,0.018
8,375,-66.0,10.0,10.0,0.018
8,376,-62.0,10.0,10.0,0.018
8,377,-58.0,10.0,10.0,0.018
8,378,-54.0,10.0,10.0,0.018
8,379,-50.0,10.0,10.0,0.018
8,380,-46.0,10.0,10.0,0.018
8,381,-42.0,10.0,10.0,0.018
8,382,-38.0,10.0,10.0,0.018
8,383,-34.0,10.0,10.0,0.018
8,384,-30.0,10.0,10.0,0.018
8,385,-26.0,10.0,10.0,0.018
8,386,-22.0,10.0,10.0,0.018
8,387,-18.5,10.0,10.0,0.018
8,388,-15.5,10.0,10.0,0.018
8,389,-12.5,10.0,10.0,0.018
8,390,-10.0,10.0,10.0,0.018
8,391,-8.0,10.0,10.0,0.018
8,392,-6.0,10.0,10.0,0.018
8,393,-4.0,10.0,10.0,0.018
8,394,-2.0,10.0,10.0,0.018
8,395,-0.0,10.0,10.0,0.018
8,396,2.0,10.0,10.0,0.018
8,397,4.5,10.0,10.0,0.018
8,398,8.0,10.0,10.0,0.018
8,399,12.0,10.0,10.0,0.018
8,400,16.0,10.0,10.0,0.018
8,401,20.0,10.0,10.0,0.018
8,402,24.0,10.0,10.0,0.018
8,403,28.0,10.0,10.0,0.018
8,404,36.0,10.0,10.0,0.018
8,405,54.0,10.0,10.0,0.018
8,406,86.0,10.0,10.0,0.018
8,407,108.0,10.0,0.01,0.018
8,408,-146.0,6.0,0.01,0.018
8,409,-136.0,6.0,10.0,0.018
8,410,-124.0,6.0,10.0,0.018
8,411,-118.0,6.0,10.0,0.018
8,412,-114.0,6.0,10.0,0.018
8,413,-110.0,6.0,10.0,0.018
8,414,-106.0,6.0,10.0,0.018
8,415,-102.5,6.0,10.0,0.018
8,416,-100.0,6.0,10.0,0.018
8,417,-98.0,6.0,10.0,0.018
8,418,-96.0,6.0,10.0,0.018
8,419,-93.5,6.0,10.0,0.018
8,420,-90.0,6.0,10.0,0.018
8,421,-86.0,6.0,10.0,0.018
8,422,-82.0,6.0,10.0,0.018
8,423,-78.0,6.0,10.0,0.018
8,424,-74.0,6.0,10.0,0.018
8,425,-70.0,6.0,10.0,0.018
8,426,-66.0,6.0,10.0,0.018
8,427,-62.0,6.0,10.0,0.018
8,428,-58.0,6.0,10.0,0.018
8,429,-54.0,6.0,10.0,0.018
8,430,-50.0,6.0,10.0,0.018
8,431,-46.0,6.0,10.0,0.018
8,432,-42.0,6.0,10.0,0.018
8,433,-38.0,6.0,10.0,0.018
8,434,-34.0,6.0,10.0,0.018
8,435,-30.0,6.0,10.0,0.018
8,436,-26.0,6.0,10.0,0.018
8,437,-22.0,6.0,10.0,0.018
8,438,-18.5,6.0,10.0,0.018
8,439,-15.5,6.0,10.0,0.018
8,440,-12.5,6.0,10.0,0.018
8,441,-10.0,6.0,10.0,0.018
8,442,-8.0,6.0,10.0,0.018
8,443,-6.0,6.0,10.0,0.018
8,444,-4.0,6.0,10.0,0.018
8,445,-2.0,6.0,10.0,0.018
8,446,-0.0,6.0,10.0,0.018
8,447,2.0,6.0,10.0,0.018
8,448,4.5,6.0,10.0,0.018
8,449,8.0,6.0,10.0,0.018
8,450,12.0,6.0,10.0,0.018
8,451,16.0,6.0,10.0,0.018
8,452,20.0,6.0,10.0,0.018
8,453,24.0,6.0,10.0,0.018
8,454,28.0,6.0,10.0,0.018
8,455,36.0,6.0,10.0,0.018
8,456,54.0,6.0,10.0,0.018
8,457,86.0,6.0,10.0,0.018
8,458,108.0,6.0,0.01,0.018
8,459,-146.0,2.0,0.01,0.018
8,460,-136.0,2.0,10.0,0.018
8,461,-124.0,2.0,10.0,0.018
8,462,-118.0,2.0,10.0,0.018
8,463,-114.0,2.0,10.0,0.018
8,464,-110.0,2.0,10.0,0.018
8,465,-106.0,2.0,10.0,0.018
8,466,-102.5,2.0,10.0,0.018
8,467,-100.0,2.0,10.0,0.018
8,468,-98.0,2.0,10.0,0.018
8,469,-96.0,2.0,10.0,0.018
8,470,-93.5,2.0,10.0,0.018
8,471,-90.0,2.0,10.0,0.018
8,472,-86.0,2.0,10.0,0.018
8,473,-82.0,2.0,10.0,0.018
8,474,-78.0,2.0,10.0,0.018
8,475,-74.0,2.0,10.0,0.018
8,476,-70.0,2.0,10.0,0.018
8,477,-66.0,2.0,10.0,0.018
8,478,-62.0,2.0,10.0,0.018
8,479,-58.0,2.0,10.0,0.018
8,480,-54.0,2.0,10.0,0.018
8,481,-50.0,2.0,10.0,0.018
8,482,-46.0,2.0,10.0,0.018
8,483,-42.0,2.0,10.0,0.018
8,484,-38.0,2.0,10.0,0.018
8,485,-34.0,2.0,10.0,0.018
8,486,-30.0,2.0,10.0,0.018
8,487,-26.0,2.0,10.0,0.018
8,488,-22.0,2.0,10.0,0.018
8,489,-18.5,2.0,10.0,0.018
8,490,-15.5,2.0,10.0,0.018
8,491,-12.5,2.0,10.0,0.018
8,492,-10.0,2.0,10.0,0.018
8,493,-8.0,2.0,10.0,0.018
8,494,-6.0,2.0,10.0,0.018
8,495,-4.0,2.0,10.0,0.018
8,496,-2.0,2.0,10.0,0.018
8,497,-0.0,2.0,10.0,0.018
8,498,2.0,2.0,10.0,0.018
8,499,4.5,2.0,10.0,0.018
8,500,8.0,2.0,10.0,0.018
8,501,12.0,2.0,10.0,0.018
8,502,16.0,2.0,10.0,0.018
8,503,20.0,2.0,10.0,0.018
8,504,24.0,2.0,10.0,0.018
8,505,28.0,2.0,10.0,0.018
8,506,36.0,2.0,10.0,0.018
8,507,54.0,2.0,10.0,0.018
8,508,86.0,2.0,10.0,0.018
8,509,108.0,2.0,0.01,0.018
9,0,-146.0,122.0,0.01,0.02
9,1,-136.0,122.0,0.125,0.02
9,2,-124.0,122.0,0.125,0.02
9,3,-118.0,122.0,0.125,0.02
9,4,-114.0,122.0,0.125,0.02
9,5,-110.0,122.0,0.125,0.02
9,6,-106.0,122.0,0.125,0.02
9,7,-102.5,122.0,0.125,0.02
9,8,-100.0,122.0,0.125,0.02
9,9,-98.0,122.0,0.125,0.02
9,10,-96.0,122.0,0.125,0.02
9,11,-93.5,122.0,0.125,0.02
9,12,-90.0,122.0,0.125,0.02
9,13,-86.0,122.0,0.125,0.02
9,14,-82.0,122.0,0.125,0.02
9,15,-78.0,122.0,0.125,0.02
9,16,-74.0,122.0,0.125,0.02
9,17,-70.0,122.0,0.125,0.02
9,18,-66.0,122.0,0.125,0.02
9,19,-62.0,122.0,0.125,0.02
9,20,-58.0,122.0,0.125,0.02
9,21,-54.0,122.0,0.125,0.02
9,22,-50.0,122.0,0.125,0.02
9,23,-46.0,122.0,0.125,0.02
9,24,-42.0,122.0,0.125,0.02
9,25,-38.0,122.0,0.125,0.02
9,26,-34.0,122.0,0.125,0.02
9,27,-30.0,122.0,0.125,0.02
9,28,-26.0,122.0,0.125,0.02
9,29,-22.0,122.0,0.125,0.02
9,30,-18.5,122.0,0.125,0.02
9,31,-15.5,122.0,0.125,0.02
9,32,-12.5,122.0,0.125,0.02
9,33,-10.0,122.0,0.125,0.02
9,34,-8.0,122.0,0.125,0.02
9,35,-6.0,122.0,0.125,0.02
9,36,-4.0,122.0,0.125,0.02
9,37,-2.0,122.0,0.125,0.02
9,38,-0.0,122.0,0.125,0.02
9,39,2.0,122.0,0.125,0.02
9,40,4.5,122.0,0.125,0.02
9,41,8.0,122.0,0.125,0.02
9,42,12.0,122.0,0.125,0.02
9,43,16.0,122.0,0.125,0.02
9,44,20.0,122.0,0.125,0.02
9,45,24.0,122.0,0.125,0.02
9,46,28.0,122.0,0.125,0.02
9,47,36.0,122.0,0.125,0.02
9,48,54.0,122.0,0.125,0.02
9,49,86.0,122.0,0.125,0.02
9,50,108.0,122.0,0.01,0.02
9,51,-146.0,100.0,0.01,0.02
9,52,-136.0,100.0,0.125,0.02
9,53,-124.0,100.0,0.125,0.02
9,54,-118.0,100.0,0.125,0.02
9,55,-114.0,100.0,0.125,0.02
9,56,-110.0,100.0,0.125,0.02
9,57,-106.0,100.0,0.125,0.02
9,58,-102.5,100.0,0.125,0.02
9,59,-100.0,100.0,0.125,0.02
9,60,-98.0,100.0,0.125,0.02
9,61,-96.0,100.0,0.125,0.02
9,62,-93.5,100.0,0.125,0.02
9,63,-90.0,100.0,0.125,0.02
9,64,-86.0,100.0,0.125,0.02
9,65,-82.0,100.0,0.125,0.02
9,66,-78.0,100.0,0.125,0.02
9,67,-74.0,100.0,0.125,0.02
9,68,-70.0,100.0,0.125,0.02
9,69,-66.0,100.0,0.125,0.02
9,70,-62.0,100.0,0.125,0.02
9,71,-58.0,100.0,0.125,0.02
9,72,-54.0,100.0,0.125,0.02
9,73,-50.0,100.0,0.125,0.02
9,74,-46.0,100.0,0.125,0.02
9,75,-42.0,100.0,0.125,0.02
9,76,-38.0,100.0,0.125,0.02
9,77,-34.0,100.0,0.125,0.02
9,78,-30.0,100.0,0.125,0.02
9,79,-26.0,100.0,0.125,0.02
9,80,-22.0,100.0,0.125,0.02
9,81,-18.5,100.0,0.125,0.02
9,82,-15.5,100.0,0.125,0.02
9,83,-12.5,100.0,0.125,0.02
9,84,-10.0,100.0,0.125,0.02
9,85,-8.0,100.0,0.125,0.02
9,86,-6.0,100.0,0.125,0.02
9,87,-4.0,100.0,0.125,0.02
9,88,-2.0,100.0,0.125,0.02
9,89,-0.0,100.0,0.125,0.02
9,90,2.0,100.0,0.125,0.02
9,91,4.5,100.0,0.125,0.02
9,92,8.0,100.0,0.125,0.02
9,93,12.0,100.0,0.125,0.02
9,94,16.0,100.0,0.125,0.02
9,95,20.0,100.0,0.125,0.02
9,96,24.0,100.0,0.125,0.02
9,97,28.0,100.0,0.125,0.02
9,98,36.0,100.0,0.125,0.02
9,99,54.0,100.0,0.125,0.02
9,100,86.0,100.0,0.125,0.02
9,101,108.0,100.0,0.01,0.02
9,102,-146.0,68.0,0.01,0.02
9,103,-136.0,68.0,0.125,0.02
9,104,-124.0,68.0,0.125,0.02
9,105,-118.0,68.0,0.125,0.02
9,106,-114.0,68.0,0.125,0.02
9,107,-110.0,68.0,0.125,0.02
9,108,-106.0,68.0,0.125,0.02
9,109,-102.5,68.0,0.125,0.02
9,110,-100.0,68.0,0.125,0.02
9,111,-98.0,68.0,0.125,0.02
9,112,-96.0,68.0,0.125,0.02
9,113,-93.5,68.0,0.125,0.02
9,114,-90.0,68.0,0.125,0.02
9,115,-86.0,68.0,0.125,0.02
9,116,-82.0,68.0,0.125,0.02
9,117,-78.0,68.0,0.125,0.02
9,118,-74.0,68.0,0.125,0.02
9,119,-70.0,68.0,0.125,0.02
9,120,-66.0,68.0,0.125,0.02
9,121,-62.0,68.0,0.125,0.02
9,122,-58.0,68.0,0.125,0.02
9,123,-54.0,68.0,0.125,0.02
9,124,-50.0,68.0,0.125,0.02
9,125,-46.0,68.0,0.125,0.02
9,126,-42.0,68.0,0.125,0.02
9,127,-38.0,68.0,0.125,0.02
9,128,-34.0,68.0,0.125,0.02
9,129,-30.0,68.0,0.125,0.02
9,130,-26.0,68.0,0.125,0.02
9,131,-22.0,68.0,0.125,0.02
9,132,-18.5,68.0,0.125,0.02
9,133,-15.5,68.0,0.125,0.02
9,134,-12.5,68.0,0.125,0.02
9,135,-10.0,68.0,0.125,0.02
9,136,-8.0,68.0,0.125,0.02
9,137,-6.0,68.0,0.125,0.02
9,138,-4.0,68.0,0.125,0.02
9,139,-2.0,68.0,0.125,0.02
9,140,-0.0,68.0,0.125,0.02
9,141,2.0,68.0,0.125,0.02
9,142,4.5,68.0,0.125,0.02
9,143,8.0,68.0,0.125,0.02
9,144,12.0,68.0,0.125,0.02
9,145,16.0,68.0,0.125,0.02
9,146,20.0,68.0,0.125,0.02
9,147,24.0,68.0,0.125,0.02
9,148,28.0,68.0,0.125,0.02
9,149,36.0,68.0,0.125,0.02
9,150,54.0,68.0,0.125,0.02
9,151,86.0,68.0,0.125,0.02
9,152,108.0,68.0,0.01,0.02
9,153,-146.0,48.0,0.01,0.02
9,154,-136.0,48.0,0.125,0.02
9,155,-124.0,48.0,0.125,0.02
9,156,-118.0,48.0,0.125,0.02
9,157,-114.0,48.0,0.125,0.02
9,158,-110.0,48.0,0.125,0.02
9,159,-106.0,48.0,0.125,0.02
9,160,-102.5,48.0,0.125,0.02
9,161,-100.0,48.0,0.125,0.02
9,162,-98.0,48.0,0.125,0.02
9,163,-96.0,48.0,0.125,0.02
9,164,-93.5,48.0,0.125,0.02
9,165,-90.0,48.0,0.125,0.02
9,166,-86.0,48.0,0.125,0.02
9,167,-82.0,48.0,0.125,0.02
9,168,-78.0,48.0,0.125,0.02
9,169,-74.0,48.0,0.125,0.02
9,170,-70.0,48.0,0.125,0.02
9,171,-66.0,48.0,0.125,0.02
9,172,-62.0,48.0,0.125,0.02
9,173,-58.0,48.0,0.125,0.02
9,174,-54.0,48.0,0.125,0.02
9,175,-50.0,48.0,0.125,0.02
9,176,-46.0,48.0,0.125,0.02
9,177,-42.0,48.0,0.125,0.02
9,178,-38.0,48.0,0.125,0.02
9,179,-34.0,48.0,0.125,0.02
9,180,-30.0,48.0,0.125,0.02
9,181,-26.0,48.0,0.125,0.02
9,182,-22.0,48.0,0.125,0.02
9,183,-18.5,48.0,0.125,0.02
9,184,-15.5,48.0,0.125,0.02
9,185,-12.5,48.0,0.125,0.02
9,186,-10.0,48.0,0.125,0.02
9,187,-8.0,48.0,0.125,0.02
9,188,-6.0,48.0,0.125,0.02
9,189,-4.0,48.0,0.125,0.02
9,190,-2.0,48.0,0.125,0.02
9,191,-0.0,48.0,0.125,0.02
9,192,2.0,48.0,0.125,0.02
9,193,4.5,48.0,0.125,0.02
9,194,8.0,48.0,0.125,0.02
9,195,12.0,48.0,0.125,0.02
9,196,16.0,48.0,0.125,0.02
9,197,20.0,48.0,0.125,0.02
9,198,24.0,48.0,0.125,0.02
9,199,28.0,48.0,0.125,0.02
9,200,36.0,48.0,0.125,0.02
9,201,54.0,48.0,0.125,0.02
9,202,86.0,48.0,0.125,0.02
9,203,108.0,48.0,0.01,0.02
9,204,-146.0,34.0,0.01,0.02
9,205,-136.0,34.0,0.125,0.02
9,206,-124.0,34.0,0.125,0.02
9,207,-118.0,34.0,0.125,0.02
9,208,-114.0,34.0,0.125,0.02
9,209,-110.0,34.0,0.125,0.02
9,210,-106.0,34.0,0.125,0.02
9,211,-102.5,34.0,0.125,0.02
9,212,-100.0,34.0,0.125,0.02
9,213,-98.0,34.0,0.125,0.02
9,214,-96.0,34.0,0.125,0.02
9,215,-93.5,34.0,0.125,0.02
9,216,-90.0,34.0,0.125,0.02
9,217,-86.0,34.0,0.125,0.02
9,218,-82.0,34.0,0.125,0.02
9,219,-78.0,34.0,0.125,0.02
9,220,-74.0,34.0,0.125,0.02
9,221,-70.0,34.0,0.125,0.02
9,222,-66.0,34.0,0.125,0.02
9,223,-62.0,34.0,0.125,0.02
9,224,-58.0,34.0,0.125,0.02
9,225,-54.0,34.0,0.125,0.02
9,226,-50.0,34.0,0.125,0.02
9,227,-46.0,34.0,0.125,0.02
9,228,-42.0,34.0,0.125,0.02
9,229,-38.0,34.0,0.125,0.02
9,230,-34.0,34.0,0.125,0.02
9,231,-30.0,34.0,0.125,0.02
9,232,-26.0,34.0,0.125,0.02
9,233,-22.0,34.0,0.125,0.02
9,234,-18.5,34.0,0.125,0.02
9,235,-15.5,34.0,0.125,0.02
9,236,-12.5,34.0,0.125,0.02
9,237,-10.0,34.0,0.125,0.02
9,238,-8.0,34.0,0.125,0.02
9,239,-6.0,34.0,0.125,0.02
9,240,-4.0,34.0,0.125,0.02
9,241,-2.0,34.0,0.125,0.02
9,242,-0.0,34.0,0.125,0.02
9,243,2.0,34.0,0.125,0.02
9,244,4.5,34.0,0.125,0.02
9,245,8.0,34.0,0.125,0.02
9,246,12.0,34.0,0.125,0.02
9,247,16.0,34.0,0.125,0.02
9,248,20.0,34.0,0.125,0.02
9,249,24.0,34.0,0.125,0.02
9,250,28.0,34.0,0.125,0.02
9,251,36.0,34.0,0.125,0.02
9,252,54.0,34.0,0.125,0.02
9,253,86.0,34.0,0.125,0.02
9,254,108.0,34.0,0.01,0.02
9,255,-146.0,23.0,0.01,0.02
9,256,-136.0,23.0,0.125,0.02
9,257,-124.0,23.0,0.125,0.02
9,258,-118.0,23.0,0.125,0.02
9,259,-114.0,23.0,0.125,0.02
9,260,-110.0,23.0,0.125,0.02
9,261,-106.0,23.0,0.125,0.02
9,262,-102.5,23.0,0.125,0.02
9,263,-100.0,23.0,0.125,0.02
9,264,-98.0,23.0,0.125,0.02
9,265,-96.0,23.0,0.125,0.02
9,266,-93.5,23.0,0.125,0.02
9,267,-90.0,23.0,0.125,0.02
9,268,-86.0,23.0,0.125,0.02
9,269,-82.0,23.0,0.125,0.02
9,270,-78.0,23.0,0.125,0.02
9,271,-74.0,23.0,0.125,0.02
9,272,-70.0,23.0,0.125,0.02
9,273,-66.0,23.0,0.125,0.02
9,274,-62.0,23.0,0.125,0.02
9,275,-58.0,23.0,0.125,0.02
9,276,-54.0,23.0,0.125,0.02
9,277,-50.0,23.0,0.125,0.02
9,278,-46.0,23.0,0.125,0.02
9,279,-42.0,23.0,0.125,0.02
9,280,-38.0,23.0,0.125,0.02
9,281,-34.0,23.0,0.125,0.02
9,282,-30.0,23.0,0.125,0.02
9,283,-26.0,23.0,0.125,0.02
9,284,-22.0,23.0,0.125,0.02
9,285,-18.5,23.0,0.125,0.02
9,286,-15.5,23.0,0.125,0.02
9,287,-12.5,23.0,0.125,0.02
9,288,-10.0,23.0,0.125,0.02
9,289,-8.0,23.0,0.125,0.02
9,290,-6.0,23.0,0.125,0.02
9,291,-4.0,23.0,0.125,0.02
9,292,-2.0,23.0,0.125,0.02
9,293,-0.0,23.0,0.125,0.02
9,294,2.0,23.0,0.125,0.02
9,295,4.5,23.0,0.125,0.02
9,296,8.0,23.0,0.125,0.02
9,297,12.0,23.0,0.125,0.02
9,298,16.0,23.0,0.125,0.02
9,299,20.0,23.0,0.125,0.02
9,300,24.0,23.0,0.125,0.02
9,301,28.0,23.0,0.125,0.02
9,302,36.0,23.0,0.125,0.02
9,303,54.0,23.0,0.125,0.02
9,304,86.0,23.0,0.125,0.02
9,305,108.0,23.0,0.01,0.02
9,306,-146.0,15.0,0.01,0.02
9,307,-136.0,15.0,0.125,0.02
9,308,-124.0,15.0,0.125,0.02
9,309,-118.0,15.0,0.125,0.02
9,310,-114.0,15.0,0.125,0.02
9,311,-110.0,15.0,0.125,0.02
9,312,-106.0,15.0,0.125,0.02
9,313,-102.5,15.0,0.125,0.02
9,314,-100.0,15.0,0.125,0.02
9,315,-98.0,15.0,0.125,0.02
9,316,-96.0,15.0,0.125,0.02
9,317,-93.5,15.0,0.125,0.02
9,318,-90.0,15.0,0.125,0.02
9,319,-86.0,15.0,0.125,0.02
9,320,-82.0,15.0,0.125,0.02
9,321,-78.0,15.0,0.125,0.02
9,322,-74.0,15.0,0.125,0.02
9,323,-70.0,15.0,0.125,0.02
9,324,-66.0,15.0,0.125,0.02
9,325,-62.0,15.0,0.125,0.02
9,326,-58.0,15.0,0.125,0.02
9,327,-54.0,15.0,0.125,0.02
9,328,-50.0,15.0,0.125,0.02
9,329,-46.0,15.0,0.125,0.02
9,330,-42.0,15.0,0.125,0.02
9,331,-38.0,15.0,0.125,0.02
9,332,-34.0,15.0,0.125,0.02
9,333,-30.0,15.0,0.125,0.02
9,334,-26.0,15.0,0.125,0.02
9,335,-22.0,15.0,0.125,0.02
9,336,-18.5,15.0,0.125,0.02
9,337,-15.5,15.0,0.125,0.02
9,338,-12.5,15.0,0.125,0.02
9,339,-10.0,15.0,0.125,0.02
9,340,-8.0,15.0,0.125,0.02
9,341,-6.0,15.0,0.125,0.02
9,342,-4.0,15.0,0.125,0.02
9,343,-2.0,15.0,0.125,0.02
9,344,-0.0,15.0,0.125,0.02
9,345,2.0,15.0,0.125,0.02
9,346,4.5,15.0,0.125,0.02
9,347,8.0,15.0,0.125,0.02
9,348,12.0,15.0,0.125,0.02
9,349,16.0,15.0,0.125,0.02
9,350,20.0,15.0,0.125,0.02
9,351,24.0,15.0,0.125,0.02
9,352,28.0,15.0,0.125,0.02
9,353,36.0,15.0,0.125,0.02
9,354,54.0,15.0,0.125,0.02
9,355,86.0,15.0,0.125,0.02
9,356,108.0,15.0,0.01,0.02
9,357,-146.0,10.0,0.01,0.02
9,358,-136.0,10.0,0.125,0.02
9,359,-124.0,10.0,0.125,0.02
9,360,-118.0,10.0,0.125,0.02
9,361,-114.0,10.0,0.125,0.02
9,362,-110.0,10.0,0.125,0.02
9,363,-106.0,10.0,0.125,0.02
9,364,-102.5,10.0,0.125,0.02
9,365,-100.0,10.0,0.125,0.02
9,366,-98.0,10.0,0.125,0.02
9,367,-96.0,10.0,0.125,0.02
9,368,-93.5,10.0,0.125,0.02
9,369,-90.0,10.0,0.125,0.02
9,370,-86.0,10.0,0.125,0.02
9,371,-82.0,10.0,0.125,0.02
9,372,-78.0,10.0,0.125,0.02
9,373,-74.0,10.0,0.125,0.02
9,374,-70.0,10.0,0.125,0.02
9,375,-66.0,10.0,0.125,0.02
9,376,-62.0,10.0,0.125,0.02
9,377,-58.0,10.0,0.125,0.02
9,378,-54.0,10.0,0.125,0.02
9,379,-50.0,10.0,0.125,0.02
9,380,-46.0,10.0,0.125,0.02
9,381,-42.0,10.0,0.125,0.02
9,382,-38.0,10.0,0.125,0.02
9,383,-34.0,10.0,0.125,0.02
9,384,-30.0,10.0,0.125,0.02
9,385,-26.0,10.0,0.125,0.02
9,386,-22.0,10.0,0.125,0.02
9,387,-18.5,10.0,0.125,0.02
9,388,-15.5,10.0,0.125,0.02
9,389,-12.5,10.0,0.125,0.02
9,390,-10.0,10.0,0.125,0.02
9,391,-8.0,10.0,0.125,0.02
9,392,-6.0,10.0,0.125,0.02
9,393,-4.0,10.0,0.125,0.02
9,394,-2.0,10.0,0.125,0.02
9,395,-0.0,10.0,0.125,0.02
9,396,2.0,10.0,0.125,0.02
9,397,4.5,10.0,0.125,0.02
9,398,8.0,10.0,0.125,0.02
9,399,12.0,10.0,0.125,0.02
9,400,16.0,10.0,0.125,0.02
9,401,20.0,10.0,0.125,0.02
9,402,24.0,10.0,0.125,0.02
9,403,28.0,10.0,0.125,0.02
9,404,36.0,10.0,0.125,0.02
9,405,54.0,10.0,0.125,0.02
9,406,86.0,10.0,0.125,0.02
9,407,108.0,10.0,0.01,0.02
9,408,-146.0,6.0,0.01,0.02
9,409,-136.0,6.0,0.125,0.02
9,410,-124.0,6.0,0.125,0.02
9,411,-118.0,6.0,0.125,0.02
9,412,-114.0,6.0,0.125,0.02
9,413,-110.0,6.0,0.125,0.02
9,414,-106.0,6.0,0.125,0.02
9,415,-102.5,6.0,0.125,0.02
9,416,-100.0,6.0,0.125,0.02
9,417,-98.0,6.0,0.125,0.02
9,418,-96.0,6.0,0.125,0.02
9,419,-93.5,6.0,0.125,0.02
9,420,-90.0,6.0,0.125,0.02
9,421,-86.0,6.0,0.125,0.02
9,422,-82.0,6.0,0.125,0.02
9,423,-78.0,6.0,0.125,0.02
9,424,-74.0,6.0,0.125,0.02
9,425,-70.0,6.0,0.125,0.02
9,426,-66.0,6.0,0.125,0.02
9,427,-62.0,6.0,0.125,0.02
9,428,-58.0,6.0,0.125,0.02
9,429,-54.0,6.0,0.125,0.02
9,430,-50.0,6.0,0.125,0.02
9,431,-46.0,6.0,0.125,0.02
9,432,-42.0,6.0,0.125,0.02
9,433,-38.0,6.0,0.125,0.02
9,434,-34.0,6.0,0.125,0.02
9,435,-30.0,6.0,0.125,0.02
9,436,-26.0,6.0,0.125,0.02
9,437,-22.0,6.0,0.125,0.02
9,438,-18.5,6.0,0.125,0.02
9,439,-15.5,6.0,0.125,0.02
9,440,-12.5,6.0,0.125,0.02
9,441,-10.0,6.0,0.125,0.02
9,442,-8.0,6.0,0.125,0.02
9,443,-6.0,6.0,0.125,0.02
9,444,-4.0,6.0,0.125,0.02
9,445,-2.0,6.0,0.125,0.02
9,446,-0.0,6.0,0.125,0.02
9,447,2.0,6.0,0.125,0.02
9,448,4.5,6.0,0.125,0.02
9,449,8.0,6.0,0.125,0.02
9,450,12.0,6.0,0.125,0.02
9,451,16.0,6.0,0.125,0.02
9,452,20.0,6.0,0.125,0.02
9,453,24.0,6.0,0.125,0.02
9,454,28.0,6.0,0.125,0.02
9,455,36.0,6.0,0.125,0.02
9,456,54.0,6.0,0.125,0.02
9,457,86.0,6.0,0.125,0.02
9,458,108.0,6.0,0.01,0.02
9,459,-146.0,2.0,0.01,0.02
9,460,-136.0,2.0,0.125,0.02
9,461,-124.0,2.0,0.125,0.02
9,462,-118.0,2.0,0.125,0.02
9,463,-114.0,2.0,0.125,0.02
9,464,-110.0,2.0,0.125,0.02
9,465,-106.0,2.0,0.125,0.02
9,466,-102.5,2.0,0.125,0.02
9,467,-100.0,2.0,0.125,0.02
9,468,-98.0,2.0,0.125,0.02
9,469,-96.0,2.0,0.125,0.02
9,470,-93.5,2.0,0.125,0.02
9,471,-90.0,2.0,0.125,0.02
9,472,-86.0,2.0,0.125,0.02
9,473,-82.0,2.0,0.125,0.02
9,474,-78.0,2.0,0.125,0.02
9,475,-74.0,2.0,0.125,0.02
9,476,-70.0,2.0,0.125,0.02
9,477,-66.0,2.0,0.125,0.02
9,478,-62.0,2.0,0.125,0.02
9,479,-58.0,2.0,0.125,0.02
9,480,-54.0,2.0,0.125,0.02
9,481,-50.0,2.0,0.125,0.02
9,482,-46.0,2.0,0.125,0.02
9,483,-42.0,2.0,0.125,0.02
9,484,-38.0,2.0,0.125,0.02
9,485,-34.0,2.0,0.125,0.02
9,486,-30.0,2.0,0.125,0.02
9,487,-26.0,2.0,0.125,0.02
9,488,-22.0,2.0,0.125,0.02
9,489,-18.5,2.0,0.125,0.02
9,490,-15.5,2.0,0.125,0.02
9,491,-12.5,2.0,0.125,0.02
9,492,-10.0,2.0,0.125,0.02
9,493,-8.0,2.0,0.125,0.02
9,494,-6.0,2.0,0.125,0.02
9,495,-4.0,2.0,0.125,0.02
9,496,-2.0,2.0,0.125,0.02
9,497,-0.0,2.0,0.125,0.02
9,498,2.0,2.0,0.125,0.02
9,499,4.5,2.0,0.125,0.02
9,500,8.0,2.0,0.125,0.02
9,501,12.0,2.0,0.125,0.02
9,502,16.0,2.0,0.125,0.02
9,503,20.0,2.0,0.125,0.02
9,504,24.0,2.0,0.125,0.02
9,505,28.0,2.0,0.125,0.02
9,506,36.0,2.0,0.125,0.02
9,507,54.0,2.0,0.125,0.02
9,508,86.0,2.0,0.125,0.02
9,509,108.0,2.0,0.01,0.02
10,0,-146.0,122.0,0.01,0.03493
10,1,-136.0,122.0,10.0,0.03493
10,2,-124.0,122.0,10.0,0.03493
10,3,-118.0,122.0,10.0,0.03493
10,4,-114.0,122.0,10.0,0.03493
10,5,-110.0,122.0,10.0,0.03493
10,6,-106.0,122.0,10.0,0.03493
10,7,-102.5,122.0,10.0,0.03493
10,8,-100.0,122.0,10.0,0.03493
10,9,-98.0,122.0,10.0,0.03493
10,10,-96.0,122.0,10.0,0.03493
10,11,-93.5,122.0,10.0,0.03493
10,12,-90.0,122.0,10.0,0.03493
10,13,-86.0,122.0,10.0,0.03493
10,14,-82.0,122.0,10.0,0.03493
10,15,-78.0,122.0,10.0,0.03493
10,16,-74.0,122.0,10.0,0.03493
10,17,-70.0,122.0,10.0,0.03493
10,18,-66.0,122.0,10.0,0.03493
10,19,-62.0,122.0,10.0,0.03493
10,20,-58.0,122.0,10.0,0.03493
10,21,-54.0,122.0,10.0,0.03493
10,22,-50.0,122.0,10.0,0.03493
10,23,-46.0,122.0,10.0,0.03493
10,24,-42.0,122.0,10.0,0.03493
10,25,-38.0,122.0,10.0,0.03493
10,26,-34.0,122.0,10.0,0.03493
10,27,-30.0,122.0,10.0,0.03493
10,28,-26.0,122.0,10.0,0.03493
10,29,-22.0,122.0,10.0,0.03493
10,30,-18.5,122.0,10.0,0.03493
10,31,-15.5,122.0,10.0,0.03493
10,32,-12.5,122.0,10.0,0.03493
10,33,-10.0,122.0,10.0,0.03493
10,34,-8.0,122.0,10.0,0.03493
10,35,-6.0,122.0,10.0,0.03493
10,36,-4.0,122.0,10.0,0.03493
10,37,-2.0,122.0,10.0,0.03493
10,38,-0.0,122.0,10.0,0.03493
10,39,2.0,122.0,10.0,0.03493
10,40,4.5,122.0,10.0,0.03493
10,41,8.0,122.0,10.0,0.03493
10,42,12.0,122.0,10.0,0.03493
10,43,16.0,122.0,10.0,0.03493
10,44,20.0,122.0,10.0,0.03493
10,45,24.0,122.0,10.0,0.03493
10,46,28.0,122.0,10.0,0.03493
10,47,36.0,122.0,10.0,0.03493
10,48,54.0,122.0,10.0,0.03493
10,49,86.0,122.0,10.0,0.03493
10,50,108.0,122.0,0.01,0.03493
10,51,-146.0,100.0,0.01,0.03493
10,52,-136.0,100.0,10.0,0.03493
10,53,-124.0,100.0,10.0,0.03493
10,54,-118.0,100.0,10.0,0.03493
10,55,-114.0,100.0,10.0,0.03493
10,56,-110.0,100.0,10.0,0.03493
10,57,-106.0,100.0,10.0,0.03493
10,58,-102.5,100.0,10.0,0.03493
10,59,-100.0,100.0,10.0,0.03493
10,60,-98.0,100.0,10.0,0.03493
10,61,-96.0,100.0,10.0,0.03493
10,62,-93.5,100.0,10.0,0.03493
10,63,-90.0,100.0,10.0,0.03493
10,64,-86.0,100.0,10.0,0.03493
10,65,-82.0,100.0,10.0,0.03493
10,66,-78.0,100.0,10.0,0.03493
10,67,-74.0,100.0,10.0,0.03493
10,68,-70.0,100.0,10.0,0.03493
10,69,-66.0,100.0,10.0,0.03493
10,70,-62.0,100.0,10.0,0.03493
10,71,-58.0,100.0,10.0,0.03493
10,72,-54.0,100.0,10.0,0.03493
10,73,-50.0,100.0,10.0,0.03493
10,74,-46.0,100.0,10.0,0.03493
10,75,-42.0,100.0,10.0,0.03493
10,76,-38.0,100.0,10.0,0.03493
10,77,-34.0,100.0,10.0,0.03493
10,78,-30.0,100.0,10.0,0.03493
10,79,-26.0,100.0,10.0,0.03493
10,80,-22.0,100.0,10.0,0.03493
10,81,-18.5,100.0,10.0,0.03493
10,82,-15.5,100.0,10.0,0.03493
10,83,-12.5,100.0,10.0,0.03493
10,84,-10.0,100.0,10.0,0.03493
10,85,-8.0,100.0,10.0,0.03493
10,86,-6.0,100.0,10.0,0.03493
10,87,-4.0,100.0,10.0,0.03493
10,88,-2.0,100.0,10.0,0.03493
10,89,-0.0,100.0,10.0,0.03493
10,90,2.0,100.0,10.0,0.03493
10,91,4.5,100.0,10.0,0.03493
10,92,8.0,100.0,10.0,0.03493
10,93,12.0,100.0,10.0,0.03493
10,94,16.0,100.0,10.0,0.03493
10,95,20.0,100.0,10.0,0.03493
10,96,24.0,100.0,10.0,0.03493
10,97,28.0,100.0,10.0,0.03493
10,98,36.0,100.0,10.0,0.03493
10,99,54.0,100.0,10.0,0.03493
10,100,86.0,100.0,10.0,0.03493
10,101,108.0,100.0,0.01,0.03493
10,102,-146.0,68.0,0.01,0.03493
10,103,-136.0,68.0,10.0,0.03493
10,104,-124.0,68.0,10.0,0.03493
10,105,-118.0,68.0,10.0,0.03493
10,106,-114.0,68.0,10.0,0.03493
10,107,-110.0,68.0,10.0,0.03493
10,108,-106.0,68.0,10.0,0.03493
10,109,-102.5,68.0,10.0,0.03493
10,110,-100.0,68.0,10.0,0.03493
10,111,-98.0,68.0,10.0,0.03493
10,112,-96.0,68.0,10.0,0.03493
10,113,-93.5,68.0,10.0,0.03493
10,114,-90.0,68.0,10.0,0.03493
10,115,-86.0,68.0,10.0,0.03493
10,116,-82.0,68.0,10.0,0.03493
10,117,-78.0,68.0,10.0,0.03493
10,118,-74.0,68.0,10.0,0.03493
10,119,-70.0,68.0,10.0,0.03493
10,120,-66.0,68.0,10.0,0.03493
10,121,-62.0,68.0,10.0,0.03493
10,122,-58.0,68.0,10.0,0.03493
10,123,-54.0,68.0,10.0,0.03493
10,124,-50.0,68.0,10.0,0.03493
10,125,-46.0,68.0,10.0,0.03493
10,126,-42.0,68.0,10.0,0.03493
10,127,-38.0,68.0,10.0,0.03493
10,128,-34.0,68.0,10.0,0.03493
10,129,-30.0,68.0,10.0,0.03493
10,130,-26.0,68.0,10.0,0.03493
10,131,-22.0,68.0,10.0,0.03493
10,132,-18.5,68.0,10.0,0.03493
10,133,-15.5,68.0,10.0,0.03493
10,134,-12.5,68.0,10.0,0.03493
10,135,-10.0,68.0,10.0,0.03493
10,136,-8.0,68.0,10.0,0.03493
10,137,-6.0,68.0,10.0,0.03493
10,138,-4.0,68.0,10.0,0.03493
10,139,-2.0,68.0,10.0,0.03493
10,140,-0.0,68.0,10.0,0.03493
10,141,2.0,68.0,10.0,0.03493
10,142,4.5,68.0,10.0,0.03493
10,143,8.0,68.0,10.0,0.03493
10,144,12.0,68.0,10.0,0.03493
10,145,16.0,68.0,10.0,0.03493
10,146,20.0,68.0,10.0,0.03493
10,147,24.0,68.0,10.0,0.03493
10,148,28.0,68.0,10.0,0.03493
10,149,36.0,68.0,10.0,0.03493
10,150,54.0,68.0,10.0,0.03493
10,151,86.0,68.0,10.0,0.03493
10,152,108.0,68.0,0.01,0.03493
10,153,-146.0,48.0,0.01,0.03493
10,154,-136.0,48.0,10.0,0.03493
10,155,-124.0,48.0,10.0,0.03493
10,156,-118.0,48.0,10.0,0.03493
10,157,-114.0,48.0,10.0,0.03493
10,158,-110.0,48.0,10.0,0.03493
10,159,-106.0,48.0,10.0,0.03493
10,160,-102.5,48.0,10.0,0.03493
10,161,-100.0,48.0,10.0,0.03493
10,162,-98.0,48.0,10.0,0.03493
10,163,-96.0,48.0,10.0,0.03493
10,164,-93.5,48.0,10.0,0.03493
10,165,-90.0,48.0,10.0,0.03493
10,166,-86.0,48.0,10.0,0.03493
10,167,-82.0,48.0,10.0,0.03493
10,168,-78.0,48.0,10.0,0.03493
10,169,-74.0,48.0,10.0,0.03493
10,170,-70.0,48.0,10.0,0.03493
10,171,-66.0,48.0,10.0,0.03493
10,172,-62.0,48.0,10.0,0.03493
10,173,-58.0,48.0,10.0,0.03493
10,174,-54.0,48.0,10.0,0.03493
10,175,-50.0,48.0,10.0,0.03493
10,176,-46.0,48.0,10.0,0.03493
10,177,-42.0,48.0,10.0,0.03493
10,178,-38.0,48.0,10.0,0.03493
10,179,-34.0,48.0,10.0,0.03493
10,180,-30.0,48.0,10.0,0.03493
10,181,-26.0,48.0,10.0,0.03493
10,182,-22.0,48.0,10.0,0.03493
10,183,-18.5,48.0,10.0,0.03493
10,184,-15.5,48.0,10.0,0.03493
10,185,-12.5,48.0,10.0,0.03493
10,186,-10.0,48.0,10.0,0.03493
10,187,-8.0,48.0,10.0,0.03493
10,188,-6.0,48.0,10.0,0.03493
10,189,-4.0,48.0,10.0,0.03493
10,190,-2.0,48.0,10.0,0.03493
10,191,-0.0,48.0,10.0,0.03493
10,192,2.0,48.0,10.0,0.03493
10,193,4.5,48.0,10.0,0.03493
10,194,8.0,48.0,10.0,0.03493
10,195,12.0,48.0,10.0,0.03493
10,196,16.0,48.0,10.0,0.03493
10,197,20.0,48.0,10.0,0.03493
10,198,24.0,48.0,10.0,0.03493
10,199,28.0,48.0,10.0,0.03493
10,200,36.0,48.0,10.0,0.03493
10,201,54.0,48.0,10.0,0.03493
10,202,86.0,48.0,10.0,0.03493
10,203,108.0,48.0,0.01,0.03493
10,204,-146.0,34.0,0.01,0.03493
10,205,-136.0,34.0,10.0,0.03493
10,206,-124.0,34.0,10.0,0.03493
10,207,-118.0,34.0,10.0,0.03493
10,208,-114.0,34.0,10.0,0.03493
10,209,-110.0,34.0,10.0,0.03493
10,210,-106.0,34.0,10.0,0.03493
10,211,-102.5,34.0,10.0,0.03493
10,212,-100.0,34.0,10.0,0.03493
10,213,-98.0,34.0,10.0,0.03493
10,214,-96.0,34.0,10.0,0.03493
10,215,-93.5,34.0,10.0,0.03493
10,216,-90.0,34.0,10.0,0.03493
10,217,-86.0,34.0,10.0,0.03493
10,218,-82.0,34.0,10.0,0.03493
10,219,-78.0,34.0,10.0,0.03493
10,220,-74.0,34.0,10.0,0.03493
10,221,-70.0,34.0,10.0,0.03493
10,222,-66.0,34.0,10.0,0.03493
10,223,-62.0,34.0,10.0,0.03493
10,224,-58.0,34.0,10.0,0.03493
10,225,-54.0,34.0,10.0,0.03493
10,226,-50.0,34.0,10.0,0.03493
10,227,-46.0,34.0,10.0,0.03493
10,228,-42.0,34.0,10.0,0.03493
10,229,-38.0,34.0,10.0,0.03493
10,230,-34.0,34.0,10.0,0.03493
10,231,-30.0,34.0,10.0,0.03493
10,232,-26.0,34.0,10.0,0.03493
10,233,-22.0,34.0,10.0,0.03493
10,234,-18.5,34.0,10.0,0.03493
10,235,-15.5,34.0,10.0,0.03493
10,236,-12.5,34.0,10.0,0.03493
10,237,-10.0,34.0,10.0,0.03493
10,238,-8.0,34.0,10.0,0.03493
10,239,-6.0,34.0,10.0,0.03493
10,240,-4.0,34.0,10.0,0.03493
10,241,-2.0,34.0,10.0,0.03493
10,242,-0.0,34.0,10.0,0.03493
10,243,2.0,34.0,10.0,0.03493
10,244,4.5,34.0,10.0,0.03493
10,245,8.0,34.0,10.0,0.03493
10,246,12.0,34.0,10.0,0.03493
10,247,16.0,34.0,10.0,0.03493
10,248,20.0,34.0,10.0,0.03493
10,249,24.0,34.0,10.0,0.03493
10,250,28.0,34.0,10.0,0.03493
10,251,36.0,34.0,10.0,0.03493
10,252,54.0,34.0,10.0,0.03493
10,253,86.0,34.0,10.0,0.03493
10,254,108.0,34.0,0.01,0.03493
10,255,-146.0,23.0,0.01,0.03493
10,256,-136.0,23.0,10.0,0.03493
10,257,-124.0,23.0,10.0,0.03493
10,258,-118.0,23.0,10.0,0.03493
10,259,-114.0,23.0,10.0,0.03493
10,260,-110.0,23.0,10.0,0.03493
10,261,-106.0,23.0,10.0,0.03493
10,262,-102.5,23.0,10.0,0.03493
10,263,-100.0,23.0,10.0,0.03493
10,264,-98.0,23.0,10.0,0.03493
10,265,-96.0,23.0,10.0,0.03493
10,266,-93.5,23.0,10.0,0.03493
10,267,-90.0,23.0,10.0,0.03493
10,268,-86.0,23.0,10.0,0.03493
10,269,-82.0,23.0,10.0,0.03493
10,270,-78.0,23.0,10.0,0.03493
10,271,-74.0,23.0,10.0,0.03493
10,272,-70.0,23.0,10.0,0.03493
10,273,-66.0,23.0,10.0,0.03493
10,274,-62.0,23.0,10.0,0.03493
10,275,-58.0,23.0,10.0,0.03493
10,276,-54.0,23.0,10.0,0.03493
10,277,-50.0,23.0,10.0,0.03493
10,278,-46.0,23.0,10.0,0.03493
10,279,-42.0,23.0,10.0,0.03493
10,280,-38.0,23.0,10.0,0.03493
10,281,-34.0,23.0,10.0,0.03493
10,282,-30.0,23.0,10.0,0.03493
10,283,-26.0,23.0,10.0,0.03493
10,284,-22.0,23.0,10.0,0.03493
10,285,-18.5,23.0,10.0,0.03493
10,286,-15.5,23.0,10.0,0.03493
10,287,-12.5,23.0,10.0,0.03493
10,288,-10.0,23.0,10.0,0.03493
10,289,-8.0,23.0,10.0,0.03493
10,290,-6.0,23.0,10.0,0.03493
10,291,-4.0,23.0,10.0,0.03493
10,292,-2.0,23.0,10.0,0.03493
10,293,-0.0,23.0,10.0,0.03493
10,294,2.0,23.0,10.0,0.03493
10,295,4.5,23.0,10.0,0.03493
10,296,8.0,23.0,10.0,0.03493
10,297,12.0,23.0,10.0,0.03493
10,298,16.0,23.0,10.0,0.03493
10,299,20.0,23.0,10.0,0.03493
10,300,24.0,23.0,10.0,0.03493
10,301,28.0,23.0,10.0,0.03493
10,302,36.0,23.0,10.0,0.03493
10,303,54.0,23.0,10.0,0.03493
10,304,86.0,23.0,10.0,0.03493
10,305,108.0,23.0,0.01,0.03493
10,306,-146.0,15.0,0.01,0.03493
10,307,-136.0,15.0,10.0,0.03493
10,308,-124.0,15.0,10.0,0.03493
10,309,-118.0,15.0,10.0,0.03493
10,310,-114.0,15.0,10.0,0.03493
10,311,-110.0,15.0,10.0,0.03493
10,312,-106.0,15.0,10.0,0.03493
10,313,-102.5,15.0,10.0,0.03493
10,314,-100.0,15.0,10.0,0.03493
10,315,-98.0,15.0,10.0,0.03493
10,316,-96.0,15.0,10.0,0.03493
10,317,-93.5,15.0,10.0,0.03493
10,318,-90.0,15.0,10.0,0.03493
10,319,-86.0,15.0,10.0,0.03493
10,320,-82.0,15.0,10.0,0.03493
10,321,-78.0,15.0,10.0,0.03493
10,322,-74.0,15.0,10.0,0.03493
10,323,-70.0,15.0,10.0,0.03493
10,324,-66.0,15.0,10.0,0.03493
10,325,-62.0,15.0,10.0,0.03493
10,326,-58.0,15.0,10.0,0.03493
10,327,-54.0,15.0,10.0,0.03493
10,328,-50.0,15.0,10.0,0.03493
10,329,-46.0,15.0,10.0,0.03493
10,330,-42.0,15.0,10.0,0.03493
10,331,-38.0,15.0,10.0,0.03493
10,332,-34.0,15.0,10.0,0.03493
10,333,-30.0,15.0,10.0,0.03493
10,334,-26.0,15.0,10.0,0.03493
10,335,-22.0,15.0,10.0,0.03493
10,336,-18.5,15.0,10.0,0.03493
10,337,-15.5,15.0,10.0,0.03493
10,338,-12.5,15.0,10.0,0.03493
10,339,-10.0,15.0,10.0,0.03493
10,340,-8.0,15.0,10.0,0.03493
10,341,-6.0,15.0,10.0,0.03493
10,342,-4.0,15.0,10.0,0.03493
10,343,-2.0,15.0,10.0,0.03493
10,344,-0.0,15.0,10.0,0.03493
10,345,2.0,15.0,10.0,0.03493
10,346,4.5,15.0,10.0,0.03493
10,347,8.0,15.0,10.0,0.03493
10,348,12.0,15.0,10.0,0.03493
10,349,16.0,15.0,10.0,0.03493
10,350,20.0,15.0,10.0,0.03493
10,351,24.0,15.0,10.0,0.03493
10,352,28.0,15.0,10.0,0.03493
10,353,36.0,15.0,10.0,0.03493
10,354,54.0,15.0,10.0,0.03493
10,355,86.0,15.0,10.0,0.03493
10,356,108.0,15.0,0.01,0.03493
10,357,-146.0,10.0,0.01,0.03493
10,358,-136.0,10.0,10.0,0.03493
10,359,-124.0,10.0,10.0,0.03493
10,360,-118.0,10.0,10.0,0.03493
10,361,-114.0,10.0,10.0,0.03493
10,362,-110.0,10.0,10.0,0.03493
10,363,-106.0,10.0,10.0,0.03493
10,364,-102.5,10.0,10.0,0.03493
10,365,-100.0,10.0,10.0,0.03493
10,366,-98.0,10.0,10.0,0.03493
10,367,-96.0,10.0,10.0,0.03493
10,368,-93.5,10.0,10.0,0.03493
10,369,-90.0,10.0,10.0,0.03493
10,370,-86.0,10.0,10.0,0.03493
10,371,-82.0,10.0,10.0,0.03493
10,372,-78.0,10.0,10.0,0.03493
10,373,-74.0,10.0,10.0,0.03493
10,374,-70.0,10.0,10.0,0.03493
10,375,-66.0,10.0,10.0,0.03493
10,376,-62.0,10.0,10.0,0.03493
10,377,-58.0,10.0,10.0,0.03493
10,378,-54.0,10.0,10.0,0.03493
10,379,-50.0,10.0,10.0,0.03493
10,380,-46.0,10.0,10.0,0.03493
10,381,-42.0,10.0,10.0,0.03493
10,382,-38.0,10.0,10.0,0.03493
10,383,-34.0,10.0,10.0,0.03493
10,384,-30.0,10.0,10.0,0.03493
10,385,-26.0,10.0,10.0,0.03493
10,386,-22.0,10.0,10.0,0.03493
10,387,-18.5,10.0,10.0,0.03493
10,388,-15.5,10.0,10.0,0.03493
10,389,-12.5,10.0,10.0,0.03493
10,390,-10.0,10.0,10.0,0.03493
10,391,-8.0,10.0,10.0,0.03493
10,392,-6.0,10.0,10.0,0.03493
10,393,-4.0,10.0,10.0,0.03493
10,394,-2.0,10.0,10.0,0.03493
10,395,-0.0,10.0,10.0,0.03493
10,396,2.0,10.0,10.0,0.03493
10,397,4.5,10.0,10.0,0.03493
10,398,8.0,10.0,10.0,0.03493
10,399,12.0,10.0,10.0,0.03493
10,400,16.0,10.0,10.0,0.03493
10,401,20.0,10.0,10.0,0.03493
10,402,24.0,10.0,10.0,0.03493
10,403,28.0,10.0,10.0,0.03493
10,404,36.0,10.0,10.0,0.03493
10,405,54.0,10.0,10.0,0.03493
10,406,86.0,10.0,10.0,0.03493
10,407,108.0,10.0,0.01,0.03493
10,408,-146.0,6.0,0.01,0.03493
10,409,-136.0,6.0,10.0,0.03493
10,410,-124.0,6.0,10.0,0.03493
10,411,-118.0,6.0,10.0,0.03493
10,412,-114.0,6.0,10.0,0.03493
10,413,-110.0,6.0,10.0,0.03493
10,414,-106.0,6.0,10.0,0.03493
10,415,-102.5,6.0,10.0,0.03493
10,416,-100.0,6.0,10.0,0.03493
10,417,-98.0,6.0,10.0,0.03493
10,418,-96.0,6.0,10.0,0.03493
10,419,-93.5,6.0,10.0,0.03493
10,420,-90.0,6.0,10.0,0.03493
10,421,-86.0,6.0,10.0,0.03493
10,422,-82.0,6.0,10.0,0.03493
10,423,-78.0,6.0,10.0,0.03493
10,424,-74.0,6.0,10.0,0.03493
10,425,-70.0,6.0,10.0,0.03493
10,426,-66.0,6.0,10.0,0.03493
10,427,-62.0,6.0,10.0,0.03493
10,428,-58.0,6.0,10.0,0.03493
10,429,-54.0,6.0,10.0,0.03493
10,430,-50.0,6.0,10.0,0.03493
10,431,-46.0,6.0,10.0,0.03493
10,432,-42.0,6.0,10.0,0.03493
10,433,-38.0,6.0,10.0,0.03493
10,434,-34.0,6.0,10.0,0.03493
10,435,-30.0,6.0,10.0,0.03493
10,436,-26.0,6.0,10.0,0.03493
10,437,-22.0,6.0,10.0,0.03493
10,438,-18.5,6.0,10.0,0.03493
10,439,-15.5,6.0,10.0,0.03493
10,440,-12.5,6.0,10.0,0.03493
10,441,-10.0,6.0,10.0,0.03493
10,442,-8.0,6.0,10.0,0.03493
10,443,-6.0,6.0,10.0,0.03493
10,444,-4.0,6.0,10.0,0.03493
10,445,-2.0,6.0,10.0,0.03493
10,446,-0.0,6.0,10.0,0.03493
10,447,2.0,6.0,10.0,0.03493
10,448,4.5,6.0,10.0,0.03493
10,449,8.0,6.0,10.0,0.03493
10,450,12.0,6.0,10.0,0.03493
10,451,16.0,6.0,10.0,0.03493
10,452,20.0,6.0,10.0,0.03493
10,453,24.0,6.0,10.0,0.03493
10,454,28.0,6.0,10.0,0.03493
10,455,36.0,6.0,10.0,0.03493
10,456,54.0,6.0,10.0,0.03493
10,457,86.0,6.0,10.0,0.03493
10,458,108.0,6.0,0.01,0.03493
10,459,-146.0,2.0,0.01,0.03493
10,460,-136.0,2.0,10.0,0.03493
10,461,-124.0,2.0,10.0,0.03493
10,462,-118.0,2.0,10.0,0.03493
10,463,-114.0,2.0,10.0,0.03493
10,464,-110.0,2.0,10.0,0.03493
10,465,-106.0,2.0,10.0,0.03493
10,466,-102.5,2.0,10.0,0.03493
10,467,-100.0,2.0,10.0,0.03493
10,468,-98.0,2.0,10.0,0.03493
10,469,-96.0,2.0,10.0,0.03493
10,470,-93.5,2.0,10.0,0.03493
10,471,-90.0,2.0,10.0,0.03493
10,472,-86.0,2.0,10.0,0.03493
10,473,-82.0,2.0,10.0,0.03493
10,474,-78.0,2.0,10.0,0.03493
10,475,-74.0,2.0,10.0,0.03493
10,476,-70.0,2.0,10.0,0.03493
10,477,-66.0,2.0,10.0,0.03493
10,478,-62.0,2.0,10.0,0.03493
10,479,-58.0,2.0,10.0,0.03493
10,480,-54.0,2.0,10.0,0.03493
10,481,-50.0,2.0,10.0,0.03493
10,482,-46.0,2.0,10.0,0.03493
10,483,-42.0,2.0,10.0,0.03493
10,484,-38.0,2.0,10.0,0.03493
10,485,-34.0,2.0,10.0,0.03493
10,486,-30.0,2.0,10.0,0.03493
10,487,-26.0,2.0,10.0,0.03493
10,488,-22.0,2.0,10.0,0.03493
10,489,-18.5,2.0,10.0,0.03493
10,490,-15.5,2.0,10.0,0.03493
10,491,-12.5,2.0,10.0,0.03493
10,492,-10.0,2.0,10.0,0.03493
10,493,-8.0,2.0,10.0,0.03493
10,494,-6.0,2.0,10.0,0.03493
10,495,-4.0,2.0,10.0,0.03493
10,496,-2.0,2.0,10.0,0.03493
10,497,-0.0,2.0,10.0,0.03493
10,498,2.0,2.0,10.0,0.03493
10,499,4.5,2.0,10.0,0.03493
10,500,8.0,2.0,10.0,0.03493
10,501,12.0,2.0,10.0,0.03493
10,502,16.0,2.0,10.0,0.03493
10,503,20.0,2.0,10.0,0.03493
10,504,24.0,2.0,10.0,0.03493
10,505,28.0,2.0,10.0,0.03493
10,506,36.0,2.0,10.0,0.03493
10,507,54.0,2.0,10.0,0.03493
10,508,86.0,2.0,10.0,0.03493
10,509,108.0,2.0,0.01,0.03493
11,0,-146.0,122.0,0.01,0.0994
11,1,-136.0,122.0,0.125,0.0994
11,2,-124.0,122.0,0.125,0.0994
11,3,-118.0,122.0,0.125,0.0994
11,4,-114.0,122.0,0.125,0.0994
11,5,-110.0,122.0,0.125,0.0994
11,6,-106.0,122.0,0.125,0.0994
11,7,-102.5,122.0,0.125,0.0994
11,8,-100.0,122.0,0.125,0.0994
11,9,-98.0,122.0,0.125,0.0994
11,10,-96.0,122.0,0.125,0.0994
11,11,-93.5,122.0,0.125,0.0994
11,12,-90.0,122.0,0.125,0.0994
11,13,-86.0,122.0,0.125,0.0994
11,14,-82.0,122.0,0.125,0.0994
11,15,-78.0,122.0,0.125,0.0994
11,16,-74.0,122.0,0.125,0.0994
11,17,-70.0,122.0,0.125,0.0994
11,18,-66.0,122.0,0.125,0.0994
11,19,-62.0,122.0,0.125,0.0994
11,20,-58.0,122.0,0.125,0.0994
11,21,-54.0,122.0,0.125,0.0994
11,22,-50.0,122.0,0.125,0.0994
11,23,-46.0,122.0,0.125,0.0994
11,24,-42.0,122.0,0.125,0.0994
11,25,-38.0,122.0,0.125,0.0994
11,26,-34.0,122.0,0.125,0.0994
11,27,-30.0,122.0,0.125,0.0994
11,28,-26.0,122.0,0.125,0.0994
11,29,-22.0,122.0,0.125,0.0994
11,30,-18.5,122.0,0.125,0.0994
11,31,-15.5,122.0,0.125,0.0994
11,32,-12.5,122.0,0.125,0.0994
11,33,-10.0,122.0,0.125,0.0994
11,34,-8.0,122.0,0.125,0.0994
11,35,-6.0,122.0,0.125,0.0994
11,36,-4.0,122.0,0.125,0.0994
11,37,-2.0,122.0,0.125,0.0994
11,38,-0.0,122.0,0.125,0.0994
11,39,2.0,122.0,0.125,0.0994
11,40,4.5,122.0,0.125,0.0994
11,41,8.0,122.0,0.125,0.0994
11,42,12.0,122.0,0.125,0.0994
11,43,16.0,122.0,0.125,0.0994
11,44,20.0,122.0,0.125,0.0994
11,45,24.0,122.0,0.125,0.0994
11,46,28.0,122.0,0.125,0.0994
11,47,36.0,122.0,0.125,0.0994
11,48,54.0,122.0,0.125,0.0994
11,49,86.0,122.0,0.125,0.0994
11,50,108.0,122.0,0.01,0.0994
11,51,-146.0,100.0,0.01,0.0994
11,52,-136.0,100.0,0.125,0.0994
11,53,-124.0,100.0,0.125,0.0994
11,54,-118.0,100.0,0.125,0.0994
11,55,-114.0,100.0,0.125,0.0994
11,56,-110.0,100.0,0.125,0.0994
11,57,-106.0,100.0,0.125,0.0994
11,58,-102.5,100.0,0.125,0.0994
11,59,-100.0,100.0,0.125,0.0994
11,60,-98.0,100.0,0.125,0.0994
11,61,-96.0,100.0,0.125,0.0994
11,62,-93.5,100.0,0.125,0.0994
11,63,-90.0,100.0,0.125,0.0994
11,64,-86.0,100.0,0.125,0.0994
11,65,-82.0,100.0,0.125,0.0994
11,66,-78.0,100.0,0.125,0.0994
11,67,-74.0,100.0,0.125,0.0994
11,68,-70.0,100.0,0.125,0.0994
11,69,-66.0,100.0,0.125,0.0994
11,70,-62.0,100.0,0.125,0.0994
11,71,-58.0,100.0,0.125,0.0994
11,72,-54.0,100.0,0.125,0.0994
11,73,-50.0,100.0,0.125,0.0994
11,74,-46.0,100.0,0.125,0.0994
11,75,-42.0,100.0,0.125,0.0994
11,76,-38.0,100.0,0.125,0.0994
11,77,-34.0,100.0,0.125,0.0994
11,78,-30.0,100.0,0.125,0.0994
11,79,-26.0,100.0,0.125,0.0994
11,80,-22.0,100.0,0.125,0.0994
11,81,-18.5,100.0,0.125,0.0994
11,82,-15.5,100.0,0.125,0.0994
11,83,-12.5,100.0,0.125,0.0994
11,84,-10.0,100.0,0.125,0.0994
11,85,-8.0,100.0,0.125,0.0994
11,86,-6.0,100.0,0.125,0.0994
11,87,-4.0,100.0,0.125,0.0994
11,88,-2.0,100.0,0.125,0.0994
11,89,-0.0,100.0,0.125,0.0994
11,90,2.0,100.0,0.125,0.0994
11,91,4.5,100.0,0.125,0.0994
11,92,8.0,100.0,0.125,0.0994
11,93,12.0,100.0,0.125,0.0994
11,94,16.0,100.0,0.125,0.0994
11,95,20.0,100.0,0.125,0.0994
11,96,24.0,100.0,0.125,0.0994
11,97,28.0,100.0,0.125,0.0994
11,98,36.0,100.0,0.125,0.0994
11,99,54.0,100.0,0.125,0.0994
11,100,86.0,100.0,0.125,0.0994
11,101,108.0,100.0,0.01,0.0994
11,102,-146.0,68.0,0.01,0.0994
11,103,-136.0,68.0,0.125,0.0994
11,104,-124.0,68.0,0.125,0.0994
11,105,-118.0,68.0,0.125,0.0994
11,106,-114.0,68.0,0.125,0.0994
11,107,-110.0,68.0,0.125,0.0994
11,108,-106.0,68.0,0.125,0.0994
11,109,-102.5,68.0,0.125,0.0994
11,110,-100.0,68.0,0.125,0.0994
11,111,-98.0,68.0,0.125,0.0994
11,112,-96.0,68.0,0.125,0.0994
11,113,-93.5,68.0,0.125,0.0994
11,114,-90.0,68.0,0.125,0.0994
11,115,-86.0,68.0,0.125,0.0994
11,116,-82.0,68.0,0.125,0.0994
11,117,-78.0,68.0,0.125,0.0994
11,118,-74.0,68.0,0.125,0.0994
11,119,-70.0,68.0,0.125,0.0994
11,120,-66.0,68.0,0.125,0.0994
11,121,-62.0,68.0,0.125,0.0994
11,122,-58.0,68.0,0.125,0.0994
11,123,-54.0,68.0,0.125,0.0994
11,124,-50.0,68.0,0.125,0.0994
11,125,-46.0,68.0,0.125,0.0994
11,126,-42.0,68.0,0.125,0.0994
11,127,-38.0,68.0,0.125,0.0994
11,128,-34.0,68.0,0.125,0.0994
11,129,-30.0,68.0,0.125,0.0994
11,130,-26.0,68.0,0.125,0.0994
11,131,-22.0,68.0,0.125,0.0994
11,132,-18.5,68.0,0.125,0.0994
11,133,-15.5,68.0,0.125,0.0994
11,134,-12.5,68.0,0.125,0.0994
11,135,-10.0,68.0,0.125,0.0994
11,136,-8.0,68.0,0.125,0.0994
11,137,-6.0,68.0,0.125,0.0994
11,138,-4.0,68.0,0.125,0.0994
11,139,-2.0,68.0,0.125,0.0994
11,140,-0.0,68.0,0.125,0.0994
11,141,2.0,68.0,0.125,0.0994
11,142,4.5,68.0,0.125,0.0994
11,143,8.0,68.0,0.125,0.0994
11,144,12.0,68.0,0.125,0.0994
11,145,16.0,68.0,0.125,0.0994
11,146,20.0,68.0,0.125,0.0994
11,147,24.0,68.0,0.125,0.0994
11,148,28.0,68.0,0.125,0.0994
11,149,36.0,68.0,0.125,0.0994
11,150,54.0,68.0,0.125,0.0994
11,151,86.0,68.0,0.125,0.0994
11,152,108.0,68.0,0.01,0.0994
11,153,-146.0,48.0,0.01,0.0994
11,154,-136.0,48.0,0.125,0.0994
11,155,-124.0,48.0,0.125,0.0994
11,156,-118.0,48.0,0.125,0.0994
11,157,-114.0,48.0,0.125,0.0994
11,158,-110.0,48.0,0.125,0.0994
11,159,-106.0,48.0,0.125,0.0994
11,160,-102.5,48.0,0.125,0.0994
11,161,-100.0,48.0,0.125,0.0994
11,162,-98.0,48.0,0.125,0.0994
11,163,-96.0,48.0,0.125,0.0994
11,164,-93.5,48.0,0.125,0.0994
11,165,-90.0,48.0,0.125,0.0994
11,166,-86.0,48.0,0.125,0.0994
11,167,-82.0,48.0,0.125,0.0994
11,168,-78.0,48.0,0.125,0.0994
11,169,-74.0,48.0,0.125,0.0994
11,170,-70.0,48.0,0.125,0.0994
11,171,-66.0,48.0,0.125,0.0994
11,172,-62.0,48.0,0.125,0.0994
11,173,-58.0,48.0,0.125,0.0994
11,174,-54.0,48.0,0.125,0.0994
11,175,-50.0,48.0,0.125,0.0994
11,176,-46.0,48.0,0.125,0.0994
11,177,-42.0,48.0,0.125,0.0994
11,178,-38.0,48.0,0.125,0.0994
11,179,-34.0,48.0,0.125,0.0994
11,180,-30.0,48.0,0.125,0.0994
11,181,-26.0,48.0,0.125,0.0994
11,182,-22.0,48.0,0.125,0.0994
11,183,-18.5,48.0,0.125,0.0994
11,184,-15.5,48.0,0.125,0.0994
11,185,-12.5,48.0,0.125,0.0994
11,186,-10.0,48.0,0.125,0.0994
11,187,-8.0,48.0,0.125,0.0994
11,188,-6.0,48.0,0.125,0.0994
11,189,-4.0,48.0,0.125,0.0994
11,190,-2.0,48.0,0.125,0.0994
11,191,-0.0,48.0,0.125,0.0994
11,192,2.0,48.0,0.125,0.0994
11,193,4.5,48.0,0.125,0.0994
11,194,8.0,48.0,0.125,0.0994
11,195,12.0,48.0,0.125,0.0994
11,196,16.0,48.0,0.125,0.0994
11,197,20.0,48.0,0.125,0.0994
11,198,24.0,48.0,0.125,0.0994
11,199,28.0,48.0,0.125,0.0994
11,200,36.0,48.0,0.125,0.0994
11,201,54.0,48.0,0.125,0.0994
11,202,86.0,48.0,0.125,0.0994
11,203,108.0,48.0,0.01,0.0994
11,204,-146.0,34.0,0.01,0.0994
11,205,-136.0,34.0,0.125,0.0994
11,206,-124.0,34.0,0.125,0.0994
11,207,-118.0,34.0,0.125,0.0994
11,208,-114.0,34.0,0.125,0.0994
11,209,-110.0,34.0,0.125,0.0994
11,210,-106.0,34.0,0.125,0.0994
11,211,-102.5,34.0,0.125,0.0994
11,212,-100.0,34.0,0.125,0.0994
11,213,-98.0,34.0,0.125,0.0994
11,214,-96.0,34.0,0.125,0.0994
11,215,-93.5,34.0,0.125,0.0994
11,216,-90.0,34.0,0.125,0.0994
11,217,-86.0,34.0,0.125,0.0994
11,218,-82.0,34.0,0.125,0.0994
11,219,-78.0,34.0,0.125,0.0994
11,220,-74.0,34.0,0.125,0.0994
11,221,-70.0,34.0,0.125,0.0994
11,222,-66.0,34.0,0.125,0.0994
11,223,-62.0,34.0,0.125,0.0994
11,224,-58.0,34.0,0.125,0.0994
11,225,-54.0,34.0,0.125,0.0994
11,226,-50.0,34.0,0.125,0.0994
11,227,-46.0,34.0,0.125,0.0994
11,228,-42.0,34.0,0.125,0.0994
11,229,-38.0,34.0,0.125,0.0994
11,230,-34.0,34.0,0.125,0.0994
11,231,-30.0,34.0,0.125,0.0994
11,232,-26.0,34.0,0.125,0.0994
11,233,-22.0,34.0,0.125,0.0994
11,234,-18.5,34.0,0.125,0.0994
11,235,-15.5,34.0,0.125,0.0994
11,236,-12.5,34.0,0.125,0.0994
11,237,-10.0,34.0,0.125,0.0994
11,238,-8.0,34.0,0.125,0.0994
11,239,-6.0,34.0,0.125,0.0994
11,240,-4.0,34.0,0.125,0.0994
11,241,-2.0,34.0,0.125,0.0994
11,242,-0.0,34.0,0.125,0.0994
11,243,2.0,34.0,0.125,0.0994
11,244,4.5,34.0,0.125,0.0994
11,245,8.0,34.0,0.125,0.0994
11,246,12.0,34.0,0.125,0.0994
11,247,16.0,34.0,0.125,0.0994
11,248,20.0,34.0,0.125,0.0994
11,249,24.0,34.0,0.125,0.0994
11,250,28.0,34.0,0.125,0.0994
11,251,36.0,34.0,0.125,0.0994
11,252,54.0,34.0,0.125,0.0994
11,253,86.0,34.0,0.125,0.0994
11,254,108.0,34.0,0.01,0.0994
11,255,-146.0,23.0,0.01,0.0994
11,256,-136.0,23.0,0.125,0.0994
11,257,-124.0,23.0,0.125,0.0994
11,258,-118.0,23.0,0.125,0.0994
11,259,-114.0,23.0,0.125,0.0994
11,260,-110.0,23.0,0.125,0.0994
11,261,-106.0,23.0,0.125,0.0994
11,262,-102.5,23.0,0.125,0.0994
11,263,-100.0,23.0,0.125,0.0994
11,264,-98.0,23.0,0.125,0.0994
11,265,-96.0,23.0,0.125,0.0994
11,266,-93.5,23.0,0.125,0.0994
11,267,-90.0,23.0,0.125,0.0994
11,268,-86.0,23.0,0.125,0.0994
11,269,-82.0,23.0,0.125,0.0994
11,270,-78.0,23.0,0.125,0.0994
11,271,-74.0,23.0,0.125,0.0994
11,272,-70.0,23.0,0.125,0.0994
11,273,-66.0,23.0,0.125,0.0994
11,274,-62.0,23.0,0.125,0.0994
11,275,-58.0,23.0,0.125,0.0994
11,276,-54.0,23.0,0.125,0.0994
11,277,-50.0,23.0,0.125,0.0994
11,278,-46.0,23.0,0.125,0.0994
11,279,-42.0,23.0,0.125,0.0994
11,280,-38.0,23.0,0.125,0.0994
11,281,-34.0,23.0,0.125,0.0994
11,282,-30.0,23.0,0.125,0.0994
11,283,-26.0,23.0,0.125,0.0994
11,284,-22.0,23.0,0.125,0.0994
11,285,-18.5,23.0,0.125,0.0994
11,286,-15.5,23.0,0.125,0.0994
11,287,-12.5,23.0,0.125,0.0994
11,288,-10.0,23.0,0.125,0.0994
11,289,-8.0,23.0,0.125,0.0994
11,290,-6.0,23.0,0.125,0.0994
11,291,-4.0,23.0,0.125,0.0994
11,292,-2.0,23.0,0.125,0.0994
11,293,-0.0,23.0,0.125,0.0994
11,294,2.0,23.0,0.125,0.0994
11,295,4.5,23.0,0.125,0.0994
11,296,8.0,23.0,0.125,0.0994
11,297,12.0,23.0,0.125,0.0994
11,298,16.0,23.0,0.125,0.0994
11,299,20.0,23.0,0.125,0.0994
11,300,24.0,23.0,0.125,0.0994
11,301,28.0,23.0,0.125,0.0994
11,302,36.0,23.0,0.125,0.0994
11,303,54.0,23.0,0.125,0.0994
11,304,86.0,23.0,0.125,0.0994
11,305,108.0,23.0,0.01,0.0994
11,306,-146.0,15.0,0.01,0.0994
11,307,-136.0,15.0,0.125,0.0994
11,308,-124.0,15.0,0.125,0.0994
11,309,-118.0,15.0,0.125,0.0994
11,310,-114.0,15.0,0.125,0.0994
11,311,-110.0,15.0,0.125,0.0994
11,312,-106.0,15.0,0.125,0.0994
11,313,-102.5,15.0,0.125,0.0994
11,314,-100.0,15.0,0.125,0.0994
11,315,-98.0,15.0,0.125,0.0994
11,316,-96.0,15.0,0.125,0.0994
11,317,-93.5,15.0,0.125,0.0994
11,318,-90.0,15.0,0.125,0.0994
11,319,-86.0,15.0,0.125,0.0994
11,320,-82.0,15.0,0.125,0.0994
11,321,-78.0,15.0,0.125,0.0994
11,322,-74.0,15.0,0.125,0.0994
11,323,-70.0,15.0,0.125,0.0994
11,324,-66.0,15.0,0.125,0.0994
11,325,-62.0,15.0,0.125,0.0994
11,326,-58.0,15.0,0.125,0.0994
11,327,-54.0,15.0,0.125,0.0994
11,328,-50.0,15.0,0.125,0.0994
11,329,-46.0,15.0,0.125,0.0994
11,330,-42.0,15.0,0.125,0.0994
11,331,-38.0,15.0,0.125,0.0994
11,332,-34.0,15.0,0.125,0.0994
11,333,-30.0,15.0,0.125,0.0994
11,334,-26.0,15.0,0.125,0.0994
11,335,-22.0,15.0,0.125,0.0994
11,336,-18.5,15.0,0.125,0.0994
11,337,-15.5,15.0,0.125,0.0994
11,338,-12.5,15.0,0.125,0.0994
11,339,-10.0,15.0,0.125,0.0994
11,340,-8.0,15.0,0.125,0.0994
11,341,-6.0,15.0,0.125,0.0994
11,342,-4.0,15.0,0.125,0.0994
11,343,-2.0,15.0,0.125,0.0994
11,344,-0.0,15.0,0.125,0.0994
11,345,2.0,15.0,0.125,0.0994
11,346,4.5,15.0,0.125,0.0994
11,347,8.0,15.0,0.125,0.0994
11,348,12.0,15.0,0.125,0.0994
11,349,16.0,15.0,0.125,0.0994
11,350,20.0,15.0,0.125,0.0994
11,351,24.0,15.0,0.125,0.0994
11,352,28.0,15.0,0.125,0.0994
11,353,36.0,15.0,0.125,0.0994
11,354,54.0,15.0,0.125,0.0994
11,355,86.0,15.0,0.125,0.0994
11,356,108.0,15.0,0.01,0.0994
11,357,-146.0,10.0,0.01,0.0994
11,358,-136.0,10.0,0.125,0.0994
11,359,-124.0,10.0,0.125,0.0994
11,360,-118.0,10.0,0.125,0.0994
11,361,-114.0,10.0,0.125,0.0994
11,362,-110.0,10.0,0.125,0.0994
11,363,-106.0,10.0,0.125,0.0994
11,364,-102.5,10.0,0.125,0.0994
11,365,-100.0,10.0,0.125,0.0994
11,366,-98.0,10.0,0.125,0.0994
11,367,-96.0,10.0,0.125,0.0994
11,368,-93.5,10.0,0.125,0.0994
11,369,-90.0,10.0,0.125,0.0994
11,370,-86.0,10.0,0.125,0.0994
11,371,-82.0,10.0,0.125,0.0994
11,372,-78.0,10.0,0.125,0.0994
11,373,-74.0,10.0,0.125,0.0994
11,374,-70.0,10.0,0.125,0.0994
11,375,-66.0,10.0,0.125,0.0994
11,376,-62.0,10.0,0.125,0.0994
11,377,-58.0,10.0,0.125,0.0994
11,378,-54.0,10.0,0.125,0.0994
11,379,-50.0,10.0,0.125,0.0994
11,380,-46.0,10.0,0.125,0.0994
11,381,-42.0,10.0,0.125,0.0994
11,382,-38.0,10.0,0.125,0.0994
11,383,-34.0,10.0,0.125,0.0994
11,384,-30.0,10.0,0.125,0.0994
11,385,-26.0,10.0,0.125,0.0994
11,386,-22.0,10.0,0.125,0.0994
11,387,-18.5,10.0,0.125,0.0994
11,388,-15.5,10.0,0.125,0.0994
11,389,-12.5,10.0,0.125,0.0994
11,390,-10.0,10.0,0.125,0.0994
11,391,-8.0,10.0,0.125,0.0994
11,392,-6.0,10.0,0.125,0.0994
11,393,-4.0,10.0,0.125,0.0994
11,394,-2.0,10.0,0.125,0.0994
11,395,-0.0,10.0,0.125,0.0994
11,396,2.0,10.0,0.125,0.0994
11,397,4.5,10.0,0.125,0.0994
11,398,8.0,10.0,0.125,0.0994
11,399,12.0,10.0,0.125,0.0994
11,400,16.0,10.0,0.125,0.0994
11,401,20.0,10.0,0.125,0.0994
11,402,24.0,10.0,0.125,0.0994
11,403,28.0,10.0,0.125,0.0994
11,404,36.0,10.0,0.125,0.0994
11,405,54.0,10.0,0.125,0.0994
11,406,86.0,10.0,0.125,0.0994
11,407,108.0,10.0,0.01,0.0994
11,408,-146.0,6.0,0.01,0.0994
11,409,-136.0,6.0,0.125,0.0994
11,410,-124.0,6.0,0.125,0.0994
11,411,-118.0,6.0,0.125,0.0994
11,412,-114.0,6.0,0.125,0.0994
11,413,-110.0,6.0,0.125,0.0994
11,414,-106.0,6.0,0.125,0.0994
11,415,-102.5,6.0,0.125,0.0994
11,416,-100.0,6.0,0.125,0.0994
11,417,-98.0,6.0,0.125,0.0994
11,418,-96.0,6.0,0.125,0.0994
11,419,-93.5,6.0,0.125,0.0994
11,420,-90.0,6.0,0.125,0.0994
11,421,-86.0,6.0,0.125,0.0994
11,422,-82.0,6.0,0.125,0.0994
11,423,-78.0,6.0,0.125,0.0994
11,424,-74.0,6.0,0.125,0.0994
11,425,-70.0,6.0,0.125,0.0994
11,426,-66.0,6.0,0.125,0.0994
11,427,-62.0,6.0,0.125,0.0994
11,428,-58.0,6.0,0.125,0.0994
11,429,-54.0,6.0,0.125,0.0994
11,430,-50.0,6.0,0.125,0.0994
11,431,-46.0,6.0,0.125,0.0994
11,432,-42.0,6.0,0.125,0.0994
11,433,-38.0,6.0,0.125,0.0994
11,434,-34.0,6.0,0.125,0.0994
11,435,-30.0,6.0,0.125,0.0994
11,436,-26.0,6.0,0.125,0.0994
11,437,-22.0,6.0,0.125,0.0994
11,438,-18.5,6.0,0.125,0.0994
11,439,-15.5,6.0,0.125,0.0994
11,440,-12.5,6.0,0.125,0.0994
11,441,-10.0,6.0,0.125,0.0994
11,442,-8.0,6.0,0.125,0.0994
11,443,-6.0,6.0,0.125,0.0994
11,444,-4.0,6.0,0.125,0.0994
11,445,-2.0,6.0,0.125,0.0994
11,446,-0.0,6.0,0.125,0.0994
11,447,2.0,6.0,0.125,0.0994
11,448,4.5,6.0,0.125,0.0994
11,449,8.0,6.0,0.125,0.0994
11,450,12.0,6.0,0.125,0.0994
11,451,16.0,6.0,0.125,0.0994
11,452,20.0,6.0,0.125,0.0994
11,453,24.0,6.0,0.125,0.0994
11,454,28.0,6.0,0.125,0.0994
11,455,36.0,6.0,0.125,0.0994
11,456,54.0,6.0,0.125,0.0994
11,457,86.0,6.0,0.125,0.0994
11,458,108.0,6.0,0.01,0.0994
11,459,-146.0,2.0,0.01,0.0994
11,460,-136.0,2.0,0.125,0.0994
11,461,-124.0,2.0,0.125,0.0994
11,462,-118.0,2.0,0.125,0.0994
11,463,-114.0,2.0,0.125,0.0994
11,464,-110.0,2.0,0.125,0.0994
11,465,-106.0,2.0,0.125,0.0994
11,466,-102.5,2.0,0.125,0.0994
11,467,-100.0,2.0,0.125,0.0994
11,468,-98.0,2.0,0.125,0.0994
11,469,-96.0,2.0,0.125,0.0994
11,470,-93.5,2.0,0.125,0.0994
11,471,-90.0,2.0,0.125,0.0994
11,472,-86.0,2.0,0.125,0.0994
11,473,-82.0,2.0,0.125,0.0994
11,474,-78.0,2.0,0.125,0.0994
11,475,-74.0,2.0,0.125,0.0994
11,476,-70.0,2.0,0.125,0.0994
11,477,-66.0,2.0,0.125,0.0994
11,478,-62.0,2.0,0.125,0.0994
11,479,-58.0,2.0,0.125,0.0994
11,480,-54.0,2.0,0.125,0.0994
11,481,-50.0,2.0,0.125,0.0994
11,482,-46.0,2.0,0.125,0.0994
11,483,-42.0,2.0,0.125,0.0994
11,484,-38.0,2.0,0.125,0.0994
11,485,-34.0,2.0,0.125,0.0994
11,486,-30.0,2.0,0.125,0.0994
11,487,-26.0,2.0,0.125,0.0994
11,488,-22.0,2.0,0.125,0.0994
11,489,-18.5,2.0,0.125,0.0994
11,490,-15.5,2.0,0.125,0.0994
11,491,-12.5,2.0,0.125,0.0994
11,492,-10.0,2.0,0.125,0.0994
11,493,-8.0,2.0,0.125,0.0994
11,494,-6.0,2.0,0.125,0.0994
11,495,-4.0,2.0,0.125,0.0994
11,496,-2.0,2.0,0.125,0.0994
11,497,-0.0,2.0,0.125,0.0994
11,498,2.0,2.0,0.125,0.0994
11,499,4.5,2.0,0.125,0.0994
11,500,8.0,2.0,0.125,0.0994
11,501,12.0,2.0,0.125,0.0994
11,502,16.0,2.0,0.125,0.0994
11,503,20.0,2.0,0.125,0.0994
11,504,24.0,2.0,0.125,0.0994
11,505,28.0,2.0,0.125,0.0994
11,506,36.0,2.0,0.125,0.0994
11,507,54.0,2.0,0.125,0.0994
11,508,86.0,2.0,0.125,0.0994
11,509,108.0,2.0,0.01,0.0994
12,0,-146.0,122.0,0.01,0.0994
12,1,-136.0,122.0,25.0,0.0994
12,2,-124.0,122.0,25.0,0.0994
12,3,-118.0,122.0,25.0,0.0994
12,4,-114.0,122.0,25.0,0.0994
12,5,-110.0,122.0,25.0,0.0994
12,6,-106.0,122.0,25.0,0.0994
12,7,-102.5,122.0,25.0,0.0994
12,8,-100.0,122.0,25.0,0.0994
12,9,-98.0,122.0,25.0,0.0994
12,10,-96.0,122.0,25.0,0.0994
12,11,-93.5,122.0,25.0,0.0994
12,12,-90.0,122.0,25.0,0.0994
12,13,-86.0,122.0,25.0,0.0994
12,14,-82.0,122.0,25.0,0.0994
12,15,-78.0,122.0,25.0,0.0994
12,16,-74.0,122.0,25.0,0.0994
12,17,-70.0,122.0,25.0,0.0994
12,18,-66.0,122.0,25.0,0.0994
12,19,-62.0,122.0,25.0,0.0994
12,20,-58.0,122.0,25.0,0.0994
12,21,-54.0,122.0,25.0,0.0994
12,22,-50.0,122.0,25.0,0.0994
12,23,-46.0,122.0,25.0,0.0994
12,24,-42.0,122.0,25.0,0.0994
12,25,-38.0,122.0,25.0,0.0994
12,26,-34.0,122.0,25.0,0.0994
12,27,-30.0,122.0,25.0,0.0994
12,28,-26.0,122.0,25.0,0.0994
12,29,-22.0,122.0,25.0,0.0994
12,30,-18.5,122.0,25.0,0.0994
12,31,-15.5,122.0,25.0,0.0994
12,32,-12.5,122.0,25.0,0.0994
12,33,-10.0,122.0,25.0,0.0994
12,34,-8.0,122.0,25.0,0.0994
12,35,-6.0,122.0,25.0,0.0994
12,36,-4.0,122.0,25.0,0.0994
12,37,-2.0,122.0,25.0,0.0994
12,38,-0.0,122.0,25.0,0.0994
12,39,2.0,122.0,25.0,0.0994
12,40,4.5,122.0,25.0,0.0994
12,41,8.0,122.0,25.0,0.0994
12,42,12.0,122.0,25.0,0.0994
12,43,16.0,122.0,25.0,0.0994
12,44,20.0,122.0,25.0,0.0994
12,45,24.0,122.0,25.0,0.0994
12,46,28.0,122.0,25.0,0.0994
12,47,36.0,122.0,25.0,0.0994
12,48,54.0,122.0,25.0,0.0994
12,49,86.0,122.0,25.0,0.0994
12,50,108.0,122.0,0.01,0.0994
12,51,-146.0,100.0,0.01,0.0994
12,52,-136.0,100.0,25.0,0.0994
12,53,-124.0,100.0,25.0,0.0994
12,54,-118.0,100.0,25.0,0.0994
12,55,-114.0,100.0,25.0,0.0994
12,56,-110.0,100.0,25.0,0.0994
12,57,-106.0,100.0,25.0,0.0994
12,58,-102.5,100.0,25.0,0.0994
12,59,-100.0,100.0,25.0,0.0994
12,60,-98.0,100.0,25.0,0.0994
12,61,-96.0,100.0,25.0,0.0994
12,62,-93.5,100.0,25.0,0.0994
12,63,-90.0,100.0,25.0,0.0994
12,64,-86.0,100.0,25.0,0.0994
12,65,-82.0,100.0,25.0,0.0994
12,66,-78.0,100.0,25.0,0.0994
12,67,-74.0,100.0,25.0,0.0994
12,68,-70.0,100.0,25.0,0.0994
12,69,-66.0,100.0,25.0,0.0994
12,70,-62.0,100.0,25.0,0.0994
12,71,-58.0,100.0,25.0,0.0994
12,72,-54.0,100.0,25.0,0.0994
12,73,-50.0,100.0,25.0,0.0994
12,74,-46.0,100.0,25.0,0.0994
12,75,-42.0,100.0,25.0,0.0994
12,76,-38.0,100.0,25.0,0.0994
12,77,-34.0,100.0,25.0,0.0994
12,78,-30.0,100.0,25.0,0.0994
12,79,-26.0,100.0,25.0,0.0994
12,80,-22.0,100.0,25.0,0.0994
12,81,-18.5,100.0,25.0,0.0994
12,82,-15.5,100.0,25.0,0.0994
12,83,-12.5,100.0,25.0,0.0994
12,84,-10.0,100.0,25.0,0.0994
12,85,-8.0,100.0,25.0,0.0994
12,86,-6.0,100.0,25.0,0.0994
12,87,-4.0,100.0,25.0,0.0994
12,88,-2.0,100.0,25.0,0.0994
12,89,-0.0,100.0,25.0,0.0994
12,90,2.0,100.0,25.0,0.0994
12,91,4.5,100.0,25.0,0.0994
12,92,8.0,100.0,25.0,0.0994
12,93,12.0,100.0,25.0,0.0994
12,94,16.0,100.0,25.0,0.0994
12,95,20.0,100.0,25.0,0.0994
12,96,24.0,100.0,25.0,0.0994
12,97,28.0,100.0,25.0,0.0994
12,98,36.0,100.0,25.0,0.0994
12,99,54.0,100.0,25.0,0.0994
12,100,86.0,100.0,25.0,0.0994
12,101,108.0,100.0,0.01,0.0994
12,102,-146.0,68.0,0.01,0.0994
12,103,-136.0,68.0,25.0,0.0994
12,104,-124.0,68.0,25.0,0.0994
12,105,-118.0,68.0,25.0,0.0994
12,106,-114.0,68.0,25.0,0.0994
12,107,-110.0,68.0,25.0,0.0994
12,108,-106.0,68.0,25.0,0.0994
12,109,-102.5,68.0,25.0,0.0994
12,110,-100.0,68.0,25.0,0.0994
12,111,-98.0,68.0,25.0,0.0994
12,112,-96.0,68.0,25.0,0.0994
12,113,-93.5,68.0,25.0,0.0994
12,114,-90.0,68.0,25.0,0.0994
12,115,-86.0,68.0,25.0,0.0994
12,116,-82.0,68.0,25.0,0.0994
12,117,-78.0,68.0,25.0,0.0994
12,118,-74.0,68.0,25.0,0.0994
12,119,-70.0,68.0,25.0,0.0994
12,120,-66.0,68.0,25.0,0.0994
12,121,-62.0,68.0,25.0,0.0994
12,122,-58.0,68.0,25.0,0.0994
12,123,-54.0,68.0,25.0,0.0994
12,124,-50.0,68.0,25.0,0.0994
12,125,-46.0,68.0,25.0,0.0994
12,126,-42.0,68.0,25.0,0.0994
12,127,-38.0,68.0,25.0,0.0994
12,128,-34.0,68.0,25.0,0.0994
12,129,-30.0,68.0,25.0,0.0994
12,130,-26.0,68.0,25.0,0.0994
12,131,-22.0,68.0,25.0,0.0994
12,132,-18.5,68.0,25.0,0.0994
12,133,-15.5,68.0,25.0,0.0994
12,134,-12.5,68.0,25.0,0.0994
12,135,-10.0,68.0,25.0,0.0994
12,136,-8.0,68.0,25.0,0.0994
12,137,-6.0,68.0,25.0,0.0994
12,138,-4.0,68.0,25.0,0.0994
12,139,-2.0,68.0,25.0,0.0994
12,140,-0.0,68.0,25.0,0.0994
12,141,2.0,68.0,25.0,0.0994
12,142,4.5,68.0,25.0,0.0994
12,143,8.0,68.0,25.0,0.0994
12,144,12.0,68.0,25.0,0.0994
12,145,16.0,68.0,25.0,0.0994
12,146,20.0,68.0,25.0,0.0994
12,147,24.0,68.0,25.0,0.0994
12,148,28.0,68.0,25.0,0.0994
12,149,36.0,68.0,25.0,0.0994
12,150,54.0,68.0,25.0,0.0994
12,151,86.0,68.0,25.0,0.0994
12,152,108.0,68.0,0.01,0.0994
12,153,-146.0,48.0,0.01,0.0994
12,154,-136.0,48.0,25.0,0.0994
12,155,-124.0,48.0,25.0,0.0994
12,156,-118.0,48.0,25.0,0.0994
12,157,-114.0,48.0,25.0,0.0994
12,158,-110.0,48.0,25.0,0.0994
12,159,-106.0,48.0,25.0,0.0994
12,160,-102.5,48.0,25.0,0.0994
12,161,-100.0,48.0,25.0,0.0994
12,162,-98.0,48.0,25.0,0.0994
12,163,-96.0,48.0,25.0,0.0994
12,164,-93.5,48.0,25.0,0.0994
12,165,-90.0,48.0,25.0,0.0994
12,166,-86.0,48.0,25.0,0.0994
12,167,-82.0,48.0,25.0,0.0994
12,168,-78.0,48.0,25.0,0.0994
12,169,-74.0,48.0,25.0,0.0994
12,170,-70.0,48.0,25.0,0.0994
12,171,-66.0,48.0,25.0,0.0994
12,172,-62.0,48.0,25.0,0.0994
12,173,-58.0,48.0,25.0,0.0994
12,174,-54.0,48.0,25.0,0.0994
12,175,-50.0,48.0,25.0,0.0994
12,176,-46.0,48.0,25.0,0.0994
12,177,-42.0,48.0,25.0,0.0994
12,178,-38.0,48.0,25.0,0.0994
12,179,-34.0,48.0,25.0,0.0994
12,180,-30.0,48.0,25.0,0.0994
12,181,-26.0,48.0,25.0,0.0994
12,182,-22.0,48.0,25.0,0.0994
12,183,-18.5,48.0,25.0,0.0994
12,184,-15.5,48.0,25.0,0.0994
12,185,-12.5,48.0,25.0,0.0994
12,186,-10.0,48.0,25.0,0.0994
12,187,-8.0,48.0,25.0,0.0994
12,188,-6.0,48.0,25.0,0.0994
12,189,-4.0,48.0,25.0,0.0994
12,190,-2.0,48.0,25.0,0.0994
12,191,-0.0,48.0,25.0,0.0994
12,192,2.0,48.0,25.0,0.0994
12,193,4.5,48.0,25.0,0.0994
12,194,8.0,48.0,25.0,0.0994
12,195,12.0,48.0,25.0,0.0994
12,196,16.0,48.0,25.0,0.0994
12,197,20.0,48.0,25.0,0.0994
12,198,24.0,48.0,25.0,0.0994
12,199,28.0,48.0,25.0,0.0994
12,200,36.0,48.0,25.0,0.0994
12,201,54.0,48.0,25.0,0.0994
12,202,86.0,48.0,25.0,0.0994
12,203,108.0,48.0,0.01,0.0994
12,204,-146.0,34.0,0.01,0.0994
12,205,-136.0,34.0,25.0,0.0994
12,206,-124.0,34.0,25.0,0.0994
12,207,-118.0,34.0,25.0,0.0994
12,208,-114.0,34.0,25.0,0.0994
12,209,-110.0,34.0,25.0,0.0994
12,210,-106.0,34.0,25.0,0.0994
12,211,-102.5,34.0,25.0,0.0994
12,212,-100.0,34.0,25.0,0.0994
12,213,-98.0,34.0,25.0,0.0994
12,214,-96.0,34.0,25.0,0.0994
12,215,-93.5,34.0,25.0,0.0994
12,216,-90.0,34.0,25.0,0.0994
12,217,-86.0,34.0,25.0,0.0994
12,218,-82.0,34.0,25.0,0.0994
12,219,-78.0,34.0,25.0,0.0994
12,220,-74.0,34.0,25.0,0.0994
12,221,-70.0,34.0,25.0,0.0994
12,222,-66.0,34.0,25.0,0.0994
12,223,-62.0,34.0,25.0,0.0994
12,224,-58.0,34.0,25.0,0.0994
12,225,-54.0,34.0,25.0,0.0994
12,226,-50.0,34.0,25.0,0.0994
12,227,-46.0,34.0,25.0,0.0994
12,228,-42.0,34.0,25.0,0.0994
12,229,-38.0,34.0,25.0,0.0994
12,230,-34.0,34.0,25.0,0.0994
12,231,-30.0,34.0,25.0,0.0994
12,232,-26.0,34.0,25.0,0.0994
12,233,-22.0,34.0,25.0,0.0994
12,234,-18.5,34.0,25.0,0.0994
12,235,-15.5,34.0,25.0,0.0994
12,236,-12.5,34.0,25.0,0.0994
12,237,-10.0,34.0,25.0,0.0994
12,238,-8.0,34.0,25.0,0.0994
12,239,-6.0,34.0,25.0,0.0994
12,240,-4.0,34.0,25.0,0.0994
12,241,-2.0,34.0,25.0,0.0994
12,242,-0.0,34.0,25.0,0.0994
12,243,2.0,34.0,25.0,0.0994
12,244,4.5,34.0,25.0,0.0994
12,245,8.0,34.0,25.0,0.0994
12,246,12.0,34.0,25.0,0.0994
12,247,16.0,34.0,25.0,0.0994
12,248,20.0,34.0,25.0,0.0994
12,249,24.0,34.0,25.0,0.0994
12,250,28.0,34.0,25.0,0.0994
12,251,36.0,34.0,25.0,0.0994
12,252,54.0,34.0,25.0,0.0994
12,253,86.0,34.0,25.0,0.0994
12,254,108.0,34.0,0.01,0.0994
12,255,-146.0,23.0,0.01,0.0994
12,256,-136.0,23.0,25.0,0.0994
12,257,-124.0,23.0,25.0,0.0994
12,258,-118.0,23.0,25.0,0.0994
12,259,-114.0,23.0,25.0,0.0994
12,260,-110.0,23.0,25.0,0.0994
12,261,-106.0,23.0,25.0,0.0994
12,262,-102.5,23.0,25.0,0.0994
12,263,-100.0,23.0,25.0,0.0994
12,264,-98.0,23.0,25.0,0.0994
12,265,-96.0,23.0,25.0,0.0994
12,266,-93.5,23.0,25.0,0.0994
12,267,-90.0,23.0,25.0,0.0994
12,268,-86.0,23.0,25.0,0.0994
12,269,-82.0,23.0,25.0,0.0994
12,270,-78.0,23.0,25.0,0.0994
12,271,-74.0,23.0,25.0,0.0994
12,272,-70.0,23.0,25.0,0.0994
12,273,-66.0,23.0,25.0,0.0994
12,274,-62.0,23.0,25.0,0.0994
12,275,-58.0,23.0,25.0,0.0994
12,276,-54.0,23.0,25.0,0.0994
12,277,-50.0,23.0,25.0,0.0994
12,278,-46.0,23.0,25.0,0.0994
12,279,-42.0,23.0,25.0,0.0994
12,280,-38.0,23.0,25.0,0.0994
12,281,-34.0,23.0,25.0,0.0994
12,282,-30.0,23.0,25.0,0.0994
12,283,-26.0,23.0,25.0,0.0994
12,284,-22.0,23.0,25.0,0.0994
12,285,-18.5,23.0,25.0,0.0994
12,286,-15.5,23.0,25.0,0.0994
12,287,-12.5,23.0,25.0,0.0994
12,288,-10.0,23.0,25.0,0.0994
12,289,-8.0,23.0,25.0,0.0994
12,290,-6.0,23.0,25.0,0.0994
12,291,-4.0,23.0,25.0,0.0994
12,292,-2.0,23.0,25.0,0.0994
12,293,-0.0,23.0,25.0,0.0994
12,294,2.0,23.0,25.0,0.0994
12,295,4.5,23.0,25.0,0.0994
12,296,8.0,23.0,25.0,0.0994
12,297,12.0,23.0,25.0,0.0994
12,298,16.0,23.0,25.0,0.0994
12,299,20.0,23.0,25.0,0.0994
12,300,24.0,23.0,25.0,0.0994
12,301,28.0,23.0,25.0,0.0994
12,302,36.0,23.0,25.0,0.0994
12,303,54.0,23.0,25.0,0.0994
12,304,86.0,23.0,25.0,0.0994
12,305,108.0,23.0,0.01,0.0994
12,306,-146.0,15.0,0.01,0.0994
12,307,-136.0,15.0,25.0,0.0994
12,308,-124.0,15.0,25.0,0.0994
12,309,-118.0,15.0,25.0,0.0994
12,310,-114.0,15.0,25.0,0.0994
12,311,-110.0,15.0,25.0,0.0994
12,312,-106.0,15.0,25.0,0.0994
12,313,-102.5,15.0,25.0,0.0994
12,314,-100.0,15.0,25.0,0.0994
12,315,-98.0,15.0,25.0,0.0994
12,316,-96.0,15.0,25.0,0.0994
12,317,-93.5,15.0,25.0,0.0994
12,318,-90.0,15.0,25.0,0.0994
12,319,-86.0,15.0,25.0,0.0994
12,320,-82.0,15.0,25.0,0.0994
12,321,-78.0,15.0,25.0,0.0994
12,322,-74.0,15.0,25.0,0.0994
12,323,-70.0,15.0,25.0,0.0994
12,324,-66.0,15.0,25.0,0.0994
12,325,-62.0,15.0,25.0,0.0994
12,326,-58.0,15.0,25.0,0.0994
12,327,-54.0,15.0,25.0,0.0994
12,328,-50.0,15.0,25.0,0.0994
12,329,-46.0,15.0,25.0,0.0994
12,330,-42.0,15.0,25.0,0.0994
12,331,-38.0,15.0,25.0,0.0994
12,332,-34.0,15.0,25.0,0.0994
12,333,-30.0,15.0,25.0,0.0994
12,334,-26.0,15.0,25.0,0.0994
12,335,-22.0,15.0,25.0,0.0994
12,336,-18.5,15.0,25.0,0.0994
12,337,-15.5,15.0,25.0,0.0994
12,338,-12.5,15.0,25.0,0.0994
12,339,-10.0,15.0,25.0,0.0994
12,340,-8.0,15.0,25.0,0.0994
12,341,-6.0,15.0,25.0,0.0994
12,342,-4.0,15.0,25.0,0.0994
12,343,-2.0,15.0,25.0,0.0994
12,344,-0.0,15.0,25.0,0.0994
12,345,2.0,15.0,25.0,0.0994
12,346,4.5,15.0,25.0,0.0994
12,347,8.0,15.0,25.0,0.0994
12,348,12.0,15.0,25.0,0.0994
12,349,16.0,15.0,25.0,0.0994
12,350,20.0,15.0,25.0,0.0994
12,351,24.0,15.0,25.0,0.0994
12,352,28.0,15.0,25.0,0.0994
12,353,36.0,15.0,25.0,0.0994
12,354,54.0,15.0,25.0,0.0994
12,355,86.0,15.0,25.0,0.0994
12,356,108.0,15.0,0.01,0.0994
12,357,-146.0,10.0,0.01,0.0994
12,358,-136.0,10.0,25.0,0.0994
12,359,-124.0,10.0,25.0,0.0994
12,360,-118.0,10.0,25.0,0.0994
12,361,-114.0,10.0,25.0,0.0994
12,362,-110.0,10.0,25.0,0.0994
12,363,-106.0,10.0,25.0,0.0994
12,364,-102.5,10.0,25.0,0.0994
12,365,-100.0,10.0,25.0,0.0994
12,366,-98.0,10.0,25.0,0.0994
12,367,-96.0,10.0,25.0,0.0994
12,368,-93.5,10.0,25.0,0.0994
12,369,-90.0,10.0,25.0,0.0994
12,370,-86.0,10.0,25.0,0.0994
12,371,-82.0,10.0,25.0,0.0994
12,372,-78.0,10.0,25.0,0.0994
12,373,-74.0,10.0,25.0,0.0994
12,374,-70.0,10.0,25.0,0.0994
12,375,-66.0,10.0,25.0,0.0994
12,376,-62.0,10.0,25.0,0.0994
12,377,-58.0,10.0,25.0,0.0994
12,378,-54.0,10.0,25.0,0.0994
12,379,-50.0,10.0,25.0,0.0994
12,380,-46.0,10.0,25.0,0.0994
12,381,-42.0,10.0,25.0,0.0994
12,382,-38.0,10.0,25.0,0.0994
12,383,-34.0,10.0,25.0,0.0994
12,384,-30.0,10.0,25.0,0.0994
12,385,-26.0,10.0,25.0,0.0994
12,386,-22.0,10.0,25.0,0.0994
12,387,-18.5,10.0,25.0,0.0994
12,388,-15.5,10.0,25.0,0.0994
12,389,-12.5,10.0,25.0,0.0994
12,390,-10.0,10.0,25.0,0.0994
12,391,-8.0,10.0,25.0,0.0994
12,392,-6.0,10.0,25.0,0.0994
12,393,-4.0,10.0,25.0,0.0994
12,394,-2.0,10.0,25.0,0.0994
12,395,-0.0,10.0,25.0,0.0994
12,396,2.0,10.0,25.0,0.0994
12,397,4.5,10.0,25.0,0.0994
12,398,8.0,10.0,25.0,0.0994
12,399,12.0,10.0,25.0,0.0994
12,400,16.0,10.0,25.0,0.0994
12,401,20.0,10.0,25.0,0.0994
12,402,24.0,10.0,25.0,0.0994
12,403,28.0,10.0,25.0,0.0994
12,404,36.0,10.0,25.0,0.0994
12,405,54.0,10.0,25.0,0.0994
12,406,86.0,10.0,25.0,0.0994
12,407,108.0,10.0,0.01,0.0994
12,408,-146.0,6.0,0.01,0.0994
12,409,-136.0,6.0,25.0,0.0994
12,410,-124.0,6.0,25.0,0.0994
12,411,-118.0,6.0,25.0,0.0994
12,412,-114.0,6.0,25.0,0.0994
12,413,-110.0,6.0,25.0,0.0994
12,414,-106.0,6.0,25.0,0.0994
12,415,-102.5,6.0,25.0,0.0994
12,416,-100.0,6.0,25.0,0.0994
12,417,-98.0,6.0,25.0,0.0994
12,418,-96.0,6.0,25.0,0.0994
12,419,-93.5,6.0,25.0,0.0994
12,420,-90.0,6.0,25.0,0.0994
12,421,-86.0,6.0,25.0,0.0994
12,422,-82.0,6.0,25.0,0.0994
12,423,-78.0,6.0,25.0,0.0994
12,424,-74.0,6.0,25.0,0.0994
12,425,-70.0,6.0,25.0,0.0994
12,426,-66.0,6.0,25.0,0.0994
12,427,-62.0,6.0,25.0,0.0994
12,428,-58.0,6.0,25.0,0.0994
12,429,-54.0,6.0,25.0,0.0994
12,430,-50.0,6.0,25.0,0.0994
12,431,-46.0,6.0,25.0,0.0994
12,432,-42.0,6.0,25.0,0.0994
12,433,-38.0,6.0,25.0,0.0994
12,434,-34.0,6.0,25.0,0.0994
12,435,-30.0,6.0,25.0,0.0994
12,436,-26.0,6.0,25.0,0.0994
12,437,-22.0,6.0,25.0,0.0994
12,438,-18.5,6.0,25.0,0.0994
12,439,-15.5,6.0,25.0,0.0994
12,440,-12.5,6.0,25.0,0.0994
12,441,-10.0,6.0,25.0,0.0994
12,442,-8.0,6.0,25.0,0.0994
12,443,-6.0,6.0,25.0,0.0994
12,444,-4.0,6.0,25.0,0.0994
12,445,-2.0,6.0,25.0,0.0994
12,446,-0.0,6.0,25.0,0.0994
12,447,2.0,6.0,25.0,0.0994
12,448,4.5,6.0,25.0,0.0994
12,449,8.0,6.0,25.0,0.0994
12,450,12.0,6.0,25.0,0.0994
12,451,16.0,6.0,25.0,0.0994
12,452,20.0,6.0,25.0,0.0994
12,453,24.0,6.0,25.0,0.0994
12,454,28.0,6.0,25.0,0.0994
12,455,36.0,6.0,25.0,0.0994
12,456,54.0,6.0,25.0,0.0994
12,457,86.0,6.0,25.0,0.0994
12,458,108.0,6.0,0.01,0.0994
12,459,-146.0,2.0,0.01,0.0994
12,460,-136.0,2.0,25.0,0.0994
12,461,-124.0,2.0,25.0,0.0994
12,462,-118.0,2.0,25.0,0.0994
12,463,-114.0,2.0,25.0,0.0994
12,464,-110.0,2.0,25.0,0.0994
12,465,-106.0,2.0,25.0,0.0994
12,466,-102.5,2.0,25.0,0.0994
12,467,-100.0,2.0,25.0,0.0994
12,468,-98.0,2.0,25.0,0.0994
12,469,-96.0,2.0,25.0,0.0994
12,470,-93.5,2.0,25.0,0.0994
12,471,-90.0,2.0,25.0,0.0994
12,472,-86.0,2.0,25.0,0.0994
12,473,-82.0,2.0,25.0,0.0994
12,474,-78.0,2.0,25.0,0.0994
12,475,-74.0,2.0,25.0,0.0994
12,476,-70.0,2.0,25.0,0.0994
12,477,-66.0,2.0,25.0,0.0994
12,478,-62.0,2.0,25.0,0.0994
12,479,-58.0,2.0,25.0,0.0994
12,480,-54.0,2.0,25.0,0.0994
12,481,-50.0,2.0,25.0,0.0994
12,482,-46.0,2.0,25.0,0.0994
12,483,-42.0,2.0,25.0,0.0994
12,484,-38.0,2.0,25.0,0.0994
12,485,-34.0,2.0,25.0,0.0994
12,486,-30.0,2.0,25.0,0.0994
12,487,-26.0,2.0,25.0,0.0994
12,488,-22.0,2.0,25.0,0.0994
12,489,-18.5,2.0,25.0,0.0994
12,490,-15.5,2.0,25.0,0.0994
12,491,-12.5,2.0,25.0,0.0994
12,492,-10.0,2.0,25.0,0.0994
12,493,-8.0,2.0,25.0,0.0994
12,494,-6.0,2.0,25.0,0.0994
12,495,-4.0,2.0,25.0,0.0994
12,496,-2.0,2.0,25.0,0.0994
12,497,-0.0,2.0,25.0,0.0994
12,498,2.0,2.0,25.0,0.0994
12,499,4.5,2.0,25.0,0.0994
12,500,8.0,2.0,25.0,0.0994
12,501,12.0,2.0,25.0,0.0994
12,502,16.0,2.0,25.0,0.0994
12,503,20.0,2.0,25.0,0.0994
12,504,24.0,2.0,25.0,0.0994
12,505,28.0,2.0,25.0,0.0994
12,506,36.0,2.0,25.0,0.0994
12,507,54.0,2.0,25.0,0.0994
12,508,86.0,2.0,25.0,0.0994
12,509,108.0,2.0,0.01,0.0994
