time,value,obsid,var
2.1,0.001771457,influent,Ca
6.05,0.001821357,influent,Ca
10.06,0.001846307,influent,Ca
14.13,0.001921158,influent,Ca
21.06,0.001821357,influent,Ca
28.06,0.001946108,influent,Ca
35.08,0.001946108,influent,Ca
42.06,0.001996008,influent,Ca
56.06,0.001671657,influent,Ca
70.1,0.001646707,influent,Ca
85.17,0.001621756,influent,Ca
98.1,0.001646707,influent,Ca
112.1,0.001721557,influent,Ca
126.1,0.001646707,influent,Ca
140.06,0.001696607,influent,Ca
161.1,0.001447106,influent,Ca
196.09,0.001871257,influent,Ca
224.09,0.001696607,influent,Ca
252.06,0.001422156,influent,Ca
280.1,0.001671657,influent,Ca
308.09,0.001646707,influent,Ca
336.09,0.001422156,influent,Ca
364.09,0.001347305,influent,Ca
392.05,0.001422156,influent,Ca
419.94,0.001497006,influent,Ca
455.0,0.001871257,influent,Ca
490.06,0.001621756,influent,Ca
518.1,0.001746507,influent,Ca
546.05,0.001497006,influent,Ca
574.06,0.001521956,influent,Ca
609.02,0.001821357,influent,Ca
644.1,0.001546906,influent,Ca
672.02,0.001322355,influent,Ca
700.1,0.001521956,influent,Ca
728.02,0.001521956,influent,Ca
756.05,0.001571856,influent,Ca
791.05,0.001596806,influent,Ca
826.06,0.001571856,influent,Ca
854.02,0.001197605,influent,Ca
1.01,0.001971058,pp1,Ca
98.09,0.001821357,pp1,Ca
112.09,0.001871257,pp1,Ca
126.09,0.001896208,pp1,Ca
140.06,0.001846307,pp1,Ca
161.1,0.001871257,pp1,Ca
196.06,0.001746507,pp1,Ca
224.09,0.001796407,pp1,Ca
252.05,0.001771457,pp1,Ca
280.09,0.001696607,pp1,Ca
308.09,0.001696607,pp1,Ca
336.09,0.001721557,pp1,Ca
364.09,0.001646707,pp1,Ca
419.06,0.001621756,pp1,Ca
490.05,0.001472056,pp1,Ca
518.1,0.001546906,pp1,Ca
574.05,0.001671657,pp1,Ca
644.09,0.001671657,pp1,Ca
700.09,0.001571856,pp1,Ca
756.05,0.001621756,pp1,Ca
826.05,0.001646707,pp1,Ca
0.0,0.001896208,pp1f1,Ca
336.06,0.001696607,pp1f1,Ca
518.1,0.001472056,pp1-f1,Ca
609.01,0.001372255,pp1-f1,Ca
700.1,0.001621756,pp1-f1,Ca
791.01,0.001771457,pp1-f1,Ca
0.0,0.001921158,pp1-f2,Ca
98.09,0.001771457,pp1-f2,Ca
112.09,0.001871257,pp1-f2,Ca
126.08,0.001896208,pp1-f2,Ca
140.05,0.001846307,pp1-f2,Ca
161.09,0.001896208,pp1-f2,Ca
196.06,0.001796407,pp1-f2,Ca
224.06,0.001846307,pp1-f2,Ca
252.04,0.001846307,pp1-f2,Ca
280.08,0.001796407,pp1-f2,Ca
308.08,0.001821357,pp1-f2,Ca
336.08,0.001896208,pp1-f2,Ca
364.08,0.001821357,pp1-f2,Ca
455.05,0.001921158,pp1-f2,Ca
518.09,0.001771457,pp1-f2,Ca
609.01,0.001621756,pp1-f2,Ca
618.06,0.001621756,pp1-f2,Ca
618.09,0.001621756,pp1-f2,Ca
700.09,0.001497006,pp1-f2,Ca
791.04,0.001397206,pp1-f2,Ca
0.0,0.001896208,pp1-f3,Ca
336.06,0.001896208,pp1-f3,Ca
518.09,0.001497006,pp1-f3,Ca
609.01,0.001521956,pp1-f3,Ca
618.05,0.001521956,pp1-f3,Ca
618.08,0.001596806,pp1-f3,Ca
700.06,0.001497006,pp1-f3,Ca
791.02,0.001746507,pp1-f3,Ca
0.0,0.001746507,wp1-f1,Ca
364.06,0.001621756,wp1-f1,Ca
0.0,0.001721557,wp1-f2,Ca
140.02,0.001571856,wp1-f2,Ca
196.06,0.001472056,wp1-f2,Ca
252.01,0.001796407,wp1-f2,Ca
336.06,0.001696607,wp1-f2,Ca
518.06,0.001846307,wp1-f2,Ca
574.05,0.001746507,wp1-f2,Ca
618.02,0.001422156,wp1-f2,Ca
644.09,0.001671657,wp1-f2,Ca
700.06,0.001422156,wp1-f2,Ca
756.04,0.001521956,wp1-f2,Ca
826.02,0.001721557,wp1-f2,Ca
0.0,0.001871257,wp1-f3,Ca
6.14,0.001871257,wp1-f3,Ca
10.05,0.001921158,wp1-f3,Ca
14.13,0.001871257,wp1-f3,Ca
21.06,0.001846307,wp1-f3,Ca
28.01,0.001846307,wp1-f3,Ca
35.06,0.001946108,wp1-f3,Ca
42.06,0.001921158,wp1-f3,Ca
57.12,0.001771457,wp1-f3,Ca
70.09,0.001646707,wp1-f3,Ca
85.13,0.001771457,wp1-f3,Ca
98.06,0.001546906,wp1-f3,Ca
112.05,0.001571856,wp1-f3,Ca
140.02,0.001497006,wp1-f3,Ca
196.05,0.001546906,wp1-f3,Ca
252.01,0.001821357,wp1-f3,Ca
308.06,0.001497006,wp1-f3,Ca
364.06,0.001472056,wp1-f3,Ca
419.05,0.001347305,wp1-f3,Ca
490.04,0.001596806,wp1-f3,Ca
518.06,0.001796407,wp1-f3,Ca
609.0,0.001472056,wp1-f3,Ca
700.06,0.001422156,wp1-f3,Ca
791.01,0.001696607,wp1-f3,Ca
0.0,0.001846307,wp1-f4,Ca
42.06,0.001996008,wp1-f4,Ca
56.05,0.001846307,wp1-f4,Ca
70.06,0.001521956,wp1-f4,Ca
84.06,0.001596806,wp1-f4,Ca
98.05,0.001397206,wp1-f4,Ca
112.04,0.001347305,wp1-f4,Ca
126.06,0.001247505,wp1-f4,Ca
140.01,0.001222555,wp1-f4,Ca
161.06,0.001521956,wp1-f4,Ca
196.05,0.001521956,wp1-f4,Ca
224.06,0.001422156,wp1-f4,Ca
252.0,0.001771457,wp1-f4,Ca
280.06,0.001671657,wp1-f4,Ca
308.06,0.001372255,wp1-f4,Ca
336.05,0.001621756,wp1-f4,Ca
364.06,0.001447106,wp1-f4,Ca
419.04,0.001422156,wp1-f4,Ca
490.02,0.001571856,wp1-f4,Ca
518.08,0.001821357,wp1-f4,Ca
574.05,0.001871257,wp1-f4,Ca
644.08,0.001671657,wp1-f4,Ca
700.05,0.001447106,wp1-f4,Ca
756.02,0.001497006,wp1-f4,Ca
826.02,0.001771457,wp1-f4,Ca
0.0,0.002045908,wp1-f5,Ca
196.05,0.002095808,wp1-f5,Ca
280.06,0.0,wp1-f5,Ca
364.05,0.0,wp1-f5,Ca
518.09,0.0,wp1-f5,Ca
618.01,0.001946108,wp1-f5,Ca
618.04,0.001921158,wp1-f5,Ca
700.05,0.001896208,wp1-f5,Ca
699.98,0.001796407,wp2-f1,Ca
0.0,0.001796407,wp2-f2,Ca
518.01,0.001771457,wp2-f2,Ca
574.01,0.001472056,wp2-f2,Ca
644.01,0.001497006,wp2-f2,Ca
700.01,0.001447106,wp2-f2,Ca
756.0,0.001571856,wp2-f2,Ca
826.0,0.001297405,wp2-f2,Ca
0.0,0.001846307,wp2-f3,Ca
161.0,0.001372255,wp2-f3,Ca
490.01,0.001721557,wp2-f3,Ca
518.01,0.001771457,wp2-f3,Ca
608.98,0.001846307,wp2-f3,Ca
700.01,0.001472056,wp2-f3,Ca
791.05,0.001721557,wp2-f3,Ca
0.0,0.001871257,wp2-f4,Ca
6.08,0.001871257,wp2-f4,Ca
9.98,0.001896208,wp2-f4,Ca
14.0,0.001621756,wp2-f4,Ca
20.97,0.001521956,wp2-f4,Ca
28.02,0.001571856,wp2-f4,Ca
35.01,0.001771457,wp2-f4,Ca
42.01,0.001871257,wp2-f4,Ca
56.02,0.001921158,wp2-f4,Ca
70.01,0.001846307,wp2-f4,Ca
84.0,0.001671657,wp2-f4,Ca
98.02,0.001621756,wp2-f4,Ca
112.0,0.001571856,wp2-f4,Ca
126.05,0.001671657,wp2-f4,Ca
139.98,0.001671657,wp2-f4,Ca
161.01,0.001397206,wp2-f4,Ca
196.01,0.001621756,wp2-f4,Ca
224.01,0.001921158,wp2-f4,Ca
252.0,0.001521956,wp2-f4,Ca
280.0,0.001646707,wp2-f4,Ca
308.02,0.001671657,wp2-f4,Ca
336.01,0.001347305,wp2-f4,Ca
364.01,0.001347305,wp2-f4,Ca
419.02,0.001546906,wp2-f4,Ca
490.0,0.001746507,wp2-f4,Ca
518.01,0.001771457,wp2-f4,Ca
574.01,0.001447106,wp2-f4,Ca
644.02,0.001521956,wp2-f4,Ca
700.1,0.001472056,wp2-f4,Ca
756.0,0.001571856,wp2-f4,Ca
825.98,0.001297405,wp2-f4,Ca
0.0,0.001746507,wp2-f5,Ca
196.01,0.001671657,wp2-f5,Ca
518.02,0.001621756,wp2-f5,Ca
609.0,0.001721557,wp2-f5,Ca
700.0,0.001596806,wp2-f5,Ca
791.0,0.001696607,wp2-f5,Ca
0.0,0.001696607,wp3-f1,Ca
161.01,0.001646707,wp3-f1,Ca
700.02,0.001646707,wp3-f1,Ca
0.0,0.001871257,wp3-f2,Ca
161.06,0.001397206,wp3-f2,Ca
518.05,0.001746507,wp3-f2,Ca
574.04,0.001596806,wp3-f2,Ca
644.05,0.001497006,wp3-f2,Ca
700.05,0.001497006,wp3-f2,Ca
756.01,0.001521956,wp3-f2,Ca
826.0,0.001397206,wp3-f2,Ca
0.0,0.001896208,wp3-f3,Ca
2.06,0.001846307,wp3-f3,Ca
6.13,0.001472056,wp3-f3,Ca
10.02,0.001771457,wp3-f3,Ca
14.1,0.001846307,wp3-f3,Ca
21.02,0.001846307,wp3-f3,Ca
27.97,0.001921158,wp3-f3,Ca
35.05,0.001896208,wp3-f3,Ca
42.05,0.001896208,wp3-f3,Ca
57.14,0.001846307,wp3-f3,Ca
70.05,0.001646707,wp3-f3,Ca
84.02,0.001621756,wp3-f3,Ca
98.05,0.001596806,wp3-f3,Ca
112.02,0.001721557,wp3-f3,Ca
126.06,0.001721557,wp3-f3,Ca
140.0,0.001671657,wp3-f3,Ca
161.04,0.001422156,wp3-f3,Ca
196.02,0.001896208,wp3-f3,Ca
224.05,0.001896208,wp3-f3,Ca
252.02,0.001347305,wp3-f3,Ca
280.02,0.001671657,wp3-f3,Ca
308.06,0.001621756,wp3-f3,Ca
336.05,0.001397206,wp3-f3,Ca
364.05,0.001322355,wp3-f3,Ca
419.01,0.001646707,wp3-f3,Ca
490.02,0.001671657,wp3-f3,Ca
518.05,0.001746507,wp3-f3,Ca
574.02,0.001646707,wp3-f3,Ca
618.01,0.001696607,wp3-f3,Ca
617.98,0.001671657,wp3-f3,Ca
644.05,0.001497006,wp3-f3,Ca
700.04,0.001497006,wp3-f3,Ca
756.02,0.001497006,wp3-f3,Ca
826.01,0.001422156,wp3-f3,Ca
0.0,0.002020958,wp3-f4,Ca
2.05,0.001946108,wp3-f4,Ca
6.13,0.001621756,wp3-f4,Ca
10.01,0.001746507,wp3-f4,Ca
14.05,0.001771457,wp3-f4,Ca
21.02,0.001846307,wp3-f4,Ca
27.97,0.001996008,wp3-f4,Ca
35.02,0.001946108,wp3-f4,Ca
42.04,0.001896208,wp3-f4,Ca
57.15,0.001946108,wp3-f4,Ca
70.05,0.001721557,wp3-f4,Ca
84.02,0.001671657,wp3-f4,Ca
98.04,0.001646707,wp3-f4,Ca
112.01,0.001796407,wp3-f4,Ca
126.05,0.001721557,wp3-f4,Ca
140.0,0.001721557,wp3-f4,Ca
161.02,0.001497006,wp3-f4,Ca
196.02,0.001946108,wp3-f4,Ca
224.04,0.001921158,wp3-f4,Ca
252.01,0.001372255,wp3-f4,Ca
280.02,0.001746507,wp3-f4,Ca
308.05,0.001596806,wp3-f4,Ca
336.04,0.001397206,wp3-f4,Ca
364.01,0.001397206,wp3-f4,Ca
419.01,0.001621756,wp3-f4,Ca
490.01,0.001621756,wp3-f4,Ca
518.04,0.001721557,wp3-f4,Ca
574.02,0.001621756,wp3-f4,Ca
644.04,0.001521956,wp3-f4,Ca
700.04,0.001521956,wp3-f4,Ca
756.01,0.001521956,wp3-f4,Ca
826.01,0.001447106,wp3-f4,Ca
0.0,0.001846307,wp3-f5,Ca
161.02,0.001447106,wp3-f5,Ca
574.02,0.001646707,wp3-f5,Ca
700.02,0.001497006,wp3-f5,Ca
826.01,0.001472056,wp3-f5,Ca
0.0,0.002045908,wp4-f1,Ca
0.0,0.001946108,wp4-f5,Ca
518.0,0.001771457,wp4-f5,Ca
608.98,0.001397206,wp4-f5,Ca
699.98,0.001347305,wp4-f5,Ca
791.0,0.001571856,wp4-f5,Ca
2.1,80.0,influent,Cl
6.05,84.0,influent,Cl
10.06,87.0,influent,Cl
14.13,98.0,influent,Cl
21.06,94.0,influent,Cl
28.06,100.0,influent,Cl
35.08,95.0,influent,Cl
42.06,94.0,influent,Cl
56.06,92.0,influent,Cl
70.1,89.0,influent,Cl
85.17,80.0,influent,Cl
98.1,86.0,influent,Cl
112.1,96.0,influent,Cl
126.1,88.0,influent,Cl
140.06,85.0,influent,Cl
161.1,60.0,influent,Cl
196.09,75.0,influent,Cl
224.09,72.0,influent,Cl
252.06,57.0,influent,Cl
280.1,65.0,influent,Cl
308.09,75.0,influent,Cl
336.09,64.0,influent,Cl
364.09,72.0,influent,Cl
392.05,74.0,influent,Cl
419.94,76.0,influent,Cl
455.0,91.0,influent,Cl
490.06,85.0,influent,Cl
518.1,79.0,influent,Cl
546.05,68.0,influent,Cl
574.06,64.0,influent,Cl
609.02,65.0,influent,Cl
644.1,71.0,influent,Cl
672.02,61.0,influent,Cl
700.1,74.0,influent,Cl
728.02,65.0,influent,Cl
756.05,92.0,influent,Cl
791.05,83.0,influent,Cl
826.06,77.0,influent,Cl
854.02,72.0,influent,Cl
1.01,6.0,pp1,Cl
28.09,10.0,pp1,Cl
57.18,6.0,pp1,Cl
85.15,6.0,pp1,Cl
98.09,7.0,pp1,Cl
112.09,7.0,pp1,Cl
126.09,9.0,pp1,Cl
140.06,9.0,pp1,Cl
161.1,18.0,pp1,Cl
196.06,30.0,pp1,Cl
224.09,32.0,pp1,Cl
252.05,38.0,pp1,Cl
280.09,39.0,pp1,Cl
308.09,41.0,pp1,Cl
336.09,39.0,pp1,Cl
364.09,40.0,pp1,Cl
419.06,37.0,pp1,Cl
490.05,38.0,pp1,Cl
518.1,43.0,pp1,Cl
574.05,46.0,pp1,Cl
644.09,55.0,pp1,Cl
700.09,54.0,pp1,Cl
756.05,56.0,pp1,Cl
826.05,52.0,pp1,Cl
0.0,11.0,pp1-f1,Cl
57.17,6.0,pp1-f1,Cl
85.13,7.0,pp1-f1,Cl
112.1,8.0,pp1-f1,Cl
161.09,8.0,pp1-f1,Cl
252.04,53.0,pp1-f1,Cl
336.06,54.0,pp1-f1,Cl
490.08,60.0,pp1-f1,Cl
518.1,65.0,pp1-f1,Cl
609.01,55.0,pp1-f1,Cl
700.1,68.0,pp1-f1,Cl
791.01,57.0,pp1-f1,Cl
0.0,5.0,pp1-f2,Cl
57.17,7.0,pp1-f2,Cl
85.14,6.0,pp1-f2,Cl
98.09,7.0,pp1-f2,Cl
112.09,7.0,pp1-f2,Cl
126.08,7.0,pp1-f2,Cl
140.05,5.0,pp1-f2,Cl
161.09,7.0,pp1-f2,Cl
196.06,8.0,pp1-f2,Cl
224.06,6.0,pp1-f2,Cl
252.04,8.0,pp1-f2,Cl
280.08,6.0,pp1-f2,Cl
308.08,8.0,pp1-f2,Cl
336.08,6.0,pp1-f2,Cl
364.08,6.0,pp1-f2,Cl
455.05,9.0,pp1-f2,Cl
518.09,17.0,pp1-f2,Cl
609.01,45.0,pp1-f2,Cl
618.06,48.0,pp1-f2,Cl
618.09,47.0,pp1-f2,Cl
700.09,62.0,pp1-f2,Cl
791.04,68.0,pp1-f2,Cl
0.0,5.0,pp1-f3,Cl
57.17,7.0,pp1-f3,Cl
85.14,6.0,pp1-f3,Cl
98.06,7.0,pp1-f3,Cl
112.09,9.0,pp1-f3,Cl
161.09,7.0,pp1-f3,Cl
252.02,7.0,pp1-f3,Cl
336.06,6.0,pp1-f3,Cl
490.05,45.0,pp1-f3,Cl
518.09,46.0,pp1-f3,Cl
609.01,37.0,pp1-f3,Cl
618.05,41.0,pp1-f3,Cl
618.08,37.0,pp1-f3,Cl
700.06,45.0,pp1-f3,Cl
791.02,34.0,pp1-f3,Cl
0.0,13.0,wp1-f1,Cl
28.1,15.0,wp1-f1,Cl
56.05,13.0,wp1-f1,Cl
70.09,14.0,wp1-f1,Cl
84.09,14.0,wp1-f1,Cl
112.05,13.0,wp1-f1,Cl
140.01,7.0,wp1-f1,Cl
196.05,13.0,wp1-f1,Cl
280.06,12.0,wp1-f1,Cl
364.06,12.0,wp1-f1,Cl
518.05,13.0,wp1-f1,Cl
700.06,16.0,wp1-f1,Cl
0.0,12.0,wp1-f2,Cl
28.01,11.0,wp1-f2,Cl
56.05,75.0,wp1-f2,Cl
70.09,91.0,wp1-f2,Cl
84.09,92.0,wp1-f2,Cl
98.06,92.0,wp1-f2,Cl
112.05,87.0,wp1-f2,Cl
126.06,80.0,wp1-f2,Cl
140.02,73.0,wp1-f2,Cl
196.06,71.0,wp1-f2,Cl
252.01,75.0,wp1-f2,Cl
336.06,66.0,wp1-f2,Cl
455.05,71.0,wp1-f2,Cl
518.06,98.0,wp1-f2,Cl
574.05,76.0,wp1-f2,Cl
618.02,60.0,wp1-f2,Cl
644.09,69.0,wp1-f2,Cl
700.06,69.0,wp1-f2,Cl
756.04,79.0,wp1-f2,Cl
826.02,87.0,wp1-f2,Cl
0.0,5.0,wp1-f3,Cl
2.09,5.0,wp1-f3,Cl
6.14,6.0,wp1-f3,Cl
10.05,7.0,wp1-f3,Cl
14.13,9.0,wp1-f3,Cl
21.06,7.0,wp1-f3,Cl
28.01,8.0,wp1-f3,Cl
35.06,19.0,wp1-f3,Cl
42.06,32.0,wp1-f3,Cl
57.12,59.0,wp1-f3,Cl
70.09,92.0,wp1-f3,Cl
85.13,96.0,wp1-f3,Cl
98.06,95.0,wp1-f3,Cl
112.05,89.0,wp1-f3,Cl
140.02,73.0,wp1-f3,Cl
196.05,76.0,wp1-f3,Cl
252.01,72.0,wp1-f3,Cl
308.06,60.0,wp1-f3,Cl
364.06,70.0,wp1-f3,Cl
419.05,64.0,wp1-f3,Cl
490.04,77.0,wp1-f3,Cl
518.06,93.0,wp1-f3,Cl
609.0,56.0,wp1-f3,Cl
700.06,72.0,wp1-f3,Cl
791.01,73.0,wp1-f3,Cl
0.0,5.0,wp1-f4,Cl
28.01,9.0,wp1-f4,Cl
35.05,6.0,wp1-f4,Cl
42.06,10.0,wp1-f4,Cl
56.05,61.0,wp1-f4,Cl
70.06,93.0,wp1-f4,Cl
84.06,97.0,wp1-f4,Cl
98.05,97.0,wp1-f4,Cl
112.04,93.0,wp1-f4,Cl
126.06,87.0,wp1-f4,Cl
140.01,72.0,wp1-f4,Cl
161.06,83.0,wp1-f4,Cl
196.05,84.0,wp1-f4,Cl
224.06,60.0,wp1-f4,Cl
252.0,71.0,wp1-f4,Cl
280.06,70.0,wp1-f4,Cl
308.06,59.0,wp1-f4,Cl
336.05,65.0,wp1-f4,Cl
364.06,70.0,wp1-f4,Cl
419.04,63.0,wp1-f4,Cl
490.02,79.0,wp1-f4,Cl
518.08,97.0,wp1-f4,Cl
574.05,77.0,wp1-f4,Cl
644.08,70.0,wp1-f4,Cl
700.05,71.0,wp1-f4,Cl
756.02,81.0,wp1-f4,Cl
826.02,90.0,wp1-f4,Cl
0.0,5.0,wp1-f5,Cl
28.0,10.0,wp1-f5,Cl
56.05,6.0,wp1-f5,Cl
70.06,8.0,wp1-f5,Cl
84.06,8.0,wp1-f5,Cl
98.05,9.0,wp1-f5,Cl
112.04,7.0,wp1-f5,Cl
140.01,8.0,wp1-f5,Cl
196.05,10.0,wp1-f5,Cl
280.06,10.0,wp1-f5,Cl
364.05,8.0,wp1-f5,Cl
518.09,15.0,wp1-f5,Cl
618.01,13.0,wp1-f5,Cl
618.04,13.0,wp1-f5,Cl
700.05,22.0,wp1-f5,Cl
0.0,15.0,wp2-f1,Cl
14.02,14.0,wp2-f1,Cl
27.93,14.0,wp2-f1,Cl
42.02,11.0,wp2-f1,Cl
70.02,14.0,wp2-f1,Cl
126.04,13.0,wp2-f1,Cl
196.0,13.0,wp2-f1,Cl
308.02,14.0,wp2-f1,Cl
490.01,11.0,wp2-f1,Cl
517.98,13.0,wp2-f1,Cl
699.98,17.0,wp2-f1,Cl
0.0,10.0,wp2-f2,Cl
6.06,22.0,wp2-f2,Cl
10.0,80.0,wp2-f2,Cl
14.01,88.0,wp2-f2,Cl
20.98,90.0,wp2-f2,Cl
28.05,96.0,wp2-f2,Cl
35.02,96.0,wp2-f2,Cl
42.01,95.0,wp2-f2,Cl
70.02,100.0,wp2-f2,Cl
98.02,79.0,wp2-f2,Cl
126.1,91.0,wp2-f2,Cl
196.02,66.0,wp2-f2,Cl
308.02,69.0,wp2-f2,Cl
455.01,88.0,wp2-f2,Cl
518.01,77.0,wp2-f2,Cl
574.01,58.0,wp2-f2,Cl
644.01,70.0,wp2-f2,Cl
700.01,68.0,wp2-f2,Cl
756.0,88.0,wp2-f2,Cl
826.0,80.0,wp2-f2,Cl
0.0,9.0,wp2-f3,Cl
6.09,54.0,wp2-f3,Cl
14.01,88.0,wp2-f3,Cl
20.98,91.0,wp2-f3,Cl
28.04,99.0,wp2-f3,Cl
56.02,97.0,wp2-f3,Cl
84.0,79.0,wp2-f3,Cl
111.98,89.0,wp2-f3,Cl
161.0,62.0,wp2-f3,Cl
224.02,69.0,wp2-f3,Cl
280.01,66.0,wp2-f3,Cl
336.01,70.0,wp2-f3,Cl
419.02,70.0,wp2-f3,Cl
490.01,88.0,wp2-f3,Cl
518.01,76.0,wp2-f3,Cl
608.98,65.0,wp2-f3,Cl
700.01,69.0,wp2-f3,Cl
791.05,81.0,wp2-f3,Cl
0.0,8.0,wp2-f4,Cl
2.02,5.0,wp2-f4,Cl
6.08,6.0,wp2-f4,Cl
9.98,45.0,wp2-f4,Cl
14.0,86.0,wp2-f4,Cl
20.97,90.0,wp2-f4,Cl
28.02,97.0,wp2-f4,Cl
35.01,95.0,wp2-f4,Cl
42.01,96.0,wp2-f4,Cl
56.02,96.0,wp2-f4,Cl
70.01,100.0,wp2-f4,Cl
84.0,81.0,wp2-f4,Cl
98.02,80.0,wp2-f4,Cl
112.0,84.0,wp2-f4,Cl
126.05,93.0,wp2-f4,Cl
139.98,80.0,wp2-f4,Cl
161.01,62.0,wp2-f4,Cl
196.01,66.0,wp2-f4,Cl
224.01,71.0,wp2-f4,Cl
252.0,57.0,wp2-f4,Cl
280.0,64.0,wp2-f4,Cl
308.02,74.0,wp2-f4,Cl
336.01,65.0,wp2-f4,Cl
364.01,70.0,wp2-f4,Cl
419.02,67.0,wp2-f4,Cl
490.0,90.0,wp2-f4,Cl
518.01,81.0,wp2-f4,Cl
574.01,61.0,wp2-f4,Cl
644.02,69.0,wp2-f4,Cl
700.1,69.0,wp2-f4,Cl
756.0,87.0,wp2-f4,Cl
825.98,76.0,wp2-f4,Cl
0.0,6.0,wp2-f5,Cl
6.06,6.0,wp2-f5,Cl
14.0,11.0,wp2-f5,Cl
28.01,12.0,wp2-f5,Cl
42.0,8.0,wp2-f5,Cl
70.01,11.0,wp2-f5,Cl
98.01,13.0,wp2-f5,Cl
126.04,22.0,wp2-f5,Cl
196.01,36.0,wp2-f5,Cl
308.01,47.0,wp2-f5,Cl
455.01,54.0,wp2-f5,Cl
518.02,57.0,wp2-f5,Cl
609.0,57.0,wp2-f5,Cl
700.0,65.0,wp2-f5,Cl
791.0,60.0,wp2-f5,Cl
0.0,13.0,wp3-f1,Cl
2.09,11.0,wp3-f1,Cl
6.1,12.0,wp3-f1,Cl
10.05,13.0,wp3-f1,Cl
14.11,15.0,wp3-f1,Cl
21.05,14.0,wp3-f1,Cl
27.98,16.0,wp3-f1,Cl
57.12,12.0,wp3-f1,Cl
84.05,14.0,wp3-f1,Cl
112.01,13.0,wp3-f1,Cl
161.01,13.0,wp3-f1,Cl
224.04,11.0,wp3-f1,Cl
280.01,13.0,wp3-f1,Cl
336.02,13.0,wp3-f1,Cl
455.02,16.0,wp3-f1,Cl
518.02,16.0,wp3-f1,Cl
700.02,19.0,wp3-f1,Cl
0.0,6.0,wp3-f2,Cl
2.06,8.0,wp3-f2,Cl
6.14,84.0,wp3-f2,Cl
10.04,85.0,wp3-f2,Cl
14.1,92.0,wp3-f2,Cl
21.05,95.0,wp3-f2,Cl
27.98,99.0,wp3-f2,Cl
57.14,97.0,wp3-f2,Cl
84.04,79.0,wp3-f2,Cl
112.02,95.0,wp3-f2,Cl
161.06,60.0,wp3-f2,Cl
224.05,69.0,wp3-f2,Cl
280.05,67.0,wp3-f2,Cl
336.05,66.0,wp3-f2,Cl
455.04,88.0,wp3-f2,Cl
518.05,77.0,wp3-f2,Cl
574.04,64.0,wp3-f2,Cl
644.05,70.0,wp3-f2,Cl
700.05,72.0,wp3-f2,Cl
756.01,86.0,wp3-f2,Cl
826.0,79.0,wp3-f2,Cl
0.0,7.0,wp3-f3,Cl
2.06,5.0,wp3-f3,Cl
6.13,84.0,wp3-f3,Cl
10.02,85.0,wp3-f3,Cl
14.1,92.0,wp3-f3,Cl
21.02,95.0,wp3-f3,Cl
27.97,100.0,wp3-f3,Cl
35.05,95.0,wp3-f3,Cl
42.05,89.0,wp3-f3,Cl
57.14,97.0,wp3-f3,Cl
70.05,92.0,wp3-f3,Cl
84.02,79.0,wp3-f3,Cl
98.05,82.0,wp3-f3,Cl
112.02,95.0,wp3-f3,Cl
126.06,89.0,wp3-f3,Cl
140.0,86.0,wp3-f3,Cl
161.04,60.0,wp3-f3,Cl
196.02,72.0,wp3-f3,Cl
224.05,68.0,wp3-f3,Cl
252.02,57.0,wp3-f3,Cl
280.02,66.0,wp3-f3,Cl
308.06,64.0,wp3-f3,Cl
336.05,66.0,wp3-f3,Cl
364.05,74.0,wp3-f3,Cl
419.01,71.0,wp3-f3,Cl
490.02,86.0,wp3-f3,Cl
518.05,75.0,wp3-f3,Cl
574.02,63.0,wp3-f3,Cl
618.01,68.0,wp3-f3,Cl
617.98,68.0,wp3-f3,Cl
644.05,71.0,wp3-f3,Cl
700.04,70.0,wp3-f3,Cl
756.02,89.0,wp3-f3,Cl
826.01,81.0,wp3-f3,Cl
0.0,7.0,wp3-f4,Cl
2.05,5.0,wp3-f4,Cl
6.13,83.0,wp3-f4,Cl
10.01,84.0,wp3-f4,Cl
14.05,92.0,wp3-f4,Cl
21.02,94.0,wp3-f4,Cl
27.97,100.0,wp3-f4,Cl
35.02,95.0,wp3-f4,Cl
42.04,89.0,wp3-f4,Cl
57.15,97.0,wp3-f4,Cl
70.05,90.0,wp3-f4,Cl
84.02,78.0,wp3-f4,Cl
98.04,81.0,wp3-f4,Cl
112.01,95.0,wp3-f4,Cl
126.05,90.0,wp3-f4,Cl
140.0,86.0,wp3-f4,Cl
161.02,60.0,wp3-f4,Cl
196.02,71.0,wp3-f4,Cl
224.04,69.0,wp3-f4,Cl
252.01,57.0,wp3-f4,Cl
280.02,67.0,wp3-f4,Cl
308.05,64.0,wp3-f4,Cl
336.04,68.0,wp3-f4,Cl
364.01,73.0,wp3-f4,Cl
419.01,74.0,wp3-f4,Cl
490.01,86.0,wp3-f4,Cl
518.04,75.0,wp3-f4,Cl
574.02,63.0,wp3-f4,Cl
644.04,70.0,wp3-f4,Cl
700.04,72.0,wp3-f4,Cl
756.01,87.0,wp3-f4,Cl
826.01,81.0,wp3-f4,Cl
0.0,8.0,wp3-f5,Cl
2.06,5.0,wp3-f5,Cl
6.11,73.0,wp3-f5,Cl
10.01,80.0,wp3-f5,Cl
14.05,88.0,wp3-f5,Cl
21.01,92.0,wp3-f5,Cl
27.96,100.0,wp3-f5,Cl
57.13,97.0,wp3-f5,Cl
84.02,79.0,wp3-f5,Cl
112.01,92.0,wp3-f5,Cl
161.02,61.0,wp3-f5,Cl
224.02,68.0,wp3-f5,Cl
280.01,66.0,wp3-f5,Cl
336.02,66.0,wp3-f5,Cl
455.02,88.0,wp3-f5,Cl
518.02,78.0,wp3-f5,Cl
574.02,62.0,wp3-f5,Cl
644.02,70.0,wp3-f5,Cl
700.02,69.0,wp3-f5,Cl
756.01,87.0,wp3-f5,Cl
826.01,79.0,wp3-f5,Cl
0.0,14.0,wp4-f1,Cl
27.93,9.0,wp4-f1,Cl
56.01,11.0,wp4-f1,Cl
70.0,12.0,wp4-f1,Cl
98.01,13.0,wp4-f1,Cl
126.02,12.0,wp4-f1,Cl
196.0,13.0,wp4-f1,Cl
308.01,13.0,wp4-f1,Cl
517.98,13.0,wp4-f1,Cl
700.0,16.0,wp4-f1,Cl
0.0,10.0,wp4-f5,Cl
21.0,7.0,wp4-f5,Cl
27.93,8.0,wp4-f5,Cl
35.0,15.0,wp4-f5,Cl
41.98,49.0,wp4-f5,Cl
56.0,88.0,wp4-f5,Cl
69.98,97.0,wp4-f5,Cl
98.0,97.0,wp4-f5,Cl
126.02,81.0,wp4-f5,Cl
196.0,64.0,wp4-f5,Cl
2.1,2.68625e-07,influent,Fe2
6.05,2.68625e-07,influent,Fe2
10.06,2.68625e-07,influent,Fe2
14.13,2.68625e-07,influent,Fe2
21.06,2.68625e-07,influent,Fe2
28.06,2.68625e-07,influent,Fe2
35.08,2.68625e-07,influent,Fe2
42.06,2.68625e-07,influent,Fe2
56.06,2.68625e-07,influent,Fe2
70.1,2.68625e-07,influent,Fe2
85.17,2.68625e-07,influent,Fe2
98.1,2.68625e-07,influent,Fe2
112.1,2.68625e-07,influent,Fe2
126.1,2.68625e-07,influent,Fe2
140.06,4.47708e-05,influent,Fe2
161.1,2.68625e-07,influent,Fe2
196.09,2.68625e-07,influent,Fe2
224.09,2.68625e-07,influent,Fe2
252.06,2.68625e-07,influent,Fe2
280.1,2.68625e-07,influent,Fe2
308.09,2.68625e-07,influent,Fe2
336.09,2.68625e-07,influent,Fe2
364.09,2.68625e-07,influent,Fe2
392.05,5.37249e-07,influent,Fe2
419.94,5.37249e-07,influent,Fe2
455.0,5.37249e-07,influent,Fe2
490.06,5.37249e-07,influent,Fe2
518.1,5.37249e-07,influent,Fe2
546.05,5.37249e-07,influent,Fe2
574.06,5.55158e-06,influent,Fe2
609.02,5.37249e-07,influent,Fe2
644.1,5.37249e-07,influent,Fe2
672.02,5.37249e-07,influent,Fe2
700.1,5.37249e-07,influent,Fe2
728.02,5.37249e-07,influent,Fe2
756.05,5.37249e-07,influent,Fe2
791.05,5.37249e-07,influent,Fe2
826.06,5.37249e-07,influent,Fe2
854.02,5.37249e-07,influent,Fe2
1.01,0.000119986,pp1,Fe2
28.09,0.000102077,pp1,Fe2
85.15,0.000102077,pp1,Fe2
98.09,0.000105659,pp1,Fe2
112.09,0.000105659,pp1,Fe2
126.09,0.000109241,pp1,Fe2
140.06,0.000103868,pp1,Fe2
161.1,0.000105659,pp1,Fe2
196.06,9.67049e-05,pp1,Fe2
224.09,9.67049e-05,pp1,Fe2
252.05,9.31232e-05,pp1,Fe2
280.09,8.77507e-05,pp1,Fe2
308.09,8.77507e-05,pp1,Fe2
336.09,9.31232e-05,pp1,Fe2
364.09,8.77507e-05,pp1,Fe2
419.06,8.77507e-05,pp1,Fe2
490.05,8.59599e-05,pp1,Fe2
518.1,8.59599e-05,pp1,Fe2
574.05,8.77507e-05,pp1,Fe2
644.09,8.41691e-05,pp1,Fe2
700.09,7.87966e-05,pp1,Fe2
756.05,7.70057e-05,pp1,Fe2
826.05,8.05874e-05,pp1,Fe2
0.0,9.13324e-05,pp1-f1,Fe2
112.1,9.84957e-05,pp1-f1,Fe2
161.09,0.000100287,pp1-f1,Fe2
252.04,5.37249e-05,pp1-f1,Fe2
336.06,8.59599e-05,pp1-f1,Fe2
490.08,8.77507e-05,pp1-f1,Fe2
518.1,8.23782e-05,pp1-f1,Fe2
609.01,7.16332e-05,pp1-f1,Fe2
700.1,6.62607e-05,pp1-f1,Fe2
791.01,6.44699e-05,pp1-f1,Fe2
0.0,0.000123567,pp1-f2,Fe2
85.14,0.00010745,pp1-f2,Fe2
98.09,9.84957e-05,pp1-f2,Fe2
112.09,0.000100287,pp1-f2,Fe2
126.08,0.000103868,pp1-f2,Fe2
140.05,0.000100287,pp1-f2,Fe2
161.09,0.000103868,pp1-f2,Fe2
196.06,9.67049e-05,pp1-f2,Fe2
224.06,0.000102077,pp1-f2,Fe2
252.04,0.000100287,pp1-f2,Fe2
280.08,9.67049e-05,pp1-f2,Fe2
308.08,9.84957e-05,pp1-f2,Fe2
336.08,0.000103868,pp1-f2,Fe2
364.08,0.000100287,pp1-f2,Fe2
455.05,0.000102077,pp1-f2,Fe2
518.09,0.000100287,pp1-f2,Fe2
609.01,8.95415e-05,pp1-f2,Fe2
618.06,9.31232e-05,pp1-f2,Fe2
618.09,9.13324e-05,pp1-f2,Fe2
700.09,8.59599e-05,pp1-f2,Fe2
791.04,7.70057e-05,pp1-f2,Fe2
0.0,0.000127149,pp1-f3,Fe2
98.06,0.000102077,pp1-f3,Fe2
112.09,0.000102077,pp1-f3,Fe2
161.09,0.000105659,pp1-f3,Fe2
252.02,0.000103868,pp1-f3,Fe2
336.06,0.000105659,pp1-f3,Fe2
490.05,8.95415e-05,pp1-f3,Fe2
518.09,8.77507e-05,pp1-f3,Fe2
609.01,8.59599e-05,pp1-f3,Fe2
618.05,8.77507e-05,pp1-f3,Fe2
618.08,8.95415e-05,pp1-f3,Fe2
700.06,8.59599e-05,pp1-f3,Fe2
791.02,9.67049e-05,pp1-f3,Fe2
0.0,8.77507e-05,wp1-f1,Fe2
112.05,9.13324e-05,wp1-f1,Fe2
140.01,8.41691e-05,wp1-f1,Fe2
196.05,7.87966e-05,wp1-f1,Fe2
280.06,7.70057e-05,wp1-f1,Fe2
364.06,7.70057e-05,wp1-f1,Fe2
518.05,8.05874e-05,wp1-f1,Fe2
700.06,7.87966e-05,wp1-f1,Fe2
0.0,9.31232e-05,wp1-f2,Fe2
112.05,2.68625e-07,wp1-f2,Fe2
126.06,1.25358e-06,wp1-f2,Fe2
140.02,6.80516e-06,wp1-f2,Fe2
196.06,4.65616e-06,wp1-f2,Fe2
252.01,2.149e-05,wp1-f2,Fe2
336.06,1.96991e-05,wp1-f2,Fe2
455.05,1.68338e-05,wp1-f2,Fe2
518.06,1.68338e-05,wp1-f2,Fe2
574.05,1.96991e-05,wp1-f2,Fe2
618.02,1.96991e-05,wp1-f2,Fe2
644.09,2.32808e-05,wp1-f2,Fe2
700.06,1.77292e-05,wp1-f2,Fe2
756.04,1.57593e-05,wp1-f2,Fe2
826.02,1.5043e-05,wp1-f2,Fe2
0.0,0.000127149,wp1-f3,Fe2
6.14,0.000114613,wp1-f3,Fe2
10.05,0.000116404,wp1-f3,Fe2
14.13,0.000112822,wp1-f3,Fe2
21.06,0.000111032,wp1-f3,Fe2
28.01,0.000111032,wp1-f3,Fe2
35.06,0.000111032,wp1-f3,Fe2
42.06,0.000112822,wp1-f3,Fe2
57.12,8.59599e-05,wp1-f3,Fe2
70.09,3.93983e-05,wp1-f3,Fe2
85.13,5.55158e-06,wp1-f3,Fe2
98.06,8.59599e-06,wp1-f3,Fe2
112.05,5.55158e-06,wp1-f3,Fe2
140.02,3.93983e-06,wp1-f3,Fe2
196.05,2.149e-06,wp1-f3,Fe2
252.01,1.0745e-06,wp1-f3,Fe2
308.06,1.0745e-06,wp1-f3,Fe2
364.06,1.25358e-06,wp1-f3,Fe2
419.05,6.80516e-06,wp1-f3,Fe2
490.04,8.77507e-06,wp1-f3,Fe2
518.06,7.70057e-06,wp1-f3,Fe2
609.0,8.95415e-07,wp1-f3,Fe2
700.06,8.95415e-07,wp1-f3,Fe2
791.01,7.16332e-07,wp1-f3,Fe2
0.0,0.000118195,wp1-f4,Fe2
28.01,0.000103868,wp1-f4,Fe2
35.05,0.000103868,wp1-f4,Fe2
42.06,0.000112822,wp1-f4,Fe2
56.05,0.00010745,wp1-f4,Fe2
70.06,6.98424e-05,wp1-f4,Fe2
84.06,1.46848e-05,wp1-f4,Fe2
98.05,8.05874e-06,wp1-f4,Fe2
112.04,6.26791e-06,wp1-f4,Fe2
126.06,3.76074e-06,wp1-f4,Fe2
140.01,7.16332e-07,wp1-f4,Fe2
161.06,5.37249e-07,wp1-f4,Fe2
196.05,5.37249e-07,wp1-f4,Fe2
224.06,7.16332e-07,wp1-f4,Fe2
252.0,2.68625e-07,wp1-f4,Fe2
280.06,7.16332e-07,wp1-f4,Fe2
308.06,2.68625e-07,wp1-f4,Fe2
336.05,2.68625e-07,wp1-f4,Fe2
364.06,7.16332e-07,wp1-f4,Fe2
419.04,5.19341e-06,wp1-f4,Fe2
490.02,7.87966e-06,wp1-f4,Fe2
518.08,6.26791e-06,wp1-f4,Fe2
574.05,5.37249e-07,wp1-f4,Fe2
644.08,5.37249e-07,wp1-f4,Fe2
700.05,7.16332e-07,wp1-f4,Fe2
756.02,3.04441e-06,wp1-f4,Fe2
826.02,4.65616e-06,wp1-f4,Fe2
0.0,0.000175501,wp1-f5,Fe2
112.04,0.000175501,wp1-f5,Fe2
140.01,0.000177292,wp1-f5,Fe2
196.05,0.000196991,wp1-f5,Fe2
280.06,0.000164756,wp1-f5,Fe2
364.05,0.000154011,wp1-f5,Fe2
518.09,0.000136103,wp1-f5,Fe2
618.01,0.000146848,wp1-f5,Fe2
618.04,0.000136103,wp1-f5,Fe2
700.05,0.00012894,wp1-f5,Fe2
0.0,0.00010745,wp2-f1,Fe2
70.02,0.000112822,wp2-f1,Fe2
126.04,9.4914e-05,wp2-f1,Fe2
196.0,9.4914e-05,wp2-f1,Fe2
308.02,8.41691e-05,wp2-f1,Fe2
490.01,8.05874e-05,wp2-f1,Fe2
517.98,8.59599e-05,wp2-f1,Fe2
699.98,8.41691e-05,wp2-f1,Fe2
0.0,0.000100287,wp2-f2,Fe2
28.05,6.62607e-06,wp2-f2,Fe2
42.01,1.43266e-06,wp2-f2,Fe2
70.02,2.68625e-07,wp2-f2,Fe2
98.02,8.95415e-07,wp2-f2,Fe2
126.1,1.43266e-06,wp2-f2,Fe2
196.02,2.68625e-07,wp2-f2,Fe2
308.02,1.61175e-06,wp2-f2,Fe2
455.01,5.19341e-06,wp2-f2,Fe2
518.01,2.32808e-06,wp2-f2,Fe2
574.01,8.41691e-06,wp2-f2,Fe2
644.01,1.79083e-06,wp2-f2,Fe2
700.01,3.04441e-06,wp2-f2,Fe2
756.0,6.80516e-06,wp2-f2,Fe2
826.0,3.76074e-06,wp2-f2,Fe2
0.0,0.000111032,wp2-f3,Fe2
6.09,9.31232e-05,wp2-f3,Fe2
14.01,4.83524e-05,wp2-f3,Fe2
20.98,1.96991e-05,wp2-f3,Fe2
28.04,2.149e-06,wp2-f3,Fe2
56.02,5.37249e-07,wp2-f3,Fe2
84.0,2.68625e-07,wp2-f3,Fe2
111.98,2.68625e-07,wp2-f3,Fe2
161.0,2.68625e-07,wp2-f3,Fe2
224.02,2.68625e-07,wp2-f3,Fe2
280.01,2.68625e-07,wp2-f3,Fe2
336.01,2.68625e-07,wp2-f3,Fe2
419.02,5.37249e-07,wp2-f3,Fe2
490.01,5.37249e-07,wp2-f3,Fe2
518.01,5.37249e-07,wp2-f3,Fe2
608.98,5.37249e-07,wp2-f3,Fe2
700.01,5.37249e-07,wp2-f3,Fe2
791.05,5.37249e-07,wp2-f3,Fe2
0.0,0.000103868,wp2-f4,Fe2
6.08,9.31232e-05,wp2-f4,Fe2
9.98,0.000102077,wp2-f4,Fe2
14.0,8.05874e-05,wp2-f4,Fe2
20.97,5.01433e-05,wp2-f4,Fe2
28.02,2.68625e-05,wp2-f4,Fe2
35.01,2.50716e-06,wp2-f4,Fe2
42.01,5.37249e-07,wp2-f4,Fe2
56.02,2.68625e-07,wp2-f4,Fe2
70.01,2.68625e-07,wp2-f4,Fe2
84.0,2.68625e-07,wp2-f4,Fe2
98.02,7.16332e-07,wp2-f4,Fe2
112.0,7.16332e-07,wp2-f4,Fe2
126.05,2.68625e-07,wp2-f4,Fe2
139.98,2.68625e-07,wp2-f4,Fe2
161.01,2.68625e-07,wp2-f4,Fe2
196.01,2.68625e-07,wp2-f4,Fe2
224.01,2.68625e-07,wp2-f4,Fe2
252.0,2.68625e-07,wp2-f4,Fe2
280.0,2.68625e-07,wp2-f4,Fe2
308.02,2.68625e-07,wp2-f4,Fe2
336.01,2.68625e-07,wp2-f4,Fe2
364.01,2.68625e-07,wp2-f4,Fe2
419.02,5.37249e-07,wp2-f4,Fe2
490.0,5.37249e-07,wp2-f4,Fe2
518.01,5.37249e-07,wp2-f4,Fe2
574.01,5.37249e-07,wp2-f4,Fe2
644.02,5.37249e-07,wp2-f4,Fe2
700.1,5.37249e-07,wp2-f4,Fe2
756.0,5.37249e-07,wp2-f4,Fe2
825.98,5.37249e-07,wp2-f4,Fe2
0.0,0.000103868,wp2-f5,Fe2
28.01,0.00010745,wp2-f5,Fe2
42.0,0.000109241,wp2-f5,Fe2
70.01,0.000125358,wp2-f5,Fe2
98.01,0.000103868,wp2-f5,Fe2
126.04,0.000102077,wp2-f5,Fe2
196.01,9.4914e-05,wp2-f5,Fe2
308.01,9.13324e-05,wp2-f5,Fe2
455.01,9.13324e-05,wp2-f5,Fe2
518.02,8.41691e-05,wp2-f5,Fe2
609.0,8.59599e-05,wp2-f5,Fe2
700.0,8.23782e-05,wp2-f5,Fe2
791.0,9.13324e-05,wp2-f5,Fe2
0.0,7.87966e-05,wp3-f1,Fe2
10.05,7.34241e-05,wp3-f1,Fe2
14.11,7.16332e-05,wp3-f1,Fe2
21.05,7.34241e-05,wp3-f1,Fe2
27.98,7.34241e-05,wp3-f1,Fe2
57.12,6.80516e-05,wp3-f1,Fe2
84.05,7.87966e-05,wp3-f1,Fe2
112.01,8.23782e-05,wp3-f1,Fe2
161.01,6.98424e-05,wp3-f1,Fe2
224.04,7.34241e-05,wp3-f1,Fe2
280.01,7.34241e-05,wp3-f1,Fe2
336.02,7.34241e-05,wp3-f1,Fe2
455.02,7.87966e-05,wp3-f1,Fe2
518.02,7.16332e-05,wp3-f1,Fe2
700.02,7.70057e-05,wp3-f1,Fe2
0.0,0.000103868,wp3-f2,Fe2
2.06,0.000102077,wp3-f2,Fe2
6.14,6.44699e-05,wp3-f2,Fe2
10.04,3.2235e-05,wp3-f2,Fe2
14.1,1.54011e-05,wp3-f2,Fe2
21.05,3.40258e-06,wp3-f2,Fe2
27.98,1.61175e-06,wp3-f2,Fe2
57.14,7.16332e-07,wp3-f2,Fe2
84.04,7.16332e-07,wp3-f2,Fe2
112.02,2.68625e-07,wp3-f2,Fe2
161.06,2.68625e-07,wp3-f2,Fe2
224.05,2.68625e-07,wp3-f2,Fe2
280.05,2.68625e-07,wp3-f2,Fe2
336.05,2.68625e-07,wp3-f2,Fe2
455.04,5.37249e-07,wp3-f2,Fe2
518.05,5.37249e-07,wp3-f2,Fe2
574.04,5.37249e-07,wp3-f2,Fe2
644.05,5.37249e-07,wp3-f2,Fe2
700.05,5.37249e-07,wp3-f2,Fe2
756.01,5.37249e-07,wp3-f2,Fe2
826.0,5.37249e-07,wp3-f2,Fe2
0.0,0.000121777,wp3-f3,Fe2
2.06,0.000114613,wp3-f3,Fe2
6.13,5.55158e-05,wp3-f3,Fe2
10.02,3.40258e-05,wp3-f3,Fe2
14.1,1.70129e-05,wp3-f3,Fe2
21.02,4.65616e-06,wp3-f3,Fe2
27.97,2.68625e-06,wp3-f3,Fe2
35.05,1.61175e-06,wp3-f3,Fe2
42.05,1.25358e-06,wp3-f3,Fe2
57.14,5.37249e-07,wp3-f3,Fe2
70.05,7.16332e-07,wp3-f3,Fe2
84.02,5.37249e-07,wp3-f3,Fe2
98.05,8.95415e-07,wp3-f3,Fe2
112.02,2.68625e-07,wp3-f3,Fe2
126.06,2.68625e-07,wp3-f3,Fe2
140.0,2.68625e-07,wp3-f3,Fe2
161.04,2.68625e-07,wp3-f3,Fe2
196.02,2.68625e-07,wp3-f3,Fe2
224.05,2.68625e-07,wp3-f3,Fe2
252.02,2.68625e-07,wp3-f3,Fe2
280.02,2.68625e-07,wp3-f3,Fe2
308.06,2.68625e-07,wp3-f3,Fe2
336.05,2.68625e-07,wp3-f3,Fe2
364.05,2.68625e-07,wp3-f3,Fe2
419.01,5.37249e-07,wp3-f3,Fe2
490.02,5.37249e-07,wp3-f3,Fe2
518.05,5.37249e-07,wp3-f3,Fe2
574.02,5.37249e-07,wp3-f3,Fe2
618.01,5.37249e-07,wp3-f3,Fe2
617.98,5.37249e-07,wp3-f3,Fe2
644.05,5.37249e-07,wp3-f3,Fe2
700.04,5.37249e-07,wp3-f3,Fe2
756.02,5.37249e-07,wp3-f3,Fe2
826.01,5.37249e-07,wp3-f3,Fe2
0.0,0.000102077,wp3-f4,Fe2
2.05,8.41691e-05,wp3-f4,Fe2
6.13,5.37249e-05,wp3-f4,Fe2
10.01,5.55158e-05,wp3-f4,Fe2
14.05,2.86533e-05,wp3-f4,Fe2
21.02,4.29799e-06,wp3-f4,Fe2
27.97,1.43266e-06,wp3-f4,Fe2
35.02,7.16332e-07,wp3-f4,Fe2
42.04,7.16332e-07,wp3-f4,Fe2
57.15,5.37249e-07,wp3-f4,Fe2
70.05,5.37249e-07,wp3-f4,Fe2
84.02,5.37249e-07,wp3-f4,Fe2
98.04,2.68625e-07,wp3-f4,Fe2
112.01,5.37249e-07,wp3-f4,Fe2
126.05,2.68625e-07,wp3-f4,Fe2
140.0,2.68625e-07,wp3-f4,Fe2
161.02,2.68625e-07,wp3-f4,Fe2
196.02,2.68625e-07,wp3-f4,Fe2
224.04,2.68625e-07,wp3-f4,Fe2
252.01,2.68625e-07,wp3-f4,Fe2
280.02,2.68625e-07,wp3-f4,Fe2
308.05,2.68625e-07,wp3-f4,Fe2
336.04,2.68625e-07,wp3-f4,Fe2
364.01,2.68625e-07,wp3-f4,Fe2
419.01,5.37249e-07,wp3-f4,Fe2
490.01,5.37249e-07,wp3-f4,Fe2
518.04,5.37249e-07,wp3-f4,Fe2
574.02,5.37249e-07,wp3-f4,Fe2
644.04,5.37249e-07,wp3-f4,Fe2
700.04,5.37249e-07,wp3-f4,Fe2
756.01,5.37249e-07,wp3-f4,Fe2
826.01,5.37249e-07,wp3-f4,Fe2
0.0,0.000105659,wp3-f5,Fe2
6.11,6.80516e-05,wp3-f5,Fe2
10.01,5.90974e-05,wp3-f5,Fe2
14.05,3.04441e-05,wp3-f5,Fe2
21.01,2.50716e-06,wp3-f5,Fe2
27.96,1.61175e-06,wp3-f5,Fe2
57.13,1.0745e-06,wp3-f5,Fe2
84.02,7.16332e-07,wp3-f5,Fe2
112.01,8.95415e-07,wp3-f5,Fe2
161.02,7.16332e-07,wp3-f5,Fe2
280.01,2.68625e-07,wp3-f5,Fe2
336.02,2.68625e-07,wp3-f5,Fe2
455.02,5.37249e-07,wp3-f5,Fe2
518.02,5.37249e-07,wp3-f5,Fe2
574.02,5.37249e-07,wp3-f5,Fe2
644.02,8.95415e-07,wp3-f5,Fe2
700.02,1.79083e-06,wp3-f5,Fe2
756.01,5.37249e-07,wp3-f5,Fe2
826.01,5.37249e-07,wp3-f5,Fe2
0.0,3.2235e-05,wp4-f1,Fe2
517.98,6.62607e-05,wp4-f1,Fe2
700.0,7.16332e-05,wp4-f1,Fe2
0.0,9.4914e-05,wp4-f5,Fe2
196.0,2.68625e-07,wp4-f5,Fe2
336.0,2.68625e-07,wp4-f5,Fe2
489.98,3.2235e-05,wp4-f5,Fe2
518.0,2.68625e-05,wp4-f5,Fe2
608.98,5.37249e-07,wp4-f5,Fe2
699.98,5.37249e-07,wp4-f5,Fe2
791.0,1.32521e-05,wp4-f5,Fe2
2.1,0.00204918,influent,HCO3
6.05,0.00204918,influent,HCO3
10.06,0.002131148,influent,HCO3
14.13,0.002213115,influent,HCO3
21.06,0.002213115,influent,HCO3
28.06,0.002213115,influent,HCO3
35.08,0.002295082,influent,HCO3
42.06,0.002131148,influent,HCO3
56.06,0.001803279,influent,HCO3
70.1,0.001639344,influent,HCO3
85.17,0.001557377,influent,HCO3
98.1,0.001721311,influent,HCO3
112.1,0.001967213,influent,HCO3
126.1,0.001967213,influent,HCO3
140.06,0.001885246,influent,HCO3
161.1,0.00142623,influent,HCO3
196.09,0.002377049,influent,HCO3
224.09,0.002213115,influent,HCO3
252.06,0.001459016,influent,HCO3
280.1,0.001967213,influent,HCO3
308.09,0.001967213,influent,HCO3
336.09,0.001491803,influent,HCO3
364.09,0.001508197,influent,HCO3
392.05,0.001557377,influent,HCO3
419.94,0.001885246,influent,HCO3
455.0,0.002213115,influent,HCO3
490.06,0.002131148,influent,HCO3
518.1,0.00204918,influent,HCO3
546.05,0.001508197,influent,HCO3
574.06,0.001622951,influent,HCO3
609.02,0.00204918,influent,HCO3
644.1,0.001590164,influent,HCO3
672.02,0.00152459,influent,HCO3
700.1,0.001803279,influent,HCO3
728.02,0.001803279,influent,HCO3
756.05,0.001803279,influent,HCO3
791.05,0.001885246,influent,HCO3
826.06,0.001606557,influent,HCO3
854.02,0.001147541,influent,HCO3
1.01,0.005409836,pp1,HCO3
28.09,0.005409836,pp1,HCO3
85.15,0.005409836,pp1,HCO3
98.09,0.005409836,pp1,HCO3
112.09,0.005245902,pp1,HCO3
126.09,0.005409836,pp1,HCO3
140.06,0.005245902,pp1,HCO3
161.1,0.004918033,pp1,HCO3
196.06,0.00442623,pp1,HCO3
224.09,0.004098361,pp1,HCO3
252.05,0.003934426,pp1,HCO3
280.09,0.003770492,pp1,HCO3
308.09,0.003606557,pp1,HCO3
336.09,0.003606557,pp1,HCO3
364.09,0.003606557,pp1,HCO3
419.06,0.00352459,pp1,HCO3
490.05,0.003360656,pp1,HCO3
518.1,0.003278689,pp1,HCO3
574.05,0.003114754,pp1,HCO3
644.09,0.003196721,pp1,HCO3
700.09,0.00295082,pp1,HCO3
756.05,0.003032787,pp1,HCO3
826.05,0.00295082,pp1,HCO3
0.0,0.005737705,pp1-f1,HCO3
112.1,0.005409836,pp1-f1,HCO3
161.09,0.005409836,pp1-f1,HCO3
252.04,0.003360656,pp1-f1,HCO3
336.06,0.003114754,pp1-f1,HCO3
490.08,0.00204918,pp1-f1,HCO3
518.1,0.001967213,pp1-f1,HCO3
609.01,0.001885246,pp1-f1,HCO3
700.1,0.002377049,pp1-f1,HCO3
791.01,0.002131148,pp1-f1,HCO3
0.0,0.005245902,pp1-f2,HCO3
85.14,0.005409836,pp1-f2,HCO3
98.09,0.005409836,pp1-f2,HCO3
112.09,0.00557377,pp1-f2,HCO3
126.08,0.00557377,pp1-f2,HCO3
140.05,0.00557377,pp1-f2,HCO3
161.09,0.00557377,pp1-f2,HCO3
196.06,0.005409836,pp1-f2,HCO3
224.06,0.005409836,pp1-f2,HCO3
252.04,0.005409836,pp1-f2,HCO3
280.08,0.005409836,pp1-f2,HCO3
308.08,0.005245902,pp1-f2,HCO3
336.08,0.005409836,pp1-f2,HCO3
364.08,0.005409836,pp1-f2,HCO3
455.05,0.005409836,pp1-f2,HCO3
518.09,0.005081967,pp1-f2,HCO3
609.01,0.003442623,pp1-f2,HCO3
618.06,0.003442623,pp1-f2,HCO3
618.09,0.003442623,pp1-f2,HCO3
700.09,0.002704918,pp1-f2,HCO3
791.04,0.001639344,pp1-f2,HCO3
0.0,0.005409836,pp1-f3,HCO3
98.06,0.005409836,pp1-f3,HCO3
112.09,0.005245902,pp1-f3,HCO3
161.09,0.005409836,pp1-f3,HCO3
252.02,0.005409836,pp1-f3,HCO3
336.06,0.005245902,pp1-f3,HCO3
490.05,0.003196721,pp1-f3,HCO3
518.09,0.003278689,pp1-f3,HCO3
609.01,0.003278689,pp1-f3,HCO3
618.05,0.003278689,pp1-f3,HCO3
618.08,0.00352459,pp1-f3,HCO3
700.06,0.003114754,pp1-f3,HCO3
791.02,0.003606557,pp1-f3,HCO3
0.0,0.005737705,wp1-f1,HCO3
112.05,0.005737705,wp1-f1,HCO3
140.01,0.005737705,wp1-f1,HCO3
196.05,0.005737705,wp1-f1,HCO3
280.06,0.00557377,wp1-f1,HCO3
364.06,0.005737705,wp1-f1,HCO3
518.05,0.00557377,wp1-f1,HCO3
700.06,0.005409836,wp1-f1,HCO3
0.0,0.00557377,wp1-f2,HCO3
112.05,0.001721311,wp1-f2,HCO3
126.06,0.00157377,wp1-f2,HCO3
140.02,0.00157377,wp1-f2,HCO3
196.06,0.001327869,wp1-f2,HCO3
252.01,0.001721311,wp1-f2,HCO3
336.06,0.00147541,wp1-f2,HCO3
455.05,0.001409836,wp1-f2,HCO3
518.06,0.001967213,wp1-f2,HCO3
574.05,0.001639344,wp1-f2,HCO3
618.02,0.001180328,wp1-f2,HCO3
644.09,0.00147541,wp1-f2,HCO3
700.06,0.001147541,wp1-f2,HCO3
756.04,0.001442623,wp1-f2,HCO3
826.02,0.001622951,wp1-f2,HCO3
0.0,0.005245902,wp1-f3,HCO3
6.14,0.005409836,wp1-f3,HCO3
10.05,0.005409836,wp1-f3,HCO3
14.13,0.005409836,wp1-f3,HCO3
21.06,0.005409836,wp1-f3,HCO3
28.01,0.005245902,wp1-f3,HCO3
35.06,0.004754098,wp1-f3,HCO3
42.06,0.004262295,wp1-f3,HCO3
57.12,0.003114754,wp1-f3,HCO3
70.09,0.001803279,wp1-f3,HCO3
85.13,0.001721311,wp1-f3,HCO3
98.06,0.001639344,wp1-f3,HCO3
112.05,0.001606557,wp1-f3,HCO3
140.02,0.00147541,wp1-f3,HCO3
196.05,0.001540984,wp1-f3,HCO3
252.01,0.001967213,wp1-f3,HCO3
308.06,0.001327869,wp1-f3,HCO3
364.06,0.00142623,wp1-f3,HCO3
419.05,0.001245902,wp1-f3,HCO3
490.04,0.001721311,wp1-f3,HCO3
518.06,0.001967213,wp1-f3,HCO3
609.0,0.001459016,wp1-f3,HCO3
700.06,0.001327869,wp1-f3,HCO3
791.01,0.001540984,wp1-f3,HCO3
0.0,0.005409836,wp1-f4,HCO3
28.01,0.005245902,wp1-f4,HCO3
35.05,0.005409836,wp1-f4,HCO3
42.06,0.005409836,wp1-f4,HCO3
56.05,0.002868852,wp1-f4,HCO3
70.06,0.001639344,wp1-f4,HCO3
84.06,0.001639344,wp1-f4,HCO3
98.05,0.001557377,wp1-f4,HCO3
112.04,0.001377049,wp1-f4,HCO3
126.06,0.001180328,wp1-f4,HCO3
140.01,0.001098361,wp1-f4,HCO3
161.06,0.001409836,wp1-f4,HCO3
196.05,0.001639344,wp1-f4,HCO3
224.06,0.001639344,wp1-f4,HCO3
252.0,0.001967213,wp1-f4,HCO3
280.06,0.001967213,wp1-f4,HCO3
308.06,0.001327869,wp1-f4,HCO3
336.05,0.001639344,wp1-f4,HCO3
364.06,0.001459016,wp1-f4,HCO3
419.04,0.001327869,wp1-f4,HCO3
490.02,0.001622951,wp1-f4,HCO3
518.08,0.001967213,wp1-f4,HCO3
574.05,0.001885246,wp1-f4,HCO3
644.08,0.001590164,wp1-f4,HCO3
700.05,0.001262295,wp1-f4,HCO3
756.02,0.001393443,wp1-f4,HCO3
826.02,0.001639344,wp1-f4,HCO3
0.0,0.005737705,wp1-f5,HCO3
112.04,0.005901639,wp1-f5,HCO3
140.01,0.005901639,wp1-f5,HCO3
196.05,0.005737705,wp1-f5,HCO3
280.06,0.005737705,wp1-f5,HCO3
364.05,0.00557377,wp1-f5,HCO3
518.09,0.005245902,wp1-f5,HCO3
618.01,0.00557377,wp1-f5,HCO3
618.04,0.005409836,wp1-f5,HCO3
700.05,0.004918033,wp1-f5,HCO3
0.0,0.005901639,wp2-f1,HCO3
70.02,0.005901639,wp2-f1,HCO3
126.04,0.005901639,wp2-f1,HCO3
196.0,0.005901639,wp2-f1,HCO3
308.02,0.005901639,wp2-f1,HCO3
490.01,0.006065574,wp2-f1,HCO3
517.98,0.006065574,wp2-f1,HCO3
699.98,0.005901639,wp2-f1,HCO3
0.0,0.005409836,wp2-f2,HCO3
28.05,0.001885246,wp2-f2,HCO3
42.01,0.001967213,wp2-f2,HCO3
70.02,0.001606557,wp2-f2,HCO3
98.02,0.001180328,wp2-f2,HCO3
126.1,0.001590164,wp2-f2,HCO3
196.02,0.001803279,wp2-f2,HCO3
308.02,0.001540984,wp2-f2,HCO3
455.01,0.001885246,wp2-f2,HCO3
518.01,0.001885246,wp2-f2,HCO3
574.01,0.000934426,wp2-f2,HCO3
644.01,0.00142623,wp2-f2,HCO3
700.01,0.00142623,wp2-f2,HCO3
756.0,0.00147541,wp2-f2,HCO3
826.0,0.000934426,wp2-f2,HCO3
0.0,0.005409836,wp2-f3,HCO3
6.09,0.003032787,wp2-f3,HCO3
14.01,0.001721311,wp2-f3,HCO3
20.98,0.001885246,wp2-f3,HCO3
28.04,0.001967213,wp2-f3,HCO3
56.02,0.001885246,wp2-f3,HCO3
84.0,0.001377049,wp2-f3,HCO3
111.98,0.001803279,wp2-f3,HCO3
161.0,0.001114754,wp2-f3,HCO3
224.02,0.002213115,wp2-f3,HCO3
280.01,0.001721311,wp2-f3,HCO3
336.01,0.001131148,wp2-f3,HCO3
419.02,0.001721311,wp2-f3,HCO3
490.01,0.001967213,wp2-f3,HCO3
518.01,0.001967213,wp2-f3,HCO3
608.98,0.001967213,wp2-f3,HCO3
700.01,0.001540984,wp2-f3,HCO3
791.05,0.001721311,wp2-f3,HCO3
0.0,0.005409836,wp2-f4,HCO3
6.08,0.00557377,wp2-f4,HCO3
9.98,0.003606557,wp2-f4,HCO3
14.0,0.001721311,wp2-f4,HCO3
20.97,0.001639344,wp2-f4,HCO3
28.02,0.001639344,wp2-f4,HCO3
35.01,0.001721311,wp2-f4,HCO3
42.01,0.001885246,wp2-f4,HCO3
56.02,0.001967213,wp2-f4,HCO3
70.01,0.001803279,wp2-f4,HCO3
84.0,0.001540984,wp2-f4,HCO3
98.02,0.001409836,wp2-f4,HCO3
112.0,0.001491803,wp2-f4,HCO3
126.05,0.001721311,wp2-f4,HCO3
139.98,0.001639344,wp2-f4,HCO3
161.01,0.001196721,wp2-f4,HCO3
196.01,0.001803279,wp2-f4,HCO3
224.01,0.002131148,wp2-f4,HCO3
252.0,0.001409836,wp2-f4,HCO3
280.0,0.001590164,wp2-f4,HCO3
308.02,0.001590164,wp2-f4,HCO3
336.01,0.001147541,wp2-f4,HCO3
364.01,0.001,wp2-f4,HCO3
419.02,0.001606557,wp2-f4,HCO3
490.0,0.001885246,wp2-f4,HCO3
518.01,0.002704918,wp2-f4,HCO3
574.01,0.001065574,wp2-f4,HCO3
644.02,0.001885246,wp2-f4,HCO3
700.1,0.001508197,wp2-f4,HCO3
756.0,0.001606557,wp2-f4,HCO3
825.98,0.001,wp2-f4,HCO3
0.0,0.005081967,wp2-f5,HCO3
28.01,0.005081967,wp2-f5,HCO3
42.0,0.005081967,wp2-f5,HCO3
70.01,0.005081967,wp2-f5,HCO3
98.01,0.005081967,wp2-f5,HCO3
126.04,0.004754098,wp2-f5,HCO3
196.01,0.004098361,wp2-f5,HCO3
308.01,0.003442623,wp2-f5,HCO3
455.01,0.005901639,wp2-f5,HCO3
518.02,0.001967213,wp2-f5,HCO3
609.0,0.002622951,wp2-f5,HCO3
700.0,0.002459016,wp2-f5,HCO3
791.0,0.002459016,wp2-f5,HCO3
0.0,0.005737705,wp3-f1,HCO3
10.05,0.005737705,wp3-f1,HCO3
14.11,0.005737705,wp3-f1,HCO3
21.05,0.005737705,wp3-f1,HCO3
27.98,0.005737705,wp3-f1,HCO3
57.12,0.005737705,wp3-f1,HCO3
84.05,0.005737705,wp3-f1,HCO3
112.01,0.005737705,wp3-f1,HCO3
161.01,0.005737705,wp3-f1,HCO3
224.04,0.005737705,wp3-f1,HCO3
280.01,0.005737705,wp3-f1,HCO3
336.02,0.005737705,wp3-f1,HCO3
455.02,0.00557377,wp3-f1,HCO3
518.02,0.00557377,wp3-f1,HCO3
700.02,0.005409836,wp3-f1,HCO3
0.0,0.005409836,wp3-f2,HCO3
2.06,0.005409836,wp3-f2,HCO3
6.14,0.001721311,wp3-f2,HCO3
10.04,0.001803279,wp3-f2,HCO3
14.1,0.001885246,wp3-f2,HCO3
21.05,0.00204918,wp3-f2,HCO3
27.98,0.00204918,wp3-f2,HCO3
57.14,0.001885246,wp3-f2,HCO3
84.04,0.001229508,wp3-f2,HCO3
112.02,0.001557377,wp3-f2,HCO3
161.06,0.001,wp3-f2,HCO3
224.05,0.001967213,wp3-f2,HCO3
280.05,0.001803279,wp3-f2,HCO3
336.05,0.001196721,wp3-f2,HCO3
455.04,0.00204918,wp3-f2,HCO3
518.05,0.001639344,wp3-f2,HCO3
574.04,0.001262295,wp3-f2,HCO3
644.05,0.001885246,wp3-f2,HCO3
700.05,0.00152459,wp3-f2,HCO3
756.01,0.001442623,wp3-f2,HCO3
826.0,0.001065574,wp3-f2,HCO3
0.0,0.005409836,wp3-f3,HCO3
2.06,0.005409836,wp3-f3,HCO3
6.13,0.001803279,wp3-f3,HCO3
10.02,0.001803279,wp3-f3,HCO3
14.1,0.001967213,wp3-f3,HCO3
21.02,0.00204918,wp3-f3,HCO3
27.97,0.001967213,wp3-f3,HCO3
35.05,0.001967213,wp3-f3,HCO3
42.05,0.001803279,wp3-f3,HCO3
57.14,0.001803279,wp3-f3,HCO3
70.05,0.001442623,wp3-f3,HCO3
84.02,0.001262295,wp3-f3,HCO3
98.05,0.001409836,wp3-f3,HCO3
112.02,0.001721311,wp3-f3,HCO3
126.06,0.001803279,wp3-f3,HCO3
140.0,0.001590164,wp3-f3,HCO3
161.04,0.001245902,wp3-f3,HCO3
196.02,0.002295082,wp3-f3,HCO3
224.05,0.001967213,wp3-f3,HCO3
252.02,0.001147541,wp3-f3,HCO3
280.02,0.001639344,wp3-f3,HCO3
308.06,0.001803279,wp3-f3,HCO3
336.05,0.001196721,wp3-f3,HCO3
364.05,0.001180328,wp3-f3,HCO3
419.01,0.001639344,wp3-f3,HCO3
490.02,0.001885246,wp3-f3,HCO3
518.05,0.001885246,wp3-f3,HCO3
574.02,0.00152459,wp3-f3,HCO3
618.01,0.001885246,wp3-f3,HCO3
617.98,0.001885246,wp3-f3,HCO3
644.05,0.00147541,wp3-f3,HCO3
700.04,0.001508197,wp3-f3,HCO3
756.02,0.001491803,wp3-f3,HCO3
826.01,0.001311475,wp3-f3,HCO3
0.0,0.00557377,wp3-f4,HCO3
2.05,0.00557377,wp3-f4,HCO3
6.13,0.001885246,wp3-f4,HCO3
10.01,0.001803279,wp3-f4,HCO3
14.05,0.001885246,wp3-f4,HCO3
21.02,0.00204918,wp3-f4,HCO3
27.97,0.002131148,wp3-f4,HCO3
35.02,0.002131148,wp3-f4,HCO3
42.04,0.001885246,wp3-f4,HCO3
57.15,0.001967213,wp3-f4,HCO3
70.05,0.001639344,wp3-f4,HCO3
84.02,0.00142623,wp3-f4,HCO3
98.04,0.001491803,wp3-f4,HCO3
112.01,0.001721311,wp3-f4,HCO3
126.05,0.001803279,wp3-f4,HCO3
140.0,0.001590164,wp3-f4,HCO3
161.02,0.001213115,wp3-f4,HCO3
196.02,0.00204918,wp3-f4,HCO3
224.04,0.002131148,wp3-f4,HCO3
252.01,0.001180328,wp3-f4,HCO3
280.02,0.001803279,wp3-f4,HCO3
308.05,0.001885246,wp3-f4,HCO3
336.04,0.001295082,wp3-f4,HCO3
364.01,0.001327869,wp3-f4,HCO3
419.01,0.001803279,wp3-f4,HCO3
490.01,0.001885246,wp3-f4,HCO3
518.04,0.001885246,wp3-f4,HCO3
574.02,0.00152459,wp3-f4,HCO3
644.04,0.00152459,wp3-f4,HCO3
700.04,0.001606557,wp3-f4,HCO3
756.01,0.00157377,wp3-f4,HCO3
826.01,0.001360656,wp3-f4,HCO3
0.0,0.005245902,wp3-f5,HCO3
6.11,0.002213115,wp3-f5,HCO3
10.01,0.001967213,wp3-f5,HCO3
14.05,0.001803279,wp3-f5,HCO3
21.01,0.001967213,wp3-f5,HCO3
27.96,0.001967213,wp3-f5,HCO3
57.13,0.001967213,wp3-f5,HCO3
84.02,0.00152459,wp3-f5,HCO3
112.01,0.001803279,wp3-f5,HCO3
161.02,0.001262295,wp3-f5,HCO3
280.01,0.001803279,wp3-f5,HCO3
336.02,0.001327869,wp3-f5,HCO3
455.02,0.001967213,wp3-f5,HCO3
518.02,0.001967213,wp3-f5,HCO3
574.02,0.001393443,wp3-f5,HCO3
644.02,0.001540984,wp3-f5,HCO3
700.02,0.001557377,wp3-f5,HCO3
756.01,0.00157377,wp3-f5,HCO3
826.01,0.001327869,wp3-f5,HCO3
0.0,0.006229508,wp4-f1,HCO3
517.98,0.005901639,wp4-f1,HCO3
700.0,0.00557377,wp4-f1,HCO3
0.0,0.00557377,wp4-f5,HCO3
196.0,0.00142623,wp4-f5,HCO3
336.0,0.00157377,wp4-f5,HCO3
489.98,0.001885246,wp4-f5,HCO3
518.0,0.001885246,wp4-f5,HCO3
608.98,0.001409836,wp4-f5,HCO3
699.98,0.001327869,wp4-f5,HCO3
791.0,0.00157377,wp4-f5,HCO3
2.1,0.0017834,influent,Na
6.05,0.001826897,influent,Na
10.06,0.001870395,influent,Na
14.13,0.00213138,influent,Na
21.06,0.002044385,influent,Na
28.06,0.002218375,influent,Na
35.08,0.002218375,influent,Na
42.06,0.002261873,influent,Na
56.06,0.00195739,influent,Na
70.1,0.0017834,influent,Na
85.17,0.001652907,influent,Na
98.1,0.0017834,influent,Na
112.1,0.002044385,influent,Na
126.1,0.001913892,influent,Na
140.06,0.0017834,influent,Na
161.1,0.001000444,influent,Na
196.09,0.001261429,influent,Na
224.09,0.001565912,influent,Na
252.06,0.000869951,influent,Na
280.1,0.001130936,influent,Na
308.09,0.001348424,influent,Na
336.09,0.001130936,influent,Na
364.09,0.001348424,influent,Na
392.05,0.001261429,influent,Na
419.94,0.002044385,influent,Na
455.0,0.002000887,influent,Na
490.06,0.001739902,influent,Na
518.1,0.001261429,influent,Na
546.05,0.001043941,influent,Na
574.06,0.001087439,influent,Na
609.02,0.001261429,influent,Na
644.1,0.001130936,influent,Na
672.02,0.001043941,influent,Na
700.1,0.001130936,influent,Na
728.02,0.001261429,influent,Na
756.05,0.001696404,influent,Na
791.05,0.001826897,influent,Na
826.06,0.001261429,influent,Na
854.02,0.001000444,influent,Na
1.01,0.000608966,pp1,Na
98.09,0.000608966,pp1,Na
112.09,0.000608966,pp1,Na
126.09,0.000652463,pp1,Na
140.06,0.000652463,pp1,Na
161.1,0.000739458,pp1,Na
196.06,0.000869951,pp1,Na
224.09,0.000956946,pp1,Na
252.05,0.001043941,pp1,Na
280.09,0.001043941,pp1,Na
308.09,0.001043941,pp1,Na
336.09,0.001087439,pp1,Na
364.09,0.001000444,pp1,Na
419.06,0.001000444,pp1,Na
490.05,0.000913449,pp1,Na
518.1,0.000956946,pp1,Na
574.05,0.001043941,pp1,Na
644.09,0.001174434,pp1,Na
700.09,0.001174434,pp1,Na
756.05,0.001000444,pp1,Na
826.05,0.001000444,pp1,Na
0.0,0.000695961,pp1-f1,Na
336.06,0.001391922,pp1-f1,Na
518.1,0.001130936,pp1-f1,Na
609.01,0.001130936,pp1-f1,Na
700.1,0.001348424,pp1-f1,Na
791.01,0.001087439,pp1-f1,Na
0.0,0.000608966,pp1-f2,Na
98.09,0.000739458,pp1-f2,Na
112.09,0.000695961,pp1-f2,Na
126.08,0.000695961,pp1-f2,Na
140.05,0.000652463,pp1-f2,Na
161.09,0.000695961,pp1-f2,Na
196.06,0.000652463,pp1-f2,Na
224.06,0.000652463,pp1-f2,Na
252.04,0.000652463,pp1-f2,Na
280.08,0.000652463,pp1-f2,Na
308.08,0.000695961,pp1-f2,Na
336.08,0.000695961,pp1-f2,Na
364.08,0.000695961,pp1-f2,Na
455.05,0.000695961,pp1-f2,Na
518.09,0.000695961,pp1-f2,Na
609.01,0.000956946,pp1-f2,Na
618.06,0.001087439,pp1-f2,Na
618.09,0.001043941,pp1-f2,Na
700.09,0.000913449,pp1-f2,Na
791.04,0.001304927,pp1-f2,Na
0.0,0.000608966,pp1-f3,Na
336.06,0.000652463,pp1-f3,Na
518.09,0.001130936,pp1-f3,Na
609.01,0.000956946,pp1-f3,Na
618.05,0.001043941,pp1-f3,Na
618.08,0.001000444,pp1-f3,Na
700.06,0.000869951,pp1-f3,Na
791.02,0.000869951,pp1-f3,Na
0.0,0.001130936,wp1-f1,Na
364.06,0.001000444,wp1-f1,Na
0.0,0.001087439,wp1-f2,Na
140.02,0.001609409,wp1-f2,Na
196.06,0.001391922,wp1-f2,Na
252.01,0.001261429,wp1-f2,Na
336.06,0.001130936,wp1-f2,Na
518.06,0.002044385,wp1-f2,Na
574.05,0.001522414,wp1-f2,Na
618.02,0.001043941,wp1-f2,Na
644.09,0.001130936,wp1-f2,Na
700.06,0.001130936,wp1-f2,Na
756.04,0.001130936,wp1-f2,Na
826.02,0.001609409,wp1-f2,Na
0.0,0.000608966,wp1-f3,Na
6.14,0.000652463,wp1-f3,Na
10.05,0.000608966,wp1-f3,Na
14.13,0.000608966,wp1-f3,Na
21.06,0.000608966,wp1-f3,Na
28.01,0.000608966,wp1-f3,Na
35.06,0.000608966,wp1-f3,Na
42.06,0.000956946,wp1-f3,Na
57.12,0.001130936,wp1-f3,Na
70.09,0.001913892,wp1-f3,Na
85.13,0.002087882,wp1-f3,Na
98.06,0.002087882,wp1-f3,Na
112.05,0.00195739,wp1-f3,Na
140.02,0.001652907,wp1-f3,Na
196.05,0.001565912,wp1-f3,Na
252.01,0.001217931,wp1-f3,Na
308.06,0.001043941,wp1-f3,Na
364.06,0.001174434,wp1-f3,Na
419.05,0.001087439,wp1-f3,Na
490.04,0.001478917,wp1-f3,Na
518.06,0.001913892,wp1-f3,Na
609.0,0.001043941,wp1-f3,Na
700.06,0.001130936,wp1-f3,Na
791.01,0.001478917,wp1-f3,Na
0.0,0.000652463,wp1-f4,Na
42.06,0.000652463,wp1-f4,Na
56.05,0.000913449,wp1-f4,Na
70.06,0.002000887,wp1-f4,Na
84.06,0.002218375,wp1-f4,Na
98.05,0.00213138,wp1-f4,Na
112.04,0.002044385,wp1-f4,Na
126.06,0.001913892,wp1-f4,Na
140.01,0.001609409,wp1-f4,Na
161.06,0.0017834,wp1-f4,Na
196.05,0.001826897,wp1-f4,Na
224.06,0.001087439,wp1-f4,Na
252.0,0.001087439,wp1-f4,Na
280.06,0.001391922,wp1-f4,Na
308.06,0.001043941,wp1-f4,Na
336.05,0.001000444,wp1-f4,Na
364.06,0.001261429,wp1-f4,Na
419.04,0.001217931,wp1-f4,Na
490.02,0.001565912,wp1-f4,Na
518.08,0.00195739,wp1-f4,Na
574.05,0.001609409,wp1-f4,Na
644.08,0.001087439,wp1-f4,Na
700.05,0.001130936,wp1-f4,Na
756.02,0.001217931,wp1-f4,Na
826.02,0.001652907,wp1-f4,Na
0.0,0.000695961,wp1-f5,Na
196.05,0.000695961,wp1-f5,Na
618.01,0.000782956,wp1-f5,Na
618.04,0.000782956,wp1-f5,Na
700.05,0.000739458,wp1-f5,Na
0.0,0.001304927,wp2-f1,Na
699.98,0.001130936,wp2-f1,Na
0.0,0.000695961,wp2-f2,Na
518.01,0.001522414,wp2-f2,Na
574.01,0.000869951,wp2-f2,Na
644.01,0.001261429,wp2-f2,Na
700.01,0.001043941,wp2-f2,Na
756.0,0.001522414,wp2-f2,Na
826.0,0.001565912,wp2-f2,Na
0.0,0.000608966,wp2-f3,Na
161.0,0.001043941,wp2-f3,Na
490.01,0.0017834,wp2-f3,Na
518.01,0.001609409,wp2-f3,Na
608.98,0.001261429,wp2-f3,Na
700.01,0.001087439,wp2-f3,Na
791.05,0.001870395,wp2-f3,Na
0.0,0.000652463,wp2-f4,Na
6.08,0.000695961,wp2-f4,Na
9.98,0.000739458,wp2-f4,Na
14.0,0.001739902,wp2-f4,Na
20.97,0.00195739,wp2-f4,Na
28.02,0.002087882,wp2-f4,Na
35.01,0.002000887,wp2-f4,Na
42.01,0.002174878,wp2-f4,Na
56.02,0.002261873,wp2-f4,Na
70.01,0.002174878,wp2-f4,Na
84.0,0.001739902,wp2-f4,Na
98.02,0.001478917,wp2-f4,Na
112.0,0.001739902,wp2-f4,Na
126.05,0.002044385,wp2-f4,Na
139.98,0.001739902,wp2-f4,Na
161.01,0.001087439,wp2-f4,Na
196.01,0.001000444,wp2-f4,Na
224.01,0.001478917,wp2-f4,Na
252.0,0.000956946,wp2-f4,Na
280.0,0.001000444,wp2-f4,Na
308.02,0.001217931,wp2-f4,Na
336.01,0.001000444,wp2-f4,Na
364.01,0.001217931,wp2-f4,Na
419.02,0.001217931,wp2-f4,Na
490.0,0.0017834,wp2-f4,Na
518.01,0.001565912,wp2-f4,Na
574.01,0.000869951,wp2-f4,Na
644.02,0.001174434,wp2-f4,Na
700.1,0.001087439,wp2-f4,Na
756.0,0.001478917,wp2-f4,Na
825.98,0.001174434,wp2-f4,Na
0.0,0.000652463,wp2-f5,Na
196.01,0.000913449,wp2-f5,Na
518.02,0.000956946,wp2-f5,Na
609.0,0.001174434,wp2-f5,Na
700.0,0.001130936,wp2-f5,Na
791.0,0.001174434,wp2-f5,Na
0.0,0.001261429,wp3-f1,Na
161.01,0.001087439,wp3-f1,Na
700.02,0.001130936,wp3-f1,Na
0.0,0.000695961,wp3-f2,Na
161.06,0.001000444,wp3-f2,Na
518.05,0.001304927,wp3-f2,Na
574.04,0.000913449,wp3-f2,Na
644.05,0.001217931,wp3-f2,Na
700.05,0.001130936,wp3-f2,Na
756.01,0.001391922,wp3-f2,Na
826.0,0.001261429,wp3-f2,Na
0.0,0.000608966,wp3-f3,Na
2.06,0.000608966,wp3-f3,Na
6.13,0.001652907,wp3-f3,Na
10.02,0.00195739,wp3-f3,Na
14.1,0.00195739,wp3-f3,Na
21.02,0.00195739,wp3-f3,Na
27.97,0.002087882,wp3-f3,Na
35.05,0.002087882,wp3-f3,Na
42.05,0.002044385,wp3-f3,Na
57.14,0.002044385,wp3-f3,Na
70.05,0.002261873,wp3-f3,Na
84.02,0.001565912,wp3-f3,Na
98.05,0.001565912,wp3-f3,Na
112.02,0.00195739,wp3-f3,Na
126.06,0.001870395,wp3-f3,Na
140.0,0.001826897,wp3-f3,Na
161.04,0.001000444,wp3-f3,Na
196.02,0.001130936,wp3-f3,Na
224.05,0.001391922,wp3-f3,Na
252.02,0.000869951,wp3-f3,Na
280.02,0.001043941,wp3-f3,Na
308.06,0.001304927,wp3-f3,Na
336.05,0.001174434,wp3-f3,Na
364.05,0.001391922,wp3-f3,Na
419.01,0.001435419,wp3-f3,Na
490.02,0.001696404,wp3-f3,Na
518.05,0.001304927,wp3-f3,Na
574.02,0.000956946,wp3-f3,Na
618.01,0.001391922,wp3-f3,Na
617.98,0.001348424,wp3-f3,Na
644.05,0.001261429,wp3-f3,Na
700.04,0.001087439,wp3-f3,Na
756.02,0.001435419,wp3-f3,Na
826.01,0.001304927,wp3-f3,Na
0.0,0.000695961,wp3-f4,Na
2.05,0.000608966,wp3-f4,Na
6.13,0.001565912,wp3-f4,Na
10.01,0.001913892,wp3-f4,Na
14.05,0.00195739,wp3-f4,Na
21.02,0.002000887,wp3-f4,Na
27.97,0.002087882,wp3-f4,Na
35.02,0.002218375,wp3-f4,Na
42.04,0.002087882,wp3-f4,Na
57.15,0.00213138,wp3-f4,Na
70.05,0.002261873,wp3-f4,Na
84.02,0.001565912,wp3-f4,Na
98.04,0.001565912,wp3-f4,Na
112.01,0.002000887,wp3-f4,Na
126.05,0.001870395,wp3-f4,Na
140.0,0.001826897,wp3-f4,Na
161.02,0.001000444,wp3-f4,Na
196.02,0.001130936,wp3-f4,Na
224.04,0.001391922,wp3-f4,Na
252.01,0.000869951,wp3-f4,Na
280.02,0.001087439,wp3-f4,Na
308.05,0.001304927,wp3-f4,Na
336.04,0.001087439,wp3-f4,Na
364.01,0.001435419,wp3-f4,Na
419.01,0.001478917,wp3-f4,Na
490.01,0.001739902,wp3-f4,Na
518.04,0.001261429,wp3-f4,Na
574.02,0.000913449,wp3-f4,Na
644.04,0.001217931,wp3-f4,Na
700.04,0.001043941,wp3-f4,Na
756.01,0.001435419,wp3-f4,Na
826.01,0.001261429,wp3-f4,Na
0.0,0.000652463,wp3-f5,Na
161.02,0.001087439,wp3-f5,Na
574.02,0.000913449,wp3-f5,Na
700.02,0.001000444,wp3-f5,Na
826.01,0.001391922,wp3-f5,Na
0.0,0.001000444,wp4-f1,Na
0.0,0.000652463,wp4-f5,Na
518.0,0.001870395,wp4-f5,Na
608.98,0.000956946,wp4-f5,Na
699.98,0.001000444,wp4-f5,Na
791.0,0.001478917,wp4-f5,Na
2.1,0.00026613,influent,NO3
6.05,0.00024194,influent,NO3
10.06,0.00024194,influent,NO3
14.13,0.00025,influent,NO3
21.06,0.00024194,influent,NO3
28.06,0.00025806,influent,NO3
35.08,0.00025,influent,NO3
42.06,0.00029839,influent,NO3
56.06,0.00024194,influent,NO3
70.1,0.00026613,influent,NO3
85.17,0.00028226,influent,NO3
98.1,0.00033871,influent,NO3
112.1,0.00033065,influent,NO3
126.1,0.00033065,influent,NO3
140.06,0.00040323,influent,NO3
161.1,0.00040323,influent,NO3
196.09,0.00035484,influent,NO3
224.09,0.00046774,influent,NO3
252.06,0.00040323,influent,NO3
280.1,0.00032258,influent,NO3
308.09,0.00032258,influent,NO3
336.09,0.00031452,influent,NO3
364.09,0.00029839,influent,NO3
392.05,0.00024194,influent,NO3
419.94,0.00024194,influent,NO3
455.0,0.00025,influent,NO3
490.06,0.0003629,influent,NO3
518.1,0.0003871,influent,NO3
546.05,0.00045161,influent,NO3
574.06,0.00040323,influent,NO3
609.02,0.00054839,influent,NO3
644.1,0.00041935,influent,NO3
672.02,0.00035484,influent,NO3
700.1,0.00031452,influent,NO3
728.02,0.00033065,influent,NO3
756.05,0.00034677,influent,NO3
791.05,0.00034677,influent,NO3
826.06,0.00043548,influent,NO3
854.02,0.00037903,influent,NO3
1.01,4.0323e-06,pp1,NO3
28.09,4.0323e-06,pp1,NO3
85.15,4.0323e-06,pp1,NO3
98.09,4.0323e-06,pp1,NO3
112.09,4.0323e-06,pp1,NO3
126.09,4.0323e-06,pp1,NO3
140.06,4.0323e-06,pp1,NO3
161.1,4.0323e-06,pp1,NO3
196.06,4.0323e-06,pp1,NO3
224.09,4.0323e-06,pp1,NO3
252.05,4.0323e-06,pp1,NO3
280.09,4.0323e-06,pp1,NO3
308.09,4.0323e-06,pp1,NO3
336.09,4.0323e-06,pp1,NO3
364.09,4.0323e-06,pp1,NO3
419.06,0.0,pp1,NO3
490.05,0.0,pp1,NO3
518.1,0.0,pp1,NO3
574.05,0.0,pp1,NO3
644.09,0.0,pp1,NO3
700.09,0.0,pp1,NO3
756.05,0.0,pp1,NO3
826.05,0.0,pp1,NO3
0.0,4.0323e-06,pp1-f1,NO3
517.98,0.0,pp1-f1,NO3
700.0,0.0,pp1-f1,NO3
0.0,4.0323e-06,pp1-f1,NO3
196.0,0.00013065,pp1-f1,NO3
0.0,4.0323e-06,pp1-f1,NO3
112.1,4.0323e-06,pp1-f1,NO3
161.09,4.0323e-06,pp1-f1,NO3
252.04,4.0323e-06,pp1-f1,NO3
336.06,4.0323e-06,pp1-f1,NO3
490.08,0.0,pp1-f1,NO3
518.1,0.0,pp1-f1,NO3
609.01,0.0,pp1-f1,NO3
700.1,0.0,pp1-f1,NO3
791.01,0.0,pp1-f1,NO3
0.0,4.0323e-06,pp1-f2,NO3
85.14,4.0323e-06,pp1-f2,NO3
98.09,4.0323e-06,pp1-f2,NO3
112.09,4.0323e-06,pp1-f2,NO3
126.08,4.0323e-06,pp1-f2,NO3
140.05,4.0323e-06,pp1-f2,NO3
161.09,4.0323e-06,pp1-f2,NO3
196.06,4.0323e-06,pp1-f2,NO3
224.06,2.0968e-05,pp1-f2,NO3
252.04,4.0323e-06,pp1-f2,NO3
280.08,4.0323e-06,pp1-f2,NO3
308.08,4.0323e-06,pp1-f2,NO3
336.08,4.0323e-06,pp1-f2,NO3
364.08,4.0323e-06,pp1-f2,NO3
455.05,0.0,pp1-f2,NO3
518.09,0.0,pp1-f2,NO3
609.01,0.0,pp1-f2,NO3
618.06,0.0,pp1-f2,NO3
618.09,0.0,pp1-f2,NO3
700.09,0.0,pp1-f2,NO3
791.04,0.0,pp1-f2,NO3
0.0,4.0323e-06,pp1-f3,NO3
98.06,4.0323e-06,pp1-f3,NO3
112.09,4.0323e-06,pp1-f3,NO3
161.09,4.0323e-06,pp1-f3,NO3
252.02,4.0323e-06,pp1-f3,NO3
336.06,4.0323e-05,pp1-f3,NO3
490.05,0.0,pp1-f3,NO3
518.09,0.0,pp1-f3,NO3
609.01,0.0,pp1-f3,NO3
618.05,0.0,pp1-f3,NO3
618.08,0.0,pp1-f3,NO3
700.06,0.0,pp1-f3,NO3
791.02,0.0,pp1-f3,NO3
0.0,4.0323e-06,wp1-f1,NO3
112.05,4.0323e-06,wp1-f1,NO3
140.01,4.0323e-06,wp1-f1,NO3
196.05,4.0323e-06,wp1-f1,NO3
280.06,4.0323e-06,wp1-f1,NO3
364.06,4.0323e-06,wp1-f1,NO3
518.05,0.0,wp1-f1,NO3
700.06,0.0,wp1-f1,NO3
0.0,4.0323e-06,wp1-f2,NO3
112.05,1.129e-05,wp1-f2,NO3
126.06,4.0323e-06,wp1-f2,NO3
140.02,4.0323e-06,wp1-f2,NO3
196.06,9.6774e-06,wp1-f2,NO3
252.01,4.0323e-06,wp1-f2,NO3
336.06,4.0323e-06,wp1-f2,NO3
455.05,0.0,wp1-f2,NO3
518.06,0.0,wp1-f2,NO3
574.05,0.0,wp1-f2,NO3
618.02,0.0,wp1-f2,NO3
644.09,0.0,wp1-f2,NO3
700.06,0.0,wp1-f2,NO3
756.04,0.0,wp1-f2,NO3
826.02,0.0,wp1-f2,NO3
0.0,4.0323e-06,wp1-f3,NO3
6.14,4.0323e-06,wp1-f3,NO3
10.05,4.0323e-06,wp1-f3,NO3
14.13,4.0323e-06,wp1-f3,NO3
21.06,4.0323e-06,wp1-f3,NO3
28.01,4.0323e-06,wp1-f3,NO3
35.06,2.4194e-05,wp1-f3,NO3
42.06,2.7419e-05,wp1-f3,NO3
57.12,4.0323e-05,wp1-f3,NO3
70.09,9.6774e-05,wp1-f3,NO3
85.13,7.5806e-05,wp1-f3,NO3
98.06,4.6774e-05,wp1-f3,NO3
112.05,8.871e-05,wp1-f3,NO3
140.02,0.00012097,wp1-f3,NO3
196.05,0.00012581,wp1-f3,NO3
252.01,0.00025806,wp1-f3,NO3
308.06,0.00022581,wp1-f3,NO3
364.06,3.3871e-05,wp1-f3,NO3
419.05,0.0,wp1-f3,NO3
490.04,0.0,wp1-f3,NO3
518.06,5.3226e-05,wp1-f3,NO3
609.0,0.00030645,wp1-f3,NO3
700.06,0.00029032,wp1-f3,NO3
791.01,0.0001371,wp1-f3,NO3
0.0,4.0323e-06,wp1-f4,NO3
28.01,4.0323e-06,wp1-f4,NO3
35.05,4.0323e-06,wp1-f4,NO3
42.06,1.6129e-05,wp1-f4,NO3
56.05,1.6129e-05,wp1-f4,NO3
70.06,4.0323e-06,wp1-f4,NO3
84.06,1.4516e-05,wp1-f4,NO3
98.05,8.0645e-06,wp1-f4,NO3
112.04,9.6774e-06,wp1-f4,NO3
126.06,2.0968e-05,wp1-f4,NO3
140.01,2.7419e-05,wp1-f4,NO3
161.06,9.6774e-05,wp1-f4,NO3
196.05,5.6452e-05,wp1-f4,NO3
224.06,0.00018548,wp1-f4,NO3
252.0,0.00020968,wp1-f4,NO3
280.06,0.00025806,wp1-f4,NO3
308.06,0.00025806,wp1-f4,NO3
336.05,0.00012097,wp1-f4,NO3
364.06,4.0323e-06,wp1-f4,NO3
419.04,0.0,wp1-f4,NO3
490.02,0.0,wp1-f4,NO3
518.08,0.0,wp1-f4,NO3
574.05,6.7742e-05,wp1-f4,NO3
644.08,6.4516e-05,wp1-f4,NO3
700.05,0.0,wp1-f4,NO3
756.02,0.0,wp1-f4,NO3
826.02,0.0,wp1-f4,NO3
0.0,4.0323e-06,wp1-f5,NO3
112.04,4.0323e-06,wp1-f5,NO3
140.01,4.0323e-06,wp1-f5,NO3
196.05,4.0323e-06,wp1-f5,NO3
280.06,4.0323e-06,wp1-f5,NO3
364.05,4.0323e-06,wp1-f5,NO3
518.09,0.0,wp1-f5,NO3
618.01,0.0,wp1-f5,NO3
618.04,0.0,wp1-f5,NO3
700.05,0.0,wp1-f5,NO3
0.0,4.0323e-06,wp2-f1,NO3
70.02,4.0323e-06,wp2-f1,NO3
126.04,4.0323e-06,wp2-f1,NO3
196.0,9.6774e-06,wp2-f1,NO3
308.02,4.0323e-06,wp2-f1,NO3
490.01,0.0,wp2-f1,NO3
517.98,0.0,wp2-f1,NO3
699.98,0.0,wp2-f1,NO3
0.0,4.0323e-06,wp2-f2,NO3
28.05,0.00019355,wp2-f2,NO3
42.01,0.00018548,wp2-f2,NO3
70.02,7.0968e-05,wp2-f2,NO3
98.02,8.0645e-05,wp2-f2,NO3
126.1,7.9032e-05,wp2-f2,NO3
196.02,0.00021774,wp2-f2,NO3
308.02,8.871e-05,wp2-f2,NO3
455.01,2.2581e-05,wp2-f2,NO3
518.01,0.00015323,wp2-f2,NO3
574.01,0.00023387,wp2-f2,NO3
644.01,0.00018548,wp2-f2,NO3
700.01,4.6774e-05,wp2-f2,NO3
756.0,6.7742e-05,wp2-f2,NO3
826.0,0.00016935,wp2-f2,NO3
0.0,4.0323e-06,wp2-f3,NO3
6.09,0.00016935,wp2-f3,NO3
14.01,0.00023387,wp2-f3,NO3
20.98,0.00020161,wp2-f3,NO3
28.04,0.00020968,wp2-f3,NO3
56.02,0.00024194,wp2-f3,NO3
84.0,0.00022581,wp2-f3,NO3
111.98,0.00025,wp2-f3,NO3
161.0,0.00043548,wp2-f3,NO3
224.02,0.00045161,wp2-f3,NO3
280.01,0.0003629,wp2-f3,NO3
336.01,0.00030645,wp2-f3,NO3
419.02,0.00017742,wp2-f3,NO3
490.01,0.00032258,wp2-f3,NO3
518.01,0.00034677,wp2-f3,NO3
608.98,0.00041935,wp2-f3,NO3
700.01,0.00031452,wp2-f3,NO3
791.05,0.00027419,wp2-f3,NO3
0.0,4.0323e-06,wp2-f4,NO3
6.08,4.0323e-06,wp2-f4,NO3
9.98,0.00012903,wp2-f4,NO3
14.0,0.00020968,wp2-f4,NO3
20.97,0.00016935,wp2-f4,NO3
28.02,0.0001129,wp2-f4,NO3
35.01,0.00016935,wp2-f4,NO3
42.01,0.00016129,wp2-f4,NO3
56.02,0.00021774,wp2-f4,NO3
70.01,0.00020968,wp2-f4,NO3
84.0,0.00020161,wp2-f4,NO3
98.02,0.00022581,wp2-f4,NO3
112.0,0.00021774,wp2-f4,NO3
126.05,0.00021774,wp2-f4,NO3
139.98,0.00026613,wp2-f4,NO3
161.01,0.00039516,wp2-f4,NO3
196.01,0.00030645,wp2-f4,NO3
224.01,0.0003871,wp2-f4,NO3
252.0,0.00037903,wp2-f4,NO3
280.0,0.00030645,wp2-f4,NO3
308.02,0.00025,wp2-f4,NO3
336.01,0.00016935,wp2-f4,NO3
364.01,0.00012903,wp2-f4,NO3
419.02,5.6452e-05,wp2-f4,NO3
490.0,0.00029032,wp2-f4,NO3
518.01,0.00031452,wp2-f4,NO3
574.01,0.00039516,wp2-f4,NO3
644.02,0.00037903,wp2-f4,NO3
700.1,0.00029839,wp2-f4,NO3
756.0,0.00029032,wp2-f4,NO3
825.98,0.00035484,wp2-f4,NO3
0.0,4.0323e-06,wp2-f5,NO3
28.01,4.0323e-06,wp2-f5,NO3
42.0,1.9355e-05,wp2-f5,NO3
70.01,4.0323e-06,wp2-f5,NO3
98.01,4.0323e-06,wp2-f5,NO3
126.04,4.0323e-06,wp2-f5,NO3
196.01,1.4516e-05,wp2-f5,NO3
308.01,4.0323e-06,wp2-f5,NO3
455.01,1.7742e-05,wp2-f5,NO3
518.02,0.0,wp2-f5,NO3
609.0,0.0,wp2-f5,NO3
700.0,0.0,wp2-f5,NO3
791.0,0.0,wp2-f5,NO3
0.0,4.0323e-06,wp3-f1,NO3
10.05,4.0323e-06,wp3-f1,NO3
14.11,4.0323e-06,wp3-f1,NO3
21.05,4.0323e-06,wp3-f1,NO3
27.98,4.0323e-06,wp3-f1,NO3
57.12,4.0323e-06,wp3-f1,NO3
84.05,4.0323e-06,wp3-f1,NO3
112.01,4.0323e-06,wp3-f1,NO3
161.01,3.2258e-05,wp3-f1,NO3
224.04,1.2903e-05,wp3-f1,NO3
280.01,4.0323e-06,wp3-f1,NO3
336.02,4.0323e-06,wp3-f1,NO3
455.02,0.0,wp3-f1,NO3
518.02,0.0,wp3-f1,NO3
700.02,0.0,wp3-f1,NO3
0.0,4.0323e-06,wp3-f2,NO3
2.06,4.0323e-06,wp3-f2,NO3
6.14,0.00019355,wp3-f2,NO3
10.04,0.00023387,wp3-f2,NO3
14.1,0.00021774,wp3-f2,NO3
21.05,0.00020968,wp3-f2,NO3
27.98,0.00022581,wp3-f2,NO3
57.14,0.0001371,wp3-f2,NO3
84.04,0.00014516,wp3-f2,NO3
112.02,0.00015323,wp3-f2,NO3
161.06,0.00033065,wp3-f2,NO3
224.05,0.00037097,wp3-f2,NO3
280.05,0.00033065,wp3-f2,NO3
336.05,0.00016129,wp3-f2,NO3
455.04,0.00023387,wp3-f2,NO3
518.05,0.00029839,wp3-f2,NO3
574.04,0.00033871,wp3-f2,NO3
644.05,0.00032258,wp3-f2,NO3
700.05,0.00017742,wp3-f2,NO3
756.01,0.00020968,wp3-f2,NO3
826.0,0.00033065,wp3-f2,NO3
0.0,4.0323e-06,wp3-f3,NO3
2.06,4.0323e-06,wp3-f3,NO3
6.13,0.00023387,wp3-f3,NO3
10.02,0.00025,wp3-f3,NO3
14.1,0.00022581,wp3-f3,NO3
21.02,0.00020968,wp3-f3,NO3
27.97,0.00024194,wp3-f3,NO3
35.05,0.00023387,wp3-f3,NO3
42.05,0.00022581,wp3-f3,NO3
57.14,0.00022581,wp3-f3,NO3
70.05,0.00021774,wp3-f3,NO3
84.02,0.00027419,wp3-f3,NO3
98.05,0.00032258,wp3-f3,NO3
112.02,0.00029032,wp3-f3,NO3
126.06,0.00027419,wp3-f3,NO3
140.0,0.00033065,wp3-f3,NO3
161.04,0.00039516,wp3-f3,NO3
196.02,0.00033871,wp3-f3,NO3
224.05,0.00033871,wp3-f3,NO3
252.02,0.00039516,wp3-f3,NO3
280.02,0.00024194,wp3-f3,NO3
308.06,0.00030645,wp3-f3,NO3
336.05,0.00029839,wp3-f3,NO3
364.05,0.00031452,wp3-f3,NO3
419.01,0.00018548,wp3-f3,NO3
490.02,0.00032258,wp3-f3,NO3
518.05,0.0003629,wp3-f3,NO3
574.02,0.00039516,wp3-f3,NO3
618.01,0.00045161,wp3-f3,NO3
617.98,0.00043548,wp3-f3,NO3
644.05,0.00041935,wp3-f3,NO3
700.04,0.00031452,wp3-f3,NO3
756.02,0.00031452,wp3-f3,NO3
826.01,0.00040323,wp3-f3,NO3
0.0,4.0323e-06,wp3-f4,NO3
2.05,4.0323e-06,wp3-f4,NO3
6.13,0.00020161,wp3-f4,NO3
10.01,0.00023387,wp3-f4,NO3
14.05,0.00019355,wp3-f4,NO3
21.02,0.00016935,wp3-f4,NO3
27.97,0.00020968,wp3-f4,NO3
35.02,0.00021774,wp3-f4,NO3
42.04,0.00022581,wp3-f4,NO3
57.15,0.00021774,wp3-f4,NO3
70.05,0.00020161,wp3-f4,NO3
84.02,0.00024194,wp3-f4,NO3
98.04,0.00027419,wp3-f4,NO3
112.01,0.00025,wp3-f4,NO3
126.05,0.00024194,wp3-f4,NO3
140.0,0.00031452,wp3-f4,NO3
161.02,0.0003871,wp3-f4,NO3
196.02,0.00033065,wp3-f4,NO3
224.04,0.00041935,wp3-f4,NO3
252.01,0.0003871,wp3-f4,NO3
280.02,0.00033871,wp3-f4,NO3
308.05,0.00030645,wp3-f4,NO3
336.04,0.00030645,wp3-f4,NO3
364.01,0.00030645,wp3-f4,NO3
419.01,0.00015323,wp3-f4,NO3
490.01,0.00032258,wp3-f4,NO3
518.04,0.00035484,wp3-f4,NO3
574.02,0.0003871,wp3-f4,NO3
644.04,0.00040323,wp3-f4,NO3
700.04,0.00032258,wp3-f4,NO3
756.01,0.00030645,wp3-f4,NO3
826.01,0.00040323,wp3-f4,NO3
0.0,4.0323e-06,wp3-f5,NO3
6.11,0.00018548,wp3-f5,NO3
10.01,0.00020161,wp3-f5,NO3
14.05,0.00016935,wp3-f5,NO3
21.01,0.00014516,wp3-f5,NO3
27.96,0.00017742,wp3-f5,NO3
57.13,0.00016129,wp3-f5,NO3
84.02,0.00019355,wp3-f5,NO3
112.01,0.00020161,wp3-f5,NO3
161.02,0.00030645,wp3-f5,NO3
280.01,0.00030645,wp3-f5,NO3
336.02,0.00026613,wp3-f5,NO3
455.02,0.00019355,wp3-f5,NO3
518.02,0.00033871,wp3-f5,NO3
574.02,0.00037903,wp3-f5,NO3
644.02,0.0003871,wp3-f5,NO3
700.02,0.00025806,wp3-f5,NO3
756.01,0.00028226,wp3-f5,NO3
826.01,0.0003629,wp3-f5,NO3
0.0,4.0323e-06,wp4-f1,NO3
517.98,0.0,wp4-f1,NO3
700.0,0.0,wp4-f1,NO3
0.0,4.0323e-06,wp4-f5,NO3
196.0,0.00013065,wp4-f5,NO3
2.1,0.00051875,influent,O0
6.05,0.0005,influent,O0
10.06,0.00050625,influent,O0
14.13,0.00045625,influent,O0
21.06,0.00045625,influent,O0
28.06,0.0004625,influent,O0
35.08,0.00044375,influent,O0
42.06,0.00044375,influent,O0
56.06,0.0005,influent,O0
70.1,0.00053125,influent,O0
85.17,0.00051875,influent,O0
98.1,0.00055,influent,O0
112.1,0.00056875,influent,O0
126.1,0.0006,influent,O0
140.06,0.00070625,influent,O0
161.1,0.0007125,influent,O0
196.09,0.0008125,influent,O0
224.09,0.00064375,influent,O0
252.06,0.00060625,influent,O0
280.1,0.0006375,influent,O0
308.09,0.00056875,influent,O0
336.09,0.000425,influent,O0
364.09,0.0004875,influent,O0
392.05,0.00036875,influent,O0
419.94,0.00035,influent,O0
455.0,0.00049375,influent,O0
490.06,0.000575,influent,O0
518.1,0.00064375,influent,O0
546.05,0.00065,influent,O0
574.06,0.00075,influent,O0
609.02,0.00061875,influent,O0
644.1,0.000625,influent,O0
672.02,0.0003875,influent,O0
700.1,0.00038125,influent,O0
728.02,0.0005125,influent,O0
756.05,0.00051875,influent,O0
791.05,0.000525,influent,O0
826.06,0.00065,influent,O0
854.02,0.00068125,influent,O0
1.01,5.625e-05,pp1,O0
28.09,1.5625e-05,pp1,O0
85.15,8.75e-05,pp1,O0
98.09,5.625e-05,pp1,O0
112.09,1.5625e-05,pp1,O0
126.09,1.5625e-05,pp1,O0
140.06,1.5625e-05,pp1,O0
161.1,1.5625e-05,pp1,O0
196.06,3.125e-05,pp1,O0
224.09,1.5625e-05,pp1,O0
252.05,1.5625e-05,pp1,O0
280.09,5.625e-05,pp1,O0
308.09,1.5625e-05,pp1,O0
336.09,1.5625e-05,pp1,O0
364.09,4.375e-05,pp1,O0
419.06,3.125e-05,pp1,O0
490.05,3.125e-05,pp1,O0
518.1,3.125e-05,pp1,O0
574.05,3.125e-05,pp1,O0
644.09,3.125e-05,pp1,O0
700.09,3.75e-05,pp1,O0
756.05,3.125e-05,pp1,O0
826.05,3.125e-05,pp1,O0
0.0,0.000475,pp1-f1,O0
112.1,0.0001625,pp1-f1,O0
161.09,0.00019375,pp1-f1,O0
518.1,0.000175,pp1-f1,O0
0.0,1.5625e-05,pp1-f2,O0
85.14,8.75e-05,pp1-f2,O0
98.09,5.625e-05,pp1-f2,O0
112.09,4.375e-05,pp1-f2,O0
126.08,1.5625e-05,pp1-f2,O0
140.05,1.5625e-05,pp1-f2,O0
161.09,1.5625e-05,pp1-f2,O0
196.06,5.625e-05,pp1-f2,O0
224.06,3.75e-05,pp1-f2,O0
252.04,3.75e-05,pp1-f2,O0
280.08,5.625e-05,pp1-f2,O0
308.08,3.75e-05,pp1-f2,O0
336.08,1.5625e-05,pp1-f2,O0
364.08,5e-05,pp1-f2,O0
455.05,5.625e-05,pp1-f2,O0
518.09,7.5e-05,pp1-f2,O0
609.01,4.375e-05,pp1-f2,O0
618.06,3.125e-05,pp1-f2,O0
618.09,3.125e-05,pp1-f2,O0
700.09,5e-05,pp1-f2,O0
791.04,3.75e-05,pp1-f2,O0
0.0,1.5625e-05,pp1-f3,O0
98.06,5.625e-05,pp1-f3,O0
112.09,3.75e-05,pp1-f3,O0
161.09,1.5625e-05,pp1-f3,O0
252.02,1.5625e-05,pp1-f3,O0
336.06,1.5625e-05,pp1-f3,O0
490.05,3.125e-05,pp1-f3,O0
518.09,3.125e-05,pp1-f3,O0
609.01,3.125e-05,pp1-f3,O0
618.05,3.125e-05,pp1-f3,O0
618.08,3.125e-05,pp1-f3,O0
700.06,3.125e-05,pp1-f3,O0
791.02,3.125e-05,pp1-f3,O0
0.0,0.000475,wp1-f1,O0
112.05,0.00014375,wp1-f1,O0
140.01,0.000125,wp1-f1,O0
196.05,0.00015,wp1-f1,O0
518.05,0.0001375,wp1-f1,O0
0.0,1.5625e-05,wp1-f2,O0
112.05,4.375e-05,wp1-f2,O0
126.06,1.5625e-05,wp1-f2,O0
140.02,1.5625e-05,wp1-f2,O0
196.06,1.5625e-05,wp1-f2,O0
252.01,1.5625e-05,wp1-f2,O0
336.06,1.5625e-05,wp1-f2,O0
455.05,3.75e-05,wp1-f2,O0
518.06,5.625e-05,wp1-f2,O0
574.05,3.125e-05,wp1-f2,O0
618.02,3.125e-05,wp1-f2,O0
644.09,3.125e-05,wp1-f2,O0
700.06,3.125e-05,wp1-f2,O0
756.04,3.125e-05,wp1-f2,O0
826.02,3.125e-05,wp1-f2,O0
0.0,1.5625e-05,wp1-f3,O0
6.14,1.5625e-05,wp1-f3,O0
10.05,1.5625e-05,wp1-f3,O0
14.13,1.5625e-05,wp1-f3,O0
21.06,1.5625e-05,wp1-f3,O0
28.01,1.5625e-05,wp1-f3,O0
35.06,1.5625e-05,wp1-f3,O0
42.06,1.5625e-05,wp1-f3,O0
57.12,1.5625e-05,wp1-f3,O0
70.09,3.125e-05,wp1-f3,O0
85.13,5.625e-05,wp1-f3,O0
98.06,6.875e-05,wp1-f3,O0
112.05,5e-05,wp1-f3,O0
140.02,1.5625e-05,wp1-f3,O0
196.05,1.5625e-05,wp1-f3,O0
252.01,1.5625e-05,wp1-f3,O0
308.06,3.125e-05,wp1-f3,O0
364.06,1.5625e-05,wp1-f3,O0
419.05,3.125e-05,wp1-f3,O0
490.04,3.125e-05,wp1-f3,O0
518.06,3.125e-05,wp1-f3,O0
609.0,3.125e-05,wp1-f3,O0
700.06,3.125e-05,wp1-f3,O0
791.01,3.125e-05,wp1-f3,O0
0.0,1.5625e-05,wp1-f4,O0
28.01,1.5625e-05,wp1-f4,O0
35.05,1.5625e-05,wp1-f4,O0
42.06,1.5625e-05,wp1-f4,O0
56.05,3.75e-05,wp1-f4,O0
70.06,3.75e-05,wp1-f4,O0
84.06,3.125e-05,wp1-f4,O0
98.05,4.375e-05,wp1-f4,O0
112.04,1.5625e-05,wp1-f4,O0
126.06,6.25e-05,wp1-f4,O0
140.01,1.5625e-05,wp1-f4,O0
161.06,1.5625e-05,wp1-f4,O0
196.05,1.5625e-05,wp1-f4,O0
224.06,1.5625e-05,wp1-f4,O0
252.0,1.5625e-05,wp1-f4,O0
280.06,4.375e-05,wp1-f4,O0
308.06,1.5625e-05,wp1-f4,O0
336.05,1.5625e-05,wp1-f4,O0
364.06,1.5625e-05,wp1-f4,O0
419.04,3.125e-05,wp1-f4,O0
490.02,3.125e-05,wp1-f4,O0
518.08,5.625e-05,wp1-f4,O0
574.05,3.125e-05,wp1-f4,O0
644.08,3.125e-05,wp1-f4,O0
700.05,3.125e-05,wp1-f4,O0
756.02,3.125e-05,wp1-f4,O0
826.02,3.125e-05,wp1-f4,O0
0.0,1.5625e-05,wp1-f5,O0
112.04,2.875e-05,wp1-f5,O0
140.01,1.5625e-05,wp1-f5,O0
196.05,1.5625e-05,wp1-f5,O0
280.06,4.375e-05,wp1-f5,O0
364.05,1.5625e-05,wp1-f5,O0
518.09,3.125e-05,wp1-f5,O0
618.01,3.125e-05,wp1-f5,O0
618.04,3.125e-05,wp1-f5,O0
700.05,5e-05,wp1-f5,O0
0.0,0.00053125,wp2-f1,O0
70.02,3.75e-05,wp2-f1,O0
126.04,0.00016875,wp2-f1,O0
196.0,0.00016875,wp2-f1,O0
308.02,0.00018125,wp2-f1,O0
517.98,0.0001375,wp2-f1,O0
0.0,0.00025,wp2-f2,O0
20.98,1.875e-05,wp2-f2,O0
28.05,1.5625e-05,wp2-f2,O0
35.02,1.875e-05,wp2-f2,O0
42.01,1.5625e-05,wp2-f2,O0
70.02,5e-05,wp2-f2,O0
98.02,1.5625e-05,wp2-f2,O0
126.1,1.5625e-05,wp2-f2,O0
196.02,1.5625e-05,wp2-f2,O0
308.02,1.5625e-05,wp2-f2,O0
455.01,5e-05,wp2-f2,O0
518.01,3.125e-05,wp2-f2,O0
574.01,3.125e-05,wp2-f2,O0
644.01,3.125e-05,wp2-f2,O0
700.01,3.125e-05,wp2-f2,O0
756.0,3.75e-05,wp2-f2,O0
826.0,3.125e-05,wp2-f2,O0
0.0,0.000225,wp2-f3,O0
6.09,1.5625e-05,wp2-f3,O0
14.01,5.625e-05,wp2-f3,O0
20.98,1.5625e-05,wp2-f3,O0
28.04,1.5625e-05,wp2-f3,O0
56.02,1.5625e-05,wp2-f3,O0
84.0,4.375e-05,wp2-f3,O0
111.98,0.0004125,wp2-f3,O0
161.0,0.00015,wp2-f3,O0
224.02,0.00021875,wp2-f3,O0
280.01,3.75e-05,wp2-f3,O0
336.01,1.5625e-05,wp2-f3,O0
419.02,3.125e-05,wp2-f3,O0
490.01,3.125e-05,wp2-f3,O0
518.01,3.125e-05,wp2-f3,O0
608.98,8.75e-05,wp2-f3,O0
700.01,3.125e-05,wp2-f3,O0
791.05,5.625e-05,wp2-f3,O0
0.0,0.000175,wp2-f4,O0
6.08,1.5625e-05,wp2-f4,O0
9.98,1.5625e-05,wp2-f4,O0
14.0,1.5625e-05,wp2-f4,O0
20.97,1.5625e-05,wp2-f4,O0
28.02,1.5625e-05,wp2-f4,O0
35.01,1.5625e-05,wp2-f4,O0
42.01,1.5625e-05,wp2-f4,O0
56.02,1.5625e-05,wp2-f4,O0
70.01,1.5625e-05,wp2-f4,O0
84.0,3.125e-05,wp2-f4,O0
98.02,4.375e-05,wp2-f4,O0
112.0,0.0004125,wp2-f4,O0
126.05,1.5625e-05,wp2-f4,O0
139.98,1.5625e-05,wp2-f4,O0
161.01,1.5625e-05,wp2-f4,O0
196.01,1.5625e-05,wp2-f4,O0
224.01,1.5625e-05,wp2-f4,O0
252.0,3.125e-05,wp2-f4,O0
280.0,3.125e-05,wp2-f4,O0
308.02,1.5625e-05,wp2-f4,O0
336.01,1.5625e-05,wp2-f4,O0
364.01,1.5625e-05,wp2-f4,O0
419.02,3.125e-05,wp2-f4,O0
490.0,3.125e-05,wp2-f4,O0
518.01,3.75e-05,wp2-f4,O0
574.01,3.125e-05,wp2-f4,O0
644.02,3.125e-05,wp2-f4,O0
700.1,3.125e-05,wp2-f4,O0
756.0,3.125e-05,wp2-f4,O0
825.98,3.125e-05,wp2-f4,O0
0.0,0.00024375,wp2-f5,O0
28.01,1.5625e-05,wp2-f5,O0
42.0,1.5625e-05,wp2-f5,O0
70.01,1.5625e-05,wp2-f5,O0
98.01,2.5e-05,wp2-f5,O0
126.04,1.5625e-05,wp2-f5,O0
196.01,5e-05,wp2-f5,O0
308.01,1.5625e-05,wp2-f5,O0
455.01,3.125e-05,wp2-f5,O0
518.02,3.125e-05,wp2-f5,O0
609.0,3.125e-05,wp2-f5,O0
700.0,3.125e-05,wp2-f5,O0
791.0,3.125e-05,wp2-f5,O0
0.0,1.5625e-05,wp3-f1,O0
10.05,0.0004125,wp3-f1,O0
14.11,0.00019375,wp3-f1,O0
21.05,0.00024375,wp3-f1,O0
27.98,0.0002125,wp3-f1,O0
57.12,0.0003375,wp3-f1,O0
84.05,0.0001375,wp3-f1,O0
112.01,0.00014375,wp3-f1,O0
161.01,0.00015,wp3-f1,O0
455.02,0.00013125,wp3-f1,O0
518.02,0.0001375,wp3-f1,O0
0.0,1.5625e-05,wp3-f2,O0
2.06,1.875e-05,wp3-f2,O0
6.14,1.5625e-05,wp3-f2,O0
10.04,1.5625e-05,wp3-f2,O0
14.1,1.5625e-05,wp3-f2,O0
21.05,1.5625e-05,wp3-f2,O0
27.98,1.5625e-05,wp3-f2,O0
57.14,3.75e-05,wp3-f2,O0
84.04,3.75e-05,wp3-f2,O0
112.02,3.875e-05,wp3-f2,O0
161.06,1.5625e-05,wp3-f2,O0
224.05,1.5625e-05,wp3-f2,O0
280.05,4.375e-05,wp3-f2,O0
336.05,1.5625e-05,wp3-f2,O0
455.04,3.125e-05,wp3-f2,O0
518.05,3.125e-05,wp3-f2,O0
574.04,3.125e-05,wp3-f2,O0
644.05,3.125e-05,wp3-f2,O0
700.05,3.125e-05,wp3-f2,O0
756.01,3.125e-05,wp3-f2,O0
826.0,3.125e-05,wp3-f2,O0
0.0,1.5625e-05,wp3-f3,O0
2.06,1.25e-05,wp3-f3,O0
6.13,1.5625e-05,wp3-f3,O0
10.02,1.5625e-05,wp3-f3,O0
14.1,5.625e-05,wp3-f3,O0
21.02,1.5625e-05,wp3-f3,O0
27.97,1.5625e-05,wp3-f3,O0
35.05,1.5625e-05,wp3-f3,O0
42.05,1.5625e-05,wp3-f3,O0
57.14,5e-05,wp3-f3,O0
70.05,3.125e-05,wp3-f3,O0
84.02,3.125e-05,wp3-f3,O0
98.05,4.375e-05,wp3-f3,O0
112.02,3.6875e-05,wp3-f3,O0
126.06,8.75e-05,wp3-f3,O0
140.0,0.000325,wp3-f3,O0
161.04,0.0004125,wp3-f3,O0
196.02,0.0006125,wp3-f3,O0
224.05,1.5625e-05,wp3-f3,O0
252.02,0.000175,wp3-f3,O0
280.02,5.625e-05,wp3-f3,O0
308.06,1.5625e-05,wp3-f3,O0
336.05,1.5625e-05,wp3-f3,O0
364.05,1.5625e-05,wp3-f3,O0
419.01,3.125e-05,wp3-f3,O0
490.02,0.00016875,wp3-f3,O0
518.05,0.00026875,wp3-f3,O0
574.02,0.0004375,wp3-f3,O0
618.01,0.00028125,wp3-f3,O0
617.98,0.000275,wp3-f3,O0
644.05,0.000125,wp3-f3,O0
700.04,3.125e-05,wp3-f3,O0
756.02,3.125e-05,wp3-f3,O0
826.01,0.0003625,wp3-f3,O0
0.0,1.5625e-05,wp3-f4,O0
2.05,1.25e-05,wp3-f4,O0
6.13,1.5625e-05,wp3-f4,O0
10.01,1.5625e-05,wp3-f4,O0
14.05,5.625e-05,wp3-f4,O0
21.02,1.5625e-05,wp3-f4,O0
27.97,1.5625e-05,wp3-f4,O0
35.02,1.5625e-05,wp3-f4,O0
42.04,1.5625e-05,wp3-f4,O0
57.15,0.00010625,wp3-f4,O0
70.05,3.75e-05,wp3-f4,O0
84.02,3.125e-05,wp3-f4,O0
98.04,5e-05,wp3-f4,O0
112.01,4.1875e-05,wp3-f4,O0
126.05,1.5625e-05,wp3-f4,O0
140.0,1.5625e-05,wp3-f4,O0
161.02,1.5625e-05,wp3-f4,O0
196.02,0.000125,wp3-f4,O0
224.04,9.375e-05,wp3-f4,O0
252.01,6.875e-05,wp3-f4,O0
280.02,4.375e-05,wp3-f4,O0
308.05,7.5e-05,wp3-f4,O0
336.04,1.5625e-05,wp3-f4,O0
364.01,3.125e-05,wp3-f4,O0
419.01,3.125e-05,wp3-f4,O0
490.01,9.375e-05,wp3-f4,O0
518.04,0.000225,wp3-f4,O0
574.02,0.00043125,wp3-f4,O0
644.04,0.0003,wp3-f4,O0
700.04,5e-05,wp3-f4,O0
756.01,7.5e-05,wp3-f4,O0
826.01,0.00041875,wp3-f4,O0
0.0,1.5625e-05,wp3-f5,O0
6.11,1.5625e-05,wp3-f5,O0
10.01,1.5625e-05,wp3-f5,O0
14.05,6.25e-05,wp3-f5,O0
21.01,1.5625e-05,wp3-f5,O0
27.96,1.5625e-05,wp3-f5,O0
57.13,3.75e-05,wp3-f5,O0
84.02,3.125e-05,wp3-f5,O0
112.01,4.1875e-05,wp3-f5,O0
161.02,3.125e-05,wp3-f5,O0
280.01,3.125e-05,wp3-f5,O0
336.02,1.5625e-05,wp3-f5,O0
455.02,3.125e-05,wp3-f5,O0
518.02,8.75e-05,wp3-f5,O0
574.02,0.000275,wp3-f5,O0
644.02,0.000225,wp3-f5,O0
700.02,3.125e-05,wp3-f5,O0
756.01,3.125e-05,wp3-f5,O0
826.01,0.000325,wp3-f5,O0
0.0,3.75e-05,wp4-f1,O0
517.98,3.125e-05,wp4-f1,O0
700.0,5e-05,wp4-f1,O0
0.0,5.625e-05,wp4-f5,O0
196.0,1.5625e-05,wp4-f5,O0
2.1,7.3,influent,pH
6.05,7.35,influent,pH
10.06,7.3,influent,pH
14.13,7.3,influent,pH
21.06,7.25,influent,pH
28.06,7.3,influent,pH
35.08,7.35,influent,pH
42.06,7.25,influent,pH
56.06,7.2,influent,pH
70.1,7.05,influent,pH
85.17,7.05,influent,pH
98.1,7.0,influent,pH
112.1,7.1,influent,pH
126.1,7.0,influent,pH
140.06,7.0,influent,pH
161.1,6.85,influent,pH
196.09,7.0,influent,pH
224.09,7.1,influent,pH
252.06,6.85,influent,pH
280.1,7.1,influent,pH
308.09,7.15,influent,pH
336.09,6.95,influent,pH
364.09,7.05,influent,pH
392.05,6.9,influent,pH
419.94,7.1,influent,pH
455.0,6.95,influent,pH
490.06,6.95,influent,pH
518.1,6.8,influent,pH
546.05,6.75,influent,pH
574.06,6.85,influent,pH
609.02,6.95,influent,pH
644.1,6.85,influent,pH
672.02,6.85,influent,pH
700.1,6.95,influent,pH
728.02,7.1,influent,pH
756.05,6.95,influent,pH
791.05,6.95,influent,pH
826.06,6.8,influent,pH
854.02,6.8,influent,pH
1.01,6.55,pp1,pH
28.09,6.55,pp1,pH
85.15,6.55,pp1,pH
98.09,6.55,pp1,pH
112.09,6.55,pp1,pH
126.09,6.55,pp1,pH
140.06,6.6,pp1,pH
161.1,6.55,pp1,pH
196.06,6.6,pp1,pH
224.09,6.6,pp1,pH
252.05,6.55,pp1,pH
280.09,6.55,pp1,pH
308.09,6.6,pp1,pH
336.09,6.6,pp1,pH
364.09,6.5,pp1,pH
419.06,6.55,pp1,pH
490.05,6.6,pp1,pH
518.1,6.6,pp1,pH
574.05,6.55,pp1,pH
644.09,6.65,pp1,pH
700.09,6.45,pp1,pH
756.05,6.45,pp1,pH
826.05,6.65,pp1,pH
0.0,6.75,pp1-f1,pH
112.1,6.8,pp1-f1,pH
161.09,6.7,pp1-f1,pH
252.04,6.7,pp1-f1,pH
336.06,6.65,pp1-f1,pH
609.01,6.75,pp1-f1,pH
700.1,6.7,pp1-f1,pH
791.01,6.7,pp1-f1,pH
0.0,6.55,pp1-f2,pH
85.14,6.65,pp1-f2,pH
98.09,6.6,pp1-f2,pH
112.09,6.6,pp1-f2,pH
126.08,6.6,pp1-f2,pH
140.05,6.6,pp1-f2,pH
161.09,6.6,pp1-f2,pH
196.06,6.6,pp1-f2,pH
224.06,6.6,pp1-f2,pH
252.04,6.6,pp1-f2,pH
280.08,6.55,pp1-f2,pH
308.08,6.65,pp1-f2,pH
336.08,6.6,pp1-f2,pH
364.08,6.55,pp1-f2,pH
455.05,6.55,pp1-f2,pH
518.09,6.65,pp1-f2,pH
609.01,6.5,pp1-f2,pH
618.06,6.65,pp1-f2,pH
618.09,6.65,pp1-f2,pH
700.09,6.65,pp1-f2,pH
791.04,6.65,pp1-f2,pH
0.0,6.6,pp1-f3,pH
98.06,6.55,pp1-f3,pH
112.09,6.55,pp1-f3,pH
161.09,6.55,pp1-f3,pH
252.02,6.55,pp1-f3,pH
336.06,6.55,pp1-f3,pH
490.05,6.55,pp1-f3,pH
518.09,6.6,pp1-f3,pH
609.01,6.4,pp1-f3,pH
618.05,6.6,pp1-f3,pH
618.08,6.65,pp1-f3,pH
700.06,6.35,pp1-f3,pH
791.02,6.3,pp1-f3,pH
0.0,6.9,wp1-f1,pH
112.05,6.9,wp1-f1,pH
140.01,6.9,wp1-f1,pH
196.05,6.8,wp1-f1,pH
280.06,6.95,wp1-f1,pH
364.06,6.8,wp1-f1,pH
700.06,6.75,wp1-f1,pH
0.0,6.7,wp1-f2,pH
112.05,6.8,wp1-f2,pH
126.06,6.75,wp1-f2,pH
140.02,6.8,wp1-f2,pH
196.06,6.65,wp1-f2,pH
252.01,6.5,wp1-f2,pH
336.06,6.55,wp1-f2,pH
455.05,6.6,wp1-f2,pH
518.06,6.7,wp1-f2,pH
574.05,6.6,wp1-f2,pH
618.02,6.5,wp1-f2,pH
644.09,6.45,wp1-f2,pH
700.06,6.5,wp1-f2,pH
756.04,6.55,wp1-f2,pH
826.02,6.55,wp1-f2,pH
0.0,6.6,wp1-f3,pH
6.14,6.6,wp1-f3,pH
10.05,6.6,wp1-f3,pH
14.13,6.6,wp1-f3,pH
21.06,6.55,wp1-f3,pH
28.01,6.6,wp1-f3,pH
35.06,6.6,wp1-f3,pH
42.06,6.6,wp1-f3,pH
57.12,6.6,wp1-f3,pH
70.09,6.7,wp1-f3,pH
85.13,6.65,wp1-f3,pH
98.06,6.7,wp1-f3,pH
112.05,6.75,wp1-f3,pH
140.02,6.8,wp1-f3,pH
196.05,6.8,wp1-f3,pH
252.01,6.6,wp1-f3,pH
308.06,6.7,wp1-f3,pH
364.06,6.6,wp1-f3,pH
419.05,6.6,wp1-f3,pH
490.04,6.65,wp1-f3,pH
518.06,6.7,wp1-f3,pH
609.0,6.55,wp1-f3,pH
700.06,6.5,wp1-f3,pH
791.01,6.7,wp1-f3,pH
0.0,6.6,wp1-f4,pH
28.01,6.6,wp1-f4,pH
35.05,6.6,wp1-f4,pH
42.06,6.6,wp1-f4,pH
56.05,6.6,wp1-f4,pH
70.06,6.65,wp1-f4,pH
84.06,6.55,wp1-f4,pH
98.05,6.5,wp1-f4,pH
112.04,6.45,wp1-f4,pH
126.06,6.4,wp1-f4,pH
140.01,6.45,wp1-f4,pH
161.06,6.55,wp1-f4,pH
196.05,6.8,wp1-f4,pH
224.06,6.75,wp1-f4,pH
252.0,6.7,wp1-f4,pH
280.06,6.55,wp1-f4,pH
308.06,6.7,wp1-f4,pH
336.05,6.65,wp1-f4,pH
364.06,6.6,wp1-f4,pH
419.04,6.7,wp1-f4,pH
490.02,6.6,wp1-f4,pH
518.08,6.65,wp1-f4,pH
574.05,6.7,wp1-f4,pH
644.08,6.55,wp1-f4,pH
700.05,6.5,wp1-f4,pH
756.02,6.4,wp1-f4,pH
826.02,6.5,wp1-f4,pH
0.0,6.65,wp1-f5,pH
112.04,6.65,wp1-f5,pH
140.01,6.7,wp1-f5,pH
196.05,6.65,wp1-f5,pH
280.06,6.55,wp1-f5,pH
364.05,6.6,wp1-f5,pH
518.09,6.6,wp1-f5,pH
618.01,6.65,wp1-f5,pH
618.04,6.65,wp1-f5,pH
700.05,6.4,wp1-f5,pH
0.0,6.8,wp2-f1,pH
70.02,6.9,wp2-f1,pH
126.04,6.9,wp2-f1,pH
196.0,6.85,wp2-f1,pH
308.02,7.0,wp2-f1,pH
699.98,6.8,wp2-f1,pH
0.0,6.6,wp2-f2,pH
28.05,6.8,wp2-f2,pH
42.01,6.85,wp2-f2,pH
70.02,6.8,wp2-f2,pH
98.02,6.55,wp2-f2,pH
126.1,6.6,wp2-f2,pH
196.02,6.55,wp2-f2,pH
308.02,6.65,wp2-f2,pH
455.01,6.65,wp2-f2,pH
518.01,6.65,wp2-f2,pH
574.01,6.35,wp2-f2,pH
644.01,6.55,wp2-f2,pH
700.01,6.55,wp2-f2,pH
756.0,6.6,wp2-f2,pH
826.0,6.45,wp2-f2,pH
0.0,6.6,wp2-f3,pH
6.09,6.6,wp2-f3,pH
14.01,6.8,wp2-f3,pH
20.98,6.9,wp2-f3,pH
28.04,6.9,wp2-f3,pH
56.02,6.95,wp2-f3,pH
84.0,6.75,wp2-f3,pH
111.98,6.7,wp2-f3,pH
161.0,6.45,wp2-f3,pH
224.02,6.9,wp2-f3,pH
280.01,6.65,wp2-f3,pH
336.01,6.6,wp2-f3,pH
419.02,6.8,wp2-f3,pH
490.01,6.7,wp2-f3,pH
518.01,6.7,wp2-f3,pH
608.98,6.65,wp2-f3,pH
700.01,6.7,wp2-f3,pH
791.05,6.5,wp2-f3,pH
0.0,6.6,wp2-f4,pH
6.08,6.6,wp2-f4,pH
9.98,6.6,wp2-f4,pH
14.0,6.7,wp2-f4,pH
20.97,6.65,wp2-f4,pH
28.02,6.6,wp2-f4,pH
35.01,6.65,wp2-f4,pH
42.01,6.8,wp2-f4,pH
56.02,6.9,wp2-f4,pH
70.01,6.95,wp2-f4,pH
84.0,6.95,wp2-f4,pH
98.02,6.7,wp2-f4,pH
112.0,6.65,wp2-f4,pH
126.05,6.7,wp2-f4,pH
139.98,6.8,wp2-f4,pH
161.01,6.55,wp2-f4,pH
196.01,6.55,wp2-f4,pH
224.01,6.7,wp2-f4,pH
252.0,6.65,wp2-f4,pH
280.0,6.5,wp2-f4,pH
308.02,6.7,wp2-f4,pH
336.01,6.65,wp2-f4,pH
364.01,6.6,wp2-f4,pH
419.02,6.8,wp2-f4,pH
490.0,6.7,wp2-f4,pH
518.01,6.7,wp2-f4,pH
574.01,6.45,wp2-f4,pH
644.02,6.65,wp2-f4,pH
700.1,6.6,wp2-f4,pH
756.0,6.65,wp2-f4,pH
825.98,6.45,wp2-f4,pH
0.0,6.55,wp2-f5,pH
28.01,6.55,wp2-f5,pH
42.0,6.55,wp2-f5,pH
70.01,6.55,wp2-f5,pH
98.01,6.55,wp2-f5,pH
126.04,6.5,wp2-f5,pH
196.01,6.6,wp2-f5,pH
308.01,6.55,wp2-f5,pH
455.01,6.55,wp2-f5,pH
518.02,6.6,wp2-f5,pH
609.0,6.4,wp2-f5,pH
700.0,6.45,wp2-f5,pH
791.0,6.35,wp2-f5,pH
0.0,6.75,wp3-f1,pH
10.05,6.85,wp3-f1,pH
14.11,6.85,wp3-f1,pH
21.05,6.85,wp3-f1,pH
27.98,6.85,wp3-f1,pH
57.12,6.85,wp3-f1,pH
84.05,6.9,wp3-f1,pH
112.01,6.9,wp3-f1,pH
161.01,6.9,wp3-f1,pH
224.04,6.85,wp3-f1,pH
280.01,6.85,wp3-f1,pH
336.02,6.85,wp3-f1,pH
455.02,6.8,wp3-f1,pH
700.02,6.8,wp3-f1,pH
0.0,6.6,wp3-f2,pH
2.06,6.7,wp3-f2,pH
6.14,6.8,wp3-f2,pH
10.04,6.8,wp3-f2,pH
14.1,6.85,wp3-f2,pH
21.05,6.9,wp3-f2,pH
27.98,6.85,wp3-f2,pH
57.14,6.9,wp3-f2,pH
84.04,6.55,wp3-f2,pH
112.02,6.6,wp3-f2,pH
161.06,6.35,wp3-f2,pH
224.05,6.7,wp3-f2,pH
280.05,6.6,wp3-f2,pH
336.05,6.6,wp3-f2,pH
455.04,6.7,wp3-f2,pH
518.05,6.6,wp3-f2,pH
574.04,6.4,wp3-f2,pH
644.05,6.6,wp3-f2,pH
700.05,6.65,wp3-f2,pH
756.01,6.6,wp3-f2,pH
826.0,6.45,wp3-f2,pH
0.0,6.55,wp3-f3,pH
2.06,6.55,wp3-f3,pH
6.13,6.9,wp3-f3,pH
10.02,6.9,wp3-f3,pH
14.1,6.9,wp3-f3,pH
21.02,6.95,wp3-f3,pH
27.97,6.9,wp3-f3,pH
35.05,6.9,wp3-f3,pH
42.05,6.95,wp3-f3,pH
57.14,6.95,wp3-f3,pH
70.05,6.8,wp3-f3,pH
84.02,6.65,wp3-f3,pH
98.05,6.65,wp3-f3,pH
112.02,6.7,wp3-f3,pH
126.06,6.75,wp3-f3,pH
140.0,6.7,wp3-f3,pH
161.04,6.55,wp3-f3,pH
196.02,6.85,wp3-f3,pH
224.05,6.7,wp3-f3,pH
252.02,6.6,wp3-f3,pH
280.02,6.65,wp3-f3,pH
308.06,6.8,wp3-f3,pH
336.05,6.55,wp3-f3,pH
364.05,6.65,wp3-f3,pH
419.01,6.8,wp3-f3,pH
490.02,6.65,wp3-f3,pH
518.05,6.7,wp3-f3,pH
574.02,6.65,wp3-f3,pH
618.01,6.75,wp3-f3,pH
617.98,6.75,wp3-f3,pH
644.05,6.7,wp3-f3,pH
700.04,6.7,wp3-f3,pH
756.02,6.65,wp3-f3,pH
826.01,6.6,wp3-f3,pH
0.0,6.6,wp3-f4,pH
2.05,6.6,wp3-f4,pH
6.13,6.85,wp3-f4,pH
10.01,6.85,wp3-f4,pH
14.05,6.8,wp3-f4,pH
21.02,6.9,wp3-f4,pH
27.97,6.95,wp3-f4,pH
35.02,7.0,wp3-f4,pH
42.04,7.0,wp3-f4,pH
57.15,7.0,wp3-f4,pH
70.05,6.95,wp3-f4,pH
84.02,6.8,wp3-f4,pH
98.04,6.7,wp3-f4,pH
112.01,6.8,wp3-f4,pH
126.05,6.75,wp3-f4,pH
140.0,6.65,wp3-f4,pH
161.02,6.5,wp3-f4,pH
196.02,6.7,wp3-f4,pH
224.04,6.8,wp3-f4,pH
252.01,6.65,wp3-f4,pH
280.02,6.7,wp3-f4,pH
308.05,6.8,wp3-f4,pH
336.04,6.65,wp3-f4,pH
364.01,6.65,wp3-f4,pH
419.01,6.7,wp3-f4,pH
490.01,6.65,wp3-f4,pH
518.04,6.75,wp3-f4,pH
574.02,6.65,wp3-f4,pH
644.04,6.75,wp3-f4,pH
700.04,6.75,wp3-f4,pH
756.01,6.7,wp3-f4,pH
826.01,6.65,wp3-f4,pH
0.0,6.55,wp3-f5,pH
6.11,6.7,wp3-f5,pH
10.01,6.75,wp3-f5,pH
14.05,6.7,wp3-f5,pH
21.01,6.75,wp3-f5,pH
27.96,6.8,wp3-f5,pH
57.13,6.95,wp3-f5,pH
84.02,6.8,wp3-f5,pH
112.01,6.75,wp3-f5,pH
161.02,6.55,wp3-f5,pH
280.01,6.7,wp3-f5,pH
336.02,6.65,wp3-f5,pH
455.02,6.7,wp3-f5,pH
518.02,6.8,wp3-f5,pH
574.02,6.6,wp3-f5,pH
644.02,6.75,wp3-f5,pH
700.02,6.7,wp3-f5,pH
756.01,6.7,wp3-f5,pH
826.01,6.65,wp3-f5,pH
0.0,6.8,wp4-f1,pH
517.98,6.75,wp4-f1,pH
700.0,6.45,wp4-f1,pH
0.0,6.6,wp4-f5,pH
196.0,6.75,wp4-f5,pH
336.0,6.6,wp4-f5,pH
489.98,6.65,wp4-f5,pH
518.0,6.75,wp4-f5,pH
608.98,6.65,wp4-f5,pH
699.98,6.65,wp4-f5,pH
791.0,6.65,wp4-f5,pH
2.1,0.00071875,influent,SO4
6.05,0.000822917,influent,SO4
10.06,0.0008125,influent,SO4
14.13,0.0008125,influent,SO4
21.06,0.000791667,influent,SO4
28.06,0.000895833,influent,SO4
35.08,0.000885417,influent,SO4
42.06,0.000822917,influent,SO4
56.06,0.0006875,influent,SO4
70.1,0.00071875,influent,SO4
85.17,0.00071875,influent,SO4
98.1,0.000677083,influent,SO4
112.1,0.000645833,influent,SO4
126.1,0.000614583,influent,SO4
140.06,0.0005625,influent,SO4
161.1,0.000375,influent,SO4
196.09,0.000489583,influent,SO4
224.09,0.000520833,influent,SO4
252.06,0.000364583,influent,SO4
280.1,0.000479167,influent,SO4
308.09,0.0005,influent,SO4
336.09,0.000447917,influent,SO4
364.09,0.000510417,influent,SO4
392.05,0.00046875,influent,SO4
419.94,0.000677083,influent,SO4
455.0,0.000739583,influent,SO4
490.06,0.00065625,influent,SO4
518.1,0.000625,influent,SO4
546.05,0.000458333,influent,SO4
574.06,0.000354167,influent,SO4
609.02,0.00053125,influent,SO4
644.1,0.000458333,influent,SO4
672.02,0.000385417,influent,SO4
700.1,0.000458333,influent,SO4
728.02,0.000510417,influent,SO4
756.05,0.0005625,influent,SO4
791.05,0.000635417,influent,SO4
826.06,0.000541667,influent,SO4
854.02,0.000416667,influent,SO4
1.01,6.25e-05,pp1,SO4
28.09,6.25e-05,pp1,SO4
85.15,0.000104167,pp1,SO4
98.09,2.60417e-05,pp1,SO4
112.09,6.25e-05,pp1,SO4
126.09,2.60417e-05,pp1,SO4
140.06,5.20833e-05,pp1,SO4
161.1,0.000125,pp1,SO4
196.06,0.00025,pp1,SO4
224.09,0.000302083,pp1,SO4
252.05,0.000364583,pp1,SO4
280.09,0.000364583,pp1,SO4
308.09,0.000385417,pp1,SO4
336.09,0.000385417,pp1,SO4
364.09,0.000395833,pp1,SO4
419.06,0.000416667,pp1,SO4
490.05,0.00046875,pp1,SO4
518.1,0.000458333,pp1,SO4
574.05,0.000458333,pp1,SO4
644.09,0.0005625,pp1,SO4
700.09,0.000552083,pp1,SO4
756.05,0.000541667,pp1,SO4
826.05,0.00053125,pp1,SO4
0.0,2.60417e-05,pp1-f1,SO4
517.98,0.0,pp1-f1,SO4
700.0,0.0,pp1-f1,SO4
0.0,6.25e-05,pp1-f1,SO4
196.0,0.000645833,pp1-f1,SO4
336.0,0.00078125,pp1-f1,SO4
489.98,0.00096875,pp1-f1,SO4
518.0,0.00096875,pp1-f1,SO4
608.98,0.0006875,pp1-f1,SO4
699.98,0.000635417,pp1-f1,SO4
791.0,0.00078125,pp1-f1,SO4
0.0,2.60417e-05,pp1-f1,SO4
112.1,2.60417e-05,pp1-f1,SO4
161.09,2.60417e-05,pp1-f1,SO4
252.04,0.000541667,pp1-f1,SO4
336.06,0.000614583,pp1-f1,SO4
490.08,0.000791667,pp1-f1,SO4
518.1,0.000802083,pp1-f1,SO4
609.01,0.000666667,pp1-f1,SO4
700.1,0.00078125,pp1-f1,SO4
791.01,0.000822917,pp1-f1,SO4
0.0,8.33333e-05,pp1-f2,SO4
85.14,2.60417e-05,pp1-f2,SO4
98.09,5.20833e-05,pp1-f2,SO4
112.09,2.60417e-05,pp1-f2,SO4
126.08,2.60417e-05,pp1-f2,SO4
140.05,2.60417e-05,pp1-f2,SO4
161.09,2.60417e-05,pp1-f2,SO4
196.06,2.60417e-05,pp1-f2,SO4
224.06,2.60417e-05,pp1-f2,SO4
252.04,2.60417e-05,pp1-f2,SO4
280.08,2.60417e-05,pp1-f2,SO4
308.08,2.60417e-05,pp1-f2,SO4
336.08,2.60417e-05,pp1-f2,SO4
364.08,2.60417e-05,pp1-f2,SO4
455.05,6.25e-05,pp1-f2,SO4
518.09,0.000114583,pp1-f2,SO4
609.01,0.00046875,pp1-f2,SO4
618.06,0.0004375,pp1-f2,SO4
618.09,0.000416667,pp1-f2,SO4
700.09,0.000541667,pp1-f2,SO4
791.04,0.000729167,pp1-f2,SO4
0.0,7.29167e-05,pp1-f3,SO4
98.06,7.29167e-05,pp1-f3,SO4
112.09,2.60417e-05,pp1-f3,SO4
161.09,8.33333e-05,pp1-f3,SO4
252.02,2.60417e-05,pp1-f3,SO4
336.06,2.60417e-05,pp1-f3,SO4
490.05,0.0005,pp1-f3,SO4
518.09,0.000458333,pp1-f3,SO4
609.01,0.000479167,pp1-f3,SO4
618.05,0.0004375,pp1-f3,SO4
618.08,0.000395833,pp1-f3,SO4
700.06,0.000427083,pp1-f3,SO4
791.02,0.000385417,pp1-f3,SO4
0.0,8.33333e-05,wp1-f1,SO4
112.05,2.60417e-05,wp1-f1,SO4
140.01,2.60417e-05,wp1-f1,SO4
196.05,2.60417e-05,wp1-f1,SO4
280.06,2.60417e-05,wp1-f1,SO4
364.06,2.60417e-05,wp1-f1,SO4
518.05,0.0,wp1-f1,SO4
700.06,0.0,wp1-f1,SO4
0.0,6.25e-05,wp1-f2,SO4
112.05,0.00090625,wp1-f2,SO4
126.06,0.000916667,wp1-f2,SO4
140.02,0.0009375,wp1-f2,SO4
196.06,0.000916667,wp1-f2,SO4
252.01,0.000927083,wp1-f2,SO4
336.06,0.000864583,wp1-f2,SO4
455.05,0.000791667,wp1-f2,SO4
518.06,0.00109375,wp1-f2,SO4
574.05,0.000979167,wp1-f2,SO4
618.02,0.000854167,wp1-f2,SO4
644.09,0.000958333,wp1-f2,SO4
700.06,0.000864583,wp1-f2,SO4
756.04,0.0008125,wp1-f2,SO4
826.02,0.0009375,wp1-f2,SO4
0.0,2.60417e-05,wp1-f3,SO4
6.14,2.60417e-05,wp1-f3,SO4
10.05,2.60417e-05,wp1-f3,SO4
14.13,2.60417e-05,wp1-f3,SO4
21.06,2.60417e-05,wp1-f3,SO4
28.01,2.60417e-05,wp1-f3,SO4
35.06,0.00025,wp1-f3,SO4
42.06,0.00025,wp1-f3,SO4
57.12,0.000520833,wp1-f3,SO4
70.09,0.000916667,wp1-f3,SO4
85.13,0.000916667,wp1-f3,SO4
98.06,0.000927083,wp1-f3,SO4
112.05,0.000885417,wp1-f3,SO4
140.02,0.00084375,wp1-f3,SO4
196.05,0.0008125,wp1-f3,SO4
252.01,0.000760417,wp1-f3,SO4
308.06,0.0006875,wp1-f3,SO4
364.06,0.000802083,wp1-f3,SO4
419.05,0.000760417,wp1-f3,SO4
490.04,0.0009375,wp1-f3,SO4
518.06,0.001,wp1-f3,SO4
609.0,0.000645833,wp1-f3,SO4
700.06,0.000635417,wp1-f3,SO4
791.01,0.00078125,wp1-f3,SO4
0.0,7.29167e-05,wp1-f4,SO4
28.01,5.20833e-05,wp1-f4,SO4
35.05,5.20833e-05,wp1-f4,SO4
42.06,2.60417e-05,wp1-f4,SO4
56.05,0.000625,wp1-f4,SO4
70.06,0.000885417,wp1-f4,SO4
84.06,0.000947917,wp1-f4,SO4
98.05,0.000927083,wp1-f4,SO4
112.04,0.000802083,wp1-f4,SO4
126.06,0.00078125,wp1-f4,SO4
140.01,0.000760417,wp1-f4,SO4
161.06,0.000802083,wp1-f4,SO4
196.05,0.0006875,wp1-f4,SO4
224.06,0.000614583,wp1-f4,SO4
252.0,0.000645833,wp1-f4,SO4
280.06,0.000708333,wp1-f4,SO4
308.06,0.000625,wp1-f4,SO4
336.05,0.000729167,wp1-f4,SO4
364.06,0.000791667,wp1-f4,SO4
419.04,0.00075,wp1-f4,SO4
490.02,0.000958333,wp1-f4,SO4
518.08,0.001020833,wp1-f4,SO4
574.05,0.000875,wp1-f4,SO4
644.08,0.000822917,wp1-f4,SO4
700.05,0.0008125,wp1-f4,SO4
756.02,0.000770833,wp1-f4,SO4
826.02,0.000895833,wp1-f4,SO4
0.0,6.25e-05,wp1-f5,SO4
112.04,6.25e-05,wp1-f5,SO4
140.01,2.60417e-05,wp1-f5,SO4
196.05,5.20833e-05,wp1-f5,SO4
280.06,2.60417e-05,wp1-f5,SO4
364.05,7.29167e-05,wp1-f5,SO4
518.09,0.000135417,wp1-f5,SO4
618.01,9.375e-05,wp1-f5,SO4
618.04,9.375e-05,wp1-f5,SO4
700.05,0.000177083,wp1-f5,SO4
0.0,8.33333e-05,wp2-f1,SO4
70.02,5.20833e-05,wp2-f1,SO4
126.04,6.25e-05,wp2-f1,SO4
196.0,7.29167e-05,wp2-f1,SO4
308.02,6.25e-05,wp2-f1,SO4
490.01,8.33333e-05,wp2-f1,SO4
517.98,6.25e-05,wp2-f1,SO4
699.98,0.0,wp2-f1,SO4
0.0,7.29167e-05,wp2-f2,SO4
28.05,0.00096875,wp2-f2,SO4
42.01,0.001,wp2-f2,SO4
70.02,0.000895833,wp2-f2,SO4
98.02,0.000947917,wp2-f2,SO4
126.1,0.00090625,wp2-f2,SO4
196.02,0.000739583,wp2-f2,SO4
308.02,0.00078125,wp2-f2,SO4
455.01,0.001020833,wp2-f2,SO4
518.01,0.0009375,wp2-f2,SO4
574.01,0.000697917,wp2-f2,SO4
644.01,0.000770833,wp2-f2,SO4
700.01,0.000708333,wp2-f2,SO4
756.0,0.0008125,wp2-f2,SO4
826.0,0.000760417,wp2-f2,SO4
0.0,0.000104167,wp2-f3,SO4
2.04,2.60417e-05,wp2-f3,SO4
6.09,0.000583333,wp2-f3,SO4
14.01,0.000958333,wp2-f3,SO4
20.98,0.0009375,wp2-f3,SO4
28.04,0.001,wp2-f3,SO4
56.02,0.001,wp2-f3,SO4
84.0,0.000864583,wp2-f3,SO4
111.98,0.00084375,wp2-f3,SO4
161.0,0.000614583,wp2-f3,SO4
224.02,0.000645833,wp2-f3,SO4
280.01,0.00059375,wp2-f3,SO4
336.01,0.000572917,wp2-f3,SO4
419.02,0.000729167,wp2-f3,SO4
490.01,0.0008125,wp2-f3,SO4
518.01,0.000802083,wp2-f3,SO4
608.98,0.000635417,wp2-f3,SO4
700.01,0.000541667,wp2-f3,SO4
791.05,0.000791667,wp2-f3,SO4
0.0,5.20833e-05,wp2-f4,SO4
6.08,6.25e-05,wp2-f4,SO4
9.98,0.000375,wp2-f4,SO4
14.0,0.000895833,wp2-f4,SO4
20.97,0.000958333,wp2-f4,SO4
28.02,0.000989583,wp2-f4,SO4
35.01,0.000989583,wp2-f4,SO4
42.01,0.000989583,wp2-f4,SO4
56.02,0.000979167,wp2-f4,SO4
70.01,0.000916667,wp2-f4,SO4
84.0,0.000802083,wp2-f4,SO4
98.02,0.000822917,wp2-f4,SO4
112.0,0.000822917,wp2-f4,SO4
126.05,0.00078125,wp2-f4,SO4
139.98,0.000729167,wp2-f4,SO4
161.01,0.000604167,wp2-f4,SO4
196.01,0.000635417,wp2-f4,SO4
224.01,0.000677083,wp2-f4,SO4
252.0,0.000572917,wp2-f4,SO4
280.0,0.000614583,wp2-f4,SO4
308.02,0.000666667,wp2-f4,SO4
336.01,0.000625,wp2-f4,SO4
364.01,0.000708333,wp2-f4,SO4
419.02,0.000708333,wp2-f4,SO4
490.0,0.00084375,wp2-f4,SO4
518.01,0.00078125,wp2-f4,SO4
574.01,0.000541667,wp2-f4,SO4
644.02,0.000604167,wp2-f4,SO4
700.1,0.00053125,wp2-f4,SO4
756.0,0.000697917,wp2-f4,SO4
825.98,0.000604167,wp2-f4,SO4
0.0,6.25e-05,wp2-f5,SO4
28.01,0.000125,wp2-f5,SO4
42.0,0.000125,wp2-f5,SO4
70.01,2.60417e-05,wp2-f5,SO4
98.01,0.000114583,wp2-f5,SO4
126.04,0.00015625,wp2-f5,SO4
196.01,0.000364583,wp2-f5,SO4
308.01,0.000458333,wp2-f5,SO4
455.01,0.000572917,wp2-f5,SO4
518.02,0.00059375,wp2-f5,SO4
609.0,0.000697917,wp2-f5,SO4
700.0,0.000625,wp2-f5,SO4
791.0,0.0006875,wp2-f5,SO4
0.0,2.60417e-05,wp3-f1,SO4
10.05,2.60417e-05,wp3-f1,SO4
14.11,2.60417e-05,wp3-f1,SO4
21.05,2.60417e-05,wp3-f1,SO4
27.98,6.25e-05,wp3-f1,SO4
57.12,2.60417e-05,wp3-f1,SO4
84.05,7.29167e-05,wp3-f1,SO4
112.01,2.60417e-05,wp3-f1,SO4
161.01,7.29167e-05,wp3-f1,SO4
224.04,2.60417e-05,wp3-f1,SO4
280.01,2.60417e-05,wp3-f1,SO4
336.02,2.60417e-05,wp3-f1,SO4
455.02,0.0,wp3-f1,SO4
518.02,0.0,wp3-f1,SO4
700.02,0.0,wp3-f1,SO4
0.0,6.25e-05,wp3-f2,SO4
2.06,7.29167e-05,wp3-f2,SO4
6.14,0.000989583,wp3-f2,SO4
10.04,0.000989583,wp3-f2,SO4
14.1,0.00103125,wp3-f2,SO4
21.05,0.000916667,wp3-f2,SO4
27.98,0.001020833,wp3-f2,SO4
57.14,0.000958333,wp3-f2,SO4
84.04,0.000895833,wp3-f2,SO4
112.02,0.000895833,wp3-f2,SO4
161.06,0.000677083,wp3-f2,SO4
224.05,0.00078125,wp3-f2,SO4
280.05,0.000645833,wp3-f2,SO4
336.05,0.00065625,wp3-f2,SO4
455.04,0.000875,wp3-f2,SO4
518.05,0.000833333,wp3-f2,SO4
574.04,0.000614583,wp3-f2,SO4
644.05,0.000666667,wp3-f2,SO4
700.05,0.000635417,wp3-f2,SO4
756.01,0.000739583,wp3-f2,SO4
826.0,0.000697917,wp3-f2,SO4
0.0,2.60417e-05,wp3-f3,SO4
2.06,8.33333e-05,wp3-f3,SO4
6.13,0.000895833,wp3-f3,SO4
10.02,0.0009375,wp3-f3,SO4
14.1,0.00096875,wp3-f3,SO4
21.02,0.0009375,wp3-f3,SO4
27.97,0.000989583,wp3-f3,SO4
35.05,0.000989583,wp3-f3,SO4
42.05,0.000833333,wp3-f3,SO4
57.14,0.00090625,wp3-f3,SO4
70.05,0.000916667,wp3-f3,SO4
84.02,0.0009375,wp3-f3,SO4
98.05,0.00084375,wp3-f3,SO4
112.02,0.000802083,wp3-f3,SO4
126.06,0.00075,wp3-f3,SO4
140.0,0.0006875,wp3-f3,SO4
161.04,0.000510417,wp3-f3,SO4
196.02,0.000541667,wp3-f3,SO4
224.05,0.000739583,wp3-f3,SO4
252.02,0.000458333,wp3-f3,SO4
280.02,0.00071875,wp3-f3,SO4
308.06,0.000666667,wp3-f3,SO4
336.05,0.000572917,wp3-f3,SO4
364.05,0.000635417,wp3-f3,SO4
419.01,0.000770833,wp3-f3,SO4
490.02,0.000760417,wp3-f3,SO4
518.05,0.0006875,wp3-f3,SO4
574.02,0.000458333,wp3-f3,SO4
618.01,0.00059375,wp3-f3,SO4
617.98,0.000583333,wp3-f3,SO4
644.05,0.000583333,wp3-f3,SO4
700.04,0.000541667,wp3-f3,SO4
756.02,0.00065625,wp3-f3,SO4
826.01,0.000541667,wp3-f3,SO4
0.0,2.60417e-05,wp3-f4,SO4
2.05,9.375e-05,wp3-f4,SO4
6.13,0.000979167,wp3-f4,SO4
10.01,0.000958333,wp3-f4,SO4
14.05,0.001145833,wp3-f4,SO4
21.02,0.000916667,wp3-f4,SO4
27.97,0.000989583,wp3-f4,SO4
35.02,0.000989583,wp3-f4,SO4
42.04,0.000833333,wp3-f4,SO4
57.15,0.000885417,wp3-f4,SO4
70.05,0.000895833,wp3-f4,SO4
84.02,0.00090625,wp3-f4,SO4
98.04,0.000822917,wp3-f4,SO4
112.01,0.000833333,wp3-f4,SO4
126.05,0.00078125,wp3-f4,SO4
140.0,0.000729167,wp3-f4,SO4
161.02,0.000583333,wp3-f4,SO4
196.02,0.000625,wp3-f4,SO4
224.04,0.00065625,wp3-f4,SO4
252.01,0.000510417,wp3-f4,SO4
280.02,0.000604167,wp3-f4,SO4
308.05,0.000625,wp3-f4,SO4
336.04,0.000552083,wp3-f4,SO4
364.01,0.000625,wp3-f4,SO4
419.01,0.000635417,wp3-f4,SO4
490.01,0.000760417,wp3-f4,SO4
518.04,0.000708333,wp3-f4,SO4
574.02,0.0004375,wp3-f4,SO4
644.04,0.000520833,wp3-f4,SO4
700.04,0.000541667,wp3-f4,SO4
756.01,0.000645833,wp3-f4,SO4
826.01,0.000552083,wp3-f4,SO4
0.0,2.60417e-05,wp3-f5,SO4
6.11,0.000854167,wp3-f5,SO4
10.01,0.000885417,wp3-f5,SO4
14.05,0.0009375,wp3-f5,SO4
21.01,0.000895833,wp3-f5,SO4
27.96,0.000947917,wp3-f5,SO4
57.13,0.000895833,wp3-f5,SO4
84.02,0.00084375,wp3-f5,SO4
112.01,0.00084375,wp3-f5,SO4
161.02,0.000541667,wp3-f5,SO4
280.01,0.000604167,wp3-f5,SO4
336.02,0.0005625,wp3-f5,SO4
455.02,0.00090625,wp3-f5,SO4
518.02,0.000760417,wp3-f5,SO4
574.02,0.000489583,wp3-f5,SO4
644.02,0.0005625,wp3-f5,SO4
700.02,0.0005625,wp3-f5,SO4
756.01,0.000666667,wp3-f5,SO4
826.01,0.000583333,wp3-f5,SO4
0.0,2.60417e-05,wp4-f1,SO4
517.98,0.0,wp4-f1,SO4
700.0,0.0,wp4-f1,SO4
0.0,6.25e-05,wp4-f5,SO4
196.0,0.000645833,wp4-f5,SO4
336.0,0.00078125,wp4-f5,SO4
489.98,0.00096875,wp4-f5,SO4
518.0,0.00096875,wp4-f5,SO4
608.98,0.0006875,wp4-f5,SO4
699.98,0.000635417,wp4-f5,SO4
791.0,0.00078125,wp4-f5,SO4
2.1,17.9,influent,Tmp
6.05,19.7,influent,Tmp
10.06,20.3,influent,Tmp
14.13,22.2,influent,Tmp
21.06,21.0,influent,Tmp
28.06,21.2,influent,Tmp
35.08,20.7,influent,Tmp
42.06,22.0,influent,Tmp
56.06,18.1,influent,Tmp
70.1,16.3,influent,Tmp
85.17,14.8,influent,Tmp
98.1,14.3,influent,Tmp
112.1,13.7,influent,Tmp
126.1,11.2,influent,Tmp
140.06,7.8,influent,Tmp
161.1,5.0,influent,Tmp
196.09,1.9,influent,Tmp
224.09,6.9,influent,Tmp
252.06,10.9,influent,Tmp
280.1,11.7,influent,Tmp
308.09,16.1,influent,Tmp
336.09,22.8,influent,Tmp
364.09,19.5,influent,Tmp
392.05,21.5,influent,Tmp
419.94,21.3,influent,Tmp
455.0,17.9,influent,Tmp
490.06,10.8,influent,Tmp
518.1,8.3,influent,Tmp
546.05,8.2,influent,Tmp
574.06,9.0,influent,Tmp
609.02,9.0,influent,Tmp
644.1,9.5,influent,Tmp
672.02,18.3,influent,Tmp
700.1,19.8,influent,Tmp
728.02,19.6,influent,Tmp
756.05,20.8,influent,Tmp
791.05,18.8,influent,Tmp
826.06,12.7,influent,Tmp
854.02,8.9,influent,Tmp
1.01,17.0,pp1,Tmp
28.09,16.9,pp1,Tmp
57.18,17.3,pp1,Tmp
85.15,16.5,pp1,Tmp
98.09,17.0,pp1,Tmp
112.09,16.7,pp1,Tmp
126.09,16.3,pp1,Tmp
140.06,15.9,pp1,Tmp
161.1,16.0,pp1,Tmp
196.06,16.1,pp1,Tmp
224.09,16.6,pp1,Tmp
252.05,16.8,pp1,Tmp
280.09,16.9,pp1,Tmp
308.09,16.9,pp1,Tmp
336.09,16.9,pp1,Tmp
364.09,16.8,pp1,Tmp
419.06,17.0,pp1,Tmp
490.05,13.0,pp1,Tmp
518.1,5.7,pp1,Tmp
574.05,14.8,pp1,Tmp
644.09,15.8,pp1,Tmp
700.09,16.3,pp1,Tmp
756.05,15.9,pp1,Tmp
826.05,14.7,pp1,Tmp
0.0,17.0,pp1-f1,Tmp
57.17,17.0,pp1-f1,Tmp
85.13,16.9,pp1-f1,Tmp
112.1,16.9,pp1-f1,Tmp
161.09,16.7,pp1-f1,Tmp
252.04,16.9,pp1-f1,Tmp
336.06,17.0,pp1-f1,Tmp
490.08,12.0,pp1-f1,Tmp
518.1,15.1,pp1-f1,Tmp
609.01,14.8,pp1-f1,Tmp
700.1,15.6,pp1-f1,Tmp
791.01,15.7,pp1-f1,Tmp
0.0,16.8,pp1-f2,Tmp
57.17,16.6,pp1-f2,Tmp
85.14,16.5,pp1-f2,Tmp
98.09,16.5,pp1-f2,Tmp
112.09,16.4,pp1-f2,Tmp
126.08,16.4,pp1-f2,Tmp
140.05,16.5,pp1-f2,Tmp
161.09,16.3,pp1-f2,Tmp
196.06,16.4,pp1-f2,Tmp
224.06,16.4,pp1-f2,Tmp
252.04,16.5,pp1-f2,Tmp
280.08,16.4,pp1-f2,Tmp
308.08,16.4,pp1-f2,Tmp
336.08,16.4,pp1-f2,Tmp
364.08,16.4,pp1-f2,Tmp
455.05,16.5,pp1-f2,Tmp
518.09,16.4,pp1-f2,Tmp
609.01,15.6,pp1-f2,Tmp
618.06,16.4,pp1-f2,Tmp
618.09,16.4,pp1-f2,Tmp
700.09,16.4,pp1-f2,Tmp
791.04,16.4,pp1-f2,Tmp
0.0,16.6,pp1-f3,Tmp
57.17,16.4,pp1-f3,Tmp
85.14,16.5,pp1-f3,Tmp
98.06,16.3,pp1-f3,Tmp
112.09,16.2,pp1-f3,Tmp
161.09,16.1,pp1-f3,Tmp
252.02,16.2,pp1-f3,Tmp
336.06,16.4,pp1-f3,Tmp
490.05,16.3,pp1-f3,Tmp
518.09,16.4,pp1-f3,Tmp
609.01,15.8,pp1-f3,Tmp
618.05,16.3,pp1-f3,Tmp
618.08,16.3,pp1-f3,Tmp
700.06,16.4,pp1-f3,Tmp
791.02,16.4,pp1-f3,Tmp
0.0,17.0,wp1-f1,Tmp
28.1,17.0,wp1-f1,Tmp
56.05,16.9,wp1-f1,Tmp
70.09,17.0,wp1-f1,Tmp
84.09,17.4,wp1-f1,Tmp
112.05,18.4,wp1-f1,Tmp
140.01,17.6,wp1-f1,Tmp
196.05,15.2,wp1-f1,Tmp
280.06,9.2,wp1-f1,Tmp
364.06,11.2,wp1-f1,Tmp
518.05,17.6,wp1-f1,Tmp
700.06,11.2,wp1-f1,Tmp
0.0,17.0,wp1-f2,Tmp
28.01,17.0,wp1-f2,Tmp
56.05,16.9,wp1-f2,Tmp
70.09,17.0,wp1-f2,Tmp
84.09,17.4,wp1-f2,Tmp
98.06,17.9,wp1-f2,Tmp
112.05,18.4,wp1-f2,Tmp
126.06,17.9,wp1-f2,Tmp
140.02,17.6,wp1-f2,Tmp
196.06,15.2,wp1-f2,Tmp
252.01,10.6,wp1-f2,Tmp
336.06,10.3,wp1-f2,Tmp
455.05,16.4,wp1-f2,Tmp
518.06,17.6,wp1-f2,Tmp
574.05,14.6,wp1-f2,Tmp
618.02,12.2,wp1-f2,Tmp
644.09,11.6,wp1-f2,Tmp
700.06,11.2,wp1-f2,Tmp
756.04,13.8,wp1-f2,Tmp
826.02,17.7,wp1-f2,Tmp
0.0,16.8,wp1-f3,Tmp
2.09,16.7,wp1-f3,Tmp
6.14,16.8,wp1-f3,Tmp
10.05,16.8,wp1-f3,Tmp
14.13,16.8,wp1-f3,Tmp
21.06,16.8,wp1-f3,Tmp
28.01,16.8,wp1-f3,Tmp
35.06,16.8,wp1-f3,Tmp
42.06,16.7,wp1-f3,Tmp
57.12,16.8,wp1-f3,Tmp
70.09,17.5,wp1-f3,Tmp
85.13,18.5,wp1-f3,Tmp
98.06,19.4,wp1-f3,Tmp
112.05,19.9,wp1-f3,Tmp
140.02,18.1,wp1-f3,Tmp
196.05,12.4,wp1-f3,Tmp
252.01,4.6,wp1-f3,Tmp
308.06,3.8,wp1-f3,Tmp
364.06,11.2,wp1-f3,Tmp
419.05,18.2,wp1-f3,Tmp
490.04,21.7,wp1-f3,Tmp
518.06,19.1,wp1-f3,Tmp
609.0,9.0,wp1-f3,Tmp
700.06,9.5,wp1-f3,Tmp
791.01,19.3,wp1-f3,Tmp
0.0,16.6,wp1-f4,Tmp
28.01,16.6,wp1-f4,Tmp
35.05,16.6,wp1-f4,Tmp
42.06,16.6,wp1-f4,Tmp
56.05,16.6,wp1-f4,Tmp
70.06,16.6,wp1-f4,Tmp
84.06,16.9,wp1-f4,Tmp
98.05,18.0,wp1-f4,Tmp
112.04,19.5,wp1-f4,Tmp
126.06,19.6,wp1-f4,Tmp
140.01,19.5,wp1-f4,Tmp
161.06,17.7,wp1-f4,Tmp
196.05,14.1,wp1-f4,Tmp
224.06,11.1,wp1-f4,Tmp
252.0,7.1,wp1-f4,Tmp
280.06,3.7,wp1-f4,Tmp
308.06,2.7,wp1-f4,Tmp
336.05,6.9,wp1-f4,Tmp
364.06,9.9,wp1-f4,Tmp
419.04,17.5,wp1-f4,Tmp
490.02,21.7,wp1-f4,Tmp
518.08,20.3,wp1-f4,Tmp
574.05,13.0,wp1-f4,Tmp
644.08,8.1,wp1-f4,Tmp
700.05,9.0,wp1-f4,Tmp
756.02,15.9,wp1-f4,Tmp
826.02,21.3,wp1-f4,Tmp
0.0,16.4,wp1-f5,Tmp
28.0,16.5,wp1-f5,Tmp
56.05,16.3,wp1-f5,Tmp
70.06,16.3,wp1-f5,Tmp
84.06,16.4,wp1-f5,Tmp
98.05,16.6,wp1-f5,Tmp
112.04,16.9,wp1-f5,Tmp
140.01,16.9,wp1-f5,Tmp
196.05,16.7,wp1-f5,Tmp
280.06,13.8,wp1-f5,Tmp
364.05,12.3,wp1-f5,Tmp
518.09,16.7,wp1-f5,Tmp
618.01,14.1,wp1-f5,Tmp
618.04,14.1,wp1-f5,Tmp
700.05,12.5,wp1-f5,Tmp
0.0,17.1,wp2-f1,Tmp
14.02,17.1,wp2-f1,Tmp
27.93,17.1,wp2-f1,Tmp
42.02,16.2,wp2-f1,Tmp
70.02,17.2,wp2-f1,Tmp
126.04,17.4,wp2-f1,Tmp
196.0,16.6,wp2-f1,Tmp
308.02,14.8,wp2-f1,Tmp
490.01,11.4,wp2-f1,Tmp
517.98,16.1,wp2-f1,Tmp
699.98,14.8,wp2-f1,Tmp
0.0,16.9,wp2-f2,Tmp
6.06,16.9,wp2-f2,Tmp
10.0,17.0,wp2-f2,Tmp
14.01,17.3,wp2-f2,Tmp
20.98,18.6,wp2-f2,Tmp
28.05,19.0,wp2-f2,Tmp
35.02,19.0,wp2-f2,Tmp
42.01,19.7,wp2-f2,Tmp
70.02,18.9,wp2-f2,Tmp
98.02,15.6,wp2-f2,Tmp
126.1,13.4,wp2-f2,Tmp
196.02,4.9,wp2-f2,Tmp
308.02,10.9,wp2-f2,Tmp
455.01,17.7,wp2-f2,Tmp
518.01,11.0,wp2-f2,Tmp
574.01,10.0,wp2-f2,Tmp
644.01,10.5,wp2-f2,Tmp
700.01,16.0,wp2-f2,Tmp
756.0,18.7,wp2-f2,Tmp
826.0,16.6,wp2-f2,Tmp
0.0,16.8,wp2-f3,Tmp
2.04,16.8,wp2-f3,Tmp
6.09,16.8,wp2-f3,Tmp
14.01,17.8,wp2-f3,Tmp
20.98,19.8,wp2-f3,Tmp
28.04,21.2,wp2-f3,Tmp
56.02,21.0,wp2-f3,Tmp
84.0,15.7,wp2-f3,Tmp
111.98,13.3,wp2-f3,Tmp
161.0,5.8,wp2-f3,Tmp
224.02,4.3,wp2-f3,Tmp
280.01,10.7,wp2-f3,Tmp
336.01,17.3,wp2-f3,Tmp
419.02,22.8,wp2-f3,Tmp
490.01,12.5,wp2-f3,Tmp
518.01,9.2,wp2-f3,Tmp
608.98,9.8,wp2-f3,Tmp
700.01,18.4,wp2-f3,Tmp
791.05,17.9,wp2-f3,Tmp
0.0,16.6,wp2-f4,Tmp
2.02,16.6,wp2-f4,Tmp
6.08,16.6,wp2-f4,Tmp
9.98,16.6,wp2-f4,Tmp
14.0,16.8,wp2-f4,Tmp
20.97,16.1,wp2-f4,Tmp
28.02,19.9,wp2-f4,Tmp
35.01,21.0,wp2-f4,Tmp
42.01,21.0,wp2-f4,Tmp
56.02,20.6,wp2-f4,Tmp
70.01,19.2,wp2-f4,Tmp
84.0,16.8,wp2-f4,Tmp
98.02,14.7,wp2-f4,Tmp
112.0,13.6,wp2-f4,Tmp
126.05,12.4,wp2-f4,Tmp
139.98,10.8,wp2-f4,Tmp
161.01,5.7,wp2-f4,Tmp
196.01,1.5,wp2-f4,Tmp
224.01,2.6,wp2-f4,Tmp
252.0,8.5,wp2-f4,Tmp
280.0,10.1,wp2-f4,Tmp
308.02,11.0,wp2-f4,Tmp
336.01,17.3,wp2-f4,Tmp
364.01,19.9,wp2-f4,Tmp
419.02,23.0,wp2-f4,Tmp
490.0,13.1,wp2-f4,Tmp
518.01,9.3,wp2-f4,Tmp
574.01,8.3,wp2-f4,Tmp
644.02,9.8,wp2-f4,Tmp
700.1,18.7,wp2-f4,Tmp
756.0,20.4,wp2-f4,Tmp
825.98,15.8,wp2-f4,Tmp
0.0,16.2,wp2-f5,Tmp
6.06,16.2,wp2-f5,Tmp
14.0,16.2,wp2-f5,Tmp
28.01,16.2,wp2-f5,Tmp
42.0,16.3,wp2-f5,Tmp
70.01,16.6,wp2-f5,Tmp
98.01,16.7,wp2-f5,Tmp
126.04,16.6,wp2-f5,Tmp
196.01,15.6,wp2-f5,Tmp
308.01,13.6,wp2-f5,Tmp
455.01,14.9,wp2-f5,Tmp
518.02,14.9,wp2-f5,Tmp
609.0,13.9,wp2-f5,Tmp
700.0,13.3,wp2-f5,Tmp
791.0,15.2,wp2-f5,Tmp
0.0,17.1,wp3-f1,Tmp
2.09,17.1,wp3-f1,Tmp
6.1,17.1,wp3-f1,Tmp
10.05,17.1,wp3-f1,Tmp
14.11,17.1,wp3-f1,Tmp
21.05,17.1,wp3-f1,Tmp
27.98,17.0,wp3-f1,Tmp
57.12,17.2,wp3-f1,Tmp
84.05,17.3,wp3-f1,Tmp
112.01,17.1,wp3-f1,Tmp
161.01,16.4,wp3-f1,Tmp
224.04,15.1,wp3-f1,Tmp
280.01,14.7,wp3-f1,Tmp
336.02,14.8,wp3-f1,Tmp
455.02,15.8,wp3-f1,Tmp
518.02,15.8,wp3-f1,Tmp
700.02,14.9,wp3-f1,Tmp
0.0,17.0,wp3-f2,Tmp
2.06,17.0,wp3-f2,Tmp
6.14,17.2,wp3-f2,Tmp
10.04,18.1,wp3-f2,Tmp
14.1,18.9,wp3-f2,Tmp
21.05,20.1,wp3-f2,Tmp
27.98,17.0,wp3-f2,Tmp
57.14,19.8,wp3-f2,Tmp
84.04,15.3,wp3-f2,Tmp
112.02,13.8,wp3-f2,Tmp
161.06,7.6,wp3-f2,Tmp
224.05,6.2,wp3-f2,Tmp
280.05,10.7,wp3-f2,Tmp
336.05,17.0,wp3-f2,Tmp
455.04,17.0,wp3-f2,Tmp
518.05,18.2,wp3-f2,Tmp
574.04,8.7,wp3-f2,Tmp
644.05,11.6,wp3-f2,Tmp
700.05,18.0,wp3-f2,Tmp
756.01,19.9,wp3-f2,Tmp
826.0,14.3,wp3-f2,Tmp
0.0,16.8,wp3-f3,Tmp
2.06,16.7,wp3-f3,Tmp
6.13,17.7,wp3-f3,Tmp
10.02,19.3,wp3-f3,Tmp
14.1,20.1,wp3-f3,Tmp
21.02,21.4,wp3-f3,Tmp
27.97,16.7,wp3-f3,Tmp
35.05,20.3,wp3-f3,Tmp
42.05,20.4,wp3-f3,Tmp
57.14,19.5,wp3-f3,Tmp
70.05,17.1,wp3-f3,Tmp
84.02,14.1,wp3-f3,Tmp
98.05,13.4,wp3-f3,Tmp
112.02,12.4,wp3-f3,Tmp
126.06,11.0,wp3-f3,Tmp
140.0,6.8,wp3-f3,Tmp
161.04,5.1,wp3-f3,Tmp
196.02,1.5,wp3-f3,Tmp
224.05,6.3,wp3-f3,Tmp
252.02,10.1,wp3-f3,Tmp
280.02,10.8,wp3-f3,Tmp
308.06,11.7,wp3-f3,Tmp
336.05,19.0,wp3-f3,Tmp
364.05,18.4,wp3-f3,Tmp
419.01,22.6,wp3-f3,Tmp
490.02,9.1,wp3-f3,Tmp
518.05,8.6,wp3-f3,Tmp
574.02,7.2,wp3-f3,Tmp
618.01,9.1,wp3-f3,Tmp
617.98,9.1,wp3-f3,Tmp
644.05,12.5,wp3-f3,Tmp
700.04,19.8,wp3-f3,Tmp
756.02,20.2,wp3-f3,Tmp
826.01,12.4,wp3-f3,Tmp
0.0,16.5,wp3-f4,Tmp
2.05,16.6,wp3-f4,Tmp
6.13,17.3,wp3-f4,Tmp
10.01,18.7,wp3-f4,Tmp
14.05,19.9,wp3-f4,Tmp
21.02,21.6,wp3-f4,Tmp
27.97,16.5,wp3-f4,Tmp
35.02,20.7,wp3-f4,Tmp
42.04,20.6,wp3-f4,Tmp
57.15,19.9,wp3-f4,Tmp
70.05,17.3,wp3-f4,Tmp
84.02,14.1,wp3-f4,Tmp
98.04,13.5,wp3-f4,Tmp
112.01,12.6,wp3-f4,Tmp
126.05,11.5,wp3-f4,Tmp
140.0,7.2,wp3-f4,Tmp
161.02,5.3,wp3-f4,Tmp
196.02,1.4,wp3-f4,Tmp
224.04,5.8,wp3-f4,Tmp
252.01,10.0,wp3-f4,Tmp
280.02,10.7,wp3-f4,Tmp
308.05,11.6,wp3-f4,Tmp
336.04,19.0,wp3-f4,Tmp
364.01,18.5,wp3-f4,Tmp
419.01,22.4,wp3-f4,Tmp
490.01,9.3,wp3-f4,Tmp
518.04,8.6,wp3-f4,Tmp
574.02,7.2,wp3-f4,Tmp
644.04,12.3,wp3-f4,Tmp
700.04,19.7,wp3-f4,Tmp
756.01,20.2,wp3-f4,Tmp
826.01,12.4,wp3-f4,Tmp
0.0,16.3,wp3-f5,Tmp
2.06,16.5,wp3-f5,Tmp
6.11,16.9,wp3-f5,Tmp
10.01,17.8,wp3-f5,Tmp
14.05,19.0,wp3-f5,Tmp
21.01,20.6,wp3-f5,Tmp
27.96,16.4,wp3-f5,Tmp
57.13,20.1,wp3-f5,Tmp
84.02,15.0,wp3-f5,Tmp
112.01,13.4,wp3-f5,Tmp
161.02,6.4,wp3-f5,Tmp
224.02,5.2,wp3-f5,Tmp
280.01,10.4,wp3-f5,Tmp
336.02,17.8,wp3-f5,Tmp
455.02,16.8,wp3-f5,Tmp
518.02,9.5,wp3-f5,Tmp
574.02,8.0,wp3-f5,Tmp
644.02,11.7,wp3-f5,Tmp
700.02,19.0,wp3-f5,Tmp
756.01,20.2,wp3-f5,Tmp
826.01,13.6,wp3-f5,Tmp
0.0,17.0,wp4-f1,Tmp
27.93,17.0,wp4-f1,Tmp
56.01,17.0,wp4-f1,Tmp
70.0,17.2,wp4-f1,Tmp
98.01,17.7,wp4-f1,Tmp
126.02,17.2,wp4-f1,Tmp
196.0,13.6,wp4-f1,Tmp
308.01,11.1,wp4-f1,Tmp
517.98,16.0,wp4-f1,Tmp
700.0,12.6,wp4-f1,Tmp
0.0,16.3,wp4-f5,Tmp
21.0,16.4,wp4-f5,Tmp
27.93,16.4,wp4-f5,Tmp
35.0,16.4,wp4-f5,Tmp
41.98,16.4,wp4-f5,Tmp
56.0,16.7,wp4-f5,Tmp
69.98,17.5,wp4-f5,Tmp
98.0,19.0,wp4-f5,Tmp
126.02,18.3,wp4-f5,Tmp
196.0,12.2,wp4-f5,Tmp
336.0,9.7,wp4-f5,Tmp
489.98,18.9,wp4-f5,Tmp
518.0,16.5,wp4-f5,Tmp
608.98,10.3,wp4-f5,Tmp
699.98,10.8,wp4-f5,Tmp
791.0,18.2,wp4-f5,Tmp
2.1,0.002277,influent,tic
6.05,0.0022448,influent,tic
10.06,0.0023578,influent,tic
14.13,0.0024418,influent,tic
21.06,0.0024747,influent,tic
28.06,0.0024441,influent,tic
35.08,0.00251,influent,tic
42.06,0.0023795,influent,tic
56.06,0.0020553,influent,tic
70.1,0.0019748,influent,tic
85.17,0.0018859,influent,tic
98.1,0.0021325,influent,tic
112.1,0.0023423,influent,tic
126.1,0.0024688,influent,tic
140.06,0.0024042,influent,tic
161.1,0.0020276,influent,tic
196.09,0.0031435,influent,tic
224.09,0.0027065,influent,tic
252.06,0.0019943,influent,tic
280.1,0.0023631,influent,tic
308.09,0.0022896,influent,tic
336.09,0.0018435,influent,tic
364.09,0.0018029,influent,tic
392.05,0.0020035,influent,tic
419.94,0.0022248,influent,tic
455.0,0.0028078,influent,tic
490.06,0.0027882,influent,tic
518.1,0.0029963,influent,tic
546.05,0.0022944,influent,tic
574.06,0.0022823,influent,tic
609.02,0.0027085,influent,tic
644.1,0.0022282,influent,tic
672.02,0.0020404,influent,tic
700.1,0.0022747,influent,tic
728.02,0.0021372,influent,tic
756.05,0.0022666,influent,tic
791.05,0.0023849,influent,tic
826.06,0.0022813,influent,tic
854.02,0.0016725,influent,tic
1.01,0.0092627,pp1,tic
28.09,0.008928,pp1,tic
85.15,0.0089476,pp1,tic
98.09,0.0089236,pp1,tic
112.09,0.0086661,pp1,tic
126.09,0.0089637,pp1,tic
140.06,0.008342,pp1,tic
161.1,0.0081568,pp1,tic
196.06,0.0070227,pp1,tic
224.09,0.0064756,pp1,tic
252.05,0.0064913,pp1,tic
280.09,0.0062178,pp1,tic
308.09,0.0056915,pp1,tic
336.09,0.0056925,pp1,tic
364.09,0.006233,pp1,tic
419.06,0.0059551,pp1,tic
490.05,0.0055885,pp1,tic
518.1,0.0058497,pp1,tic
574.05,0.0053499,pp1,tic
644.09,0.0049837,pp1,tic
700.09,0.0055432,pp1,tic
756.05,0.0057163,pp1,tic
826.05,0.0046364,pp1,tic
0.0,0.0080846,pp1-f1,tic
112.1,0.0073809,pp1-f1,tic
161.09,0.0081504,pp1-f1,tic
252.04,0.0048988,pp1-f1,tic
336.06,0.0047097,pp1-f1,tic
609.01,0.0027388,pp1-f1,tic
700.1,0.003564,pp1-f1,tic
791.01,0.0031945,pp1-f1,tic
0.0,0.0086686,pp1-f2,tic
85.14,0.0082175,pp1-f2,tic
98.09,0.0085623,pp1-f2,tic
112.09,0.0088275,pp1-f2,tic
126.08,0.0088307,pp1-f2,tic
140.05,0.0088314,pp1-f2,tic
161.09,0.0088318,pp1-f2,tic
196.06,0.0085741,pp1-f2,tic
224.06,0.0085664,pp1-f2,tic
252.04,0.0085578,pp1-f2,tic
280.08,0.0089609,pp1-f2,tic
308.08,0.0079814,pp1-f2,tic
336.08,0.008571,pp1-f2,tic
364.08,0.0089505,pp1-f2,tic
455.05,0.0091752,pp1-f2,tic
518.09,0.0078972,pp1-f2,tic
609.01,0.0061726,pp1-f2,tic
618.06,0.0053477,pp1-f2,tic
618.09,0.0053474,pp1-f2,tic
700.09,0.0042005,pp1-f2,tic
791.04,0.0025462,pp1-f2,tic
0.0,0.0085661,pp1-f3,tic
98.06,0.0089654,pp1-f3,tic
112.09,0.0086982,pp1-f3,tic
161.09,0.0089764,pp1-f3,tic
252.02,0.0089631,pp1-f3,tic
336.06,0.0086876,pp1-f3,tic
490.05,0.0054285,pp1-f3,tic
518.09,0.0053162,pp1-f3,tic
609.01,0.0065445,pp1-f3,tic
618.05,0.0053202,pp1-f3,tic
618.08,0.0054802,pp1-f3,tic
700.06,0.0065576,pp1-f3,tic
791.02,0.0080782,pp1-f3,tic
0.0,0.007393,wp1-f1,tic
112.05,0.0073497,wp1-f1,tic
140.01,0.0073776,wp1-f1,tic
196.05,0.0078923,wp1-f1,tic
280.06,0.0072515,wp1-f1,tic
364.06,0.0080669,wp1-f1,tic
700.06,0.0080398,wp1-f1,tic
0.0,0.0081276,wp1-f2,tic
112.05,0.0023264,wp1-f2,tic
126.06,0.0022032,wp1-f2,tic
140.02,0.0021377,wp1-f2,tic
196.06,0.0020321,wp1-f2,tic
252.01,0.0031298,wp1-f2,tic
336.06,0.0025648,wp1-f2,tic
455.05,0.0022857,wp1-f2,tic
518.06,0.0029131,wp1-f2,tic
574.05,0.0026894,wp1-f2,tic
618.02,0.0021824,wp1-f2,tic
644.09,0.0028963,wp1-f2,tic
700.06,0.0021414,wp1-f2,tic
756.04,0.0024972,wp1-f2,tic
826.02,0.0027268,wp1-f2,tic
0.0,0.0082974,wp1-f3,tic
6.14,0.0085519,wp1-f3,tic
10.05,0.0085503,wp1-f3,tic
14.13,0.0085503,wp1-f3,tic
21.06,0.0089342,wp1-f3,tic
28.01,0.0082912,wp1-f3,tic
35.06,0.0075126,wp1-f3,tic
42.06,0.0067385,wp1-f3,tic
57.12,0.0049094,wp1-f3,tic
70.09,0.0026127,wp1-f3,tic
85.13,0.0025741,wp1-f3,tic
98.06,0.0023544,wp1-f3,tic
112.05,0.0022255,wp1-f3,tic
140.02,0.0019999,wp1-f3,tic
196.05,0.0021503,wp1-f3,tic
252.01,0.0034499,wp1-f3,tic
308.06,0.0021454,wp1-f3,tic
364.06,0.0023464,wp1-f3,tic
419.05,0.0019962,wp1-f3,tic
490.04,0.0025946,wp1-f3,tic
518.06,0.0028908,wp1-f3,tic
609.0,0.0026428,wp1-f3,tic
700.06,0.002522,wp1-f3,tic
791.01,0.0022637,wp1-f3,tic
0.0,0.0085661,wp1-f4,tic
28.01,0.0082989,wp1-f4,tic
35.05,0.0085645,wp1-f4,tic
42.06,0.0085583,wp1-f4,tic
56.05,0.0045321,wp1-f4,tic
70.06,0.0024796,wp1-f4,tic
84.06,0.0026907,wp1-f4,tic
98.05,0.0026597,wp1-f4,tic
112.04,0.0024459,wp1-f4,tic
126.06,0.0022128,wp1-f4,tic
140.01,0.0019575,wp1-f4,tic
161.06,0.0023066,wp1-f4,tic
196.05,0.0022656,wp1-f4,tic
224.06,0.0023922,wp1-f4,tic
252.0,0.0030721,wp1-f4,tic
280.06,0.0036722,wp1-f4,tic
308.06,0.0021727,wp1-f4,tic
336.05,0.0026806,wp1-f4,tic
364.06,0.0024277,wp1-f4,tic
419.04,0.0019701,wp1-f4,tic
490.02,0.002547,wp1-f4,tic
518.08,0.0029842,wp1-f4,tic
574.05,0.0028746,wp1-f4,tic
644.08,0.0029066,wp1-f4,tic
700.05,0.0024106,wp1-f4,tic
756.02,0.0027772,wp1-f4,tic
826.02,0.0028217,wp1-f4,tic
0.0,0.0087252,wp1-f5,tic
112.04,0.0089388,wp1-f5,tic
140.01,0.0086104,wp1-f5,tic
196.05,0.0087008,wp1-f5,tic
280.06,0.0096893,wp1-f5,tic
364.05,0.0090874,wp1-f5,tic
518.09,0.0084876,wp1-f5,tic
618.01,0.0087944,wp1-f5,tic
618.04,0.0085347,wp1-f5,tic
700.05,0.010135,wp1-f5,tic
0.0,0.0080384,wp2-f1,tic
70.02,0.007589,wp2-f1,tic
126.04,0.0075878,wp2-f1,tic
196.0,0.0078184,wp2-f1,tic
308.02,0.0073042,wp2-f1,tic
699.98,0.0082772,wp2-f1,tic
0.0,0.0085433,wp2-f2,tic
28.05,0.0025397,wp2-f2,tic
42.01,0.0025686,wp2-f2,tic
70.02,0.0021654,wp2-f2,tic
98.02,0.0019615,wp2-f2,tic
126.1,0.0025626,wp2-f2,tic
196.02,0.0033176,wp2-f2,tic
308.02,0.0024331,wp2-f2,tic
455.01,0.002902,wp2-f2,tic
518.01,0.003043,wp2-f2,tic
574.01,0.0021106,wp2-f2,tic
644.01,0.0025446,wp2-f2,tic
700.01,0.002428,wp2-f2,tic
756.0,0.0023549,wp2-f2,tic
826.0,0.001752,wp2-f2,tic
0.0,0.0085535,wp2-f3,tic
6.09,0.004785,wp2-f3,tic
14.01,0.002333,wp2-f3,tic
20.98,0.0023991,wp2-f3,tic
28.04,0.0024906,wp2-f3,tic
56.02,0.0023337,wp2-f3,tic
84.0,0.0019485,wp2-f3,tic
111.98,0.0026802,wp2-f3,tic
161.0,0.002272,wp2-f3,tic
224.02,0.0030522,wp2-f3,tic
280.01,0.0027227,wp2-f3,tic
336.01,0.0017825,wp2-f3,tic
419.02,0.0023295,wp2-f3,tic
490.01,0.0030085,wp2-f3,tic
518.01,0.0030879,wp2-f3,tic
608.98,0.0032096,wp2-f3,tic
700.01,0.0022754,wp2-f3,tic
791.05,0.0030294,wp2-f3,tic
0.0,0.0085598,wp2-f4,tic
6.08,0.008816,wp2-f4,tic
9.98,0.0057097,wp2-f4,tic
14.0,0.0025063,wp2-f4,tic
20.97,0.0024878,wp2-f4,tic
28.02,0.0025334,wp2-f4,tic
35.01,0.0025419,wp2-f4,tic
42.01,0.0025198,wp2-f4,tic
56.02,0.0024962,wp2-f4,tic
70.01,0.0022436,wp2-f4,tic
84.0,0.0019356,wp2-f4,tic
98.02,0.0020812,wp2-f4,tic
112.0,0.0023029,wp2-f4,tic
126.05,0.0025749,wp2-f4,tic
139.98,0.0023079,wp2-f4,tic
161.01,0.002185,wp2-f4,tic
196.01,0.0034707,wp2-f4,tic
224.01,0.003474,wp2-f4,tic
252.0,0.0022733,wp2-f4,tic
280.0,0.0029168,wp2-f4,tic
308.02,0.0024083,wp2-f4,tic
336.01,0.0017366,wp2-f4,tic
364.01,0.0015503,wp2-f4,tic
419.02,0.0021733,wp2-f4,tic
490.0,0.0028711,wp2-f4,tic
518.01,0.0042426,wp2-f4,tic
574.01,0.0021734,wp2-f4,tic
644.02,0.0030783,wp2-f4,tic
700.1,0.0024094,wp2-f4,tic
756.0,0.0024371,wp2-f4,tic
825.98,0.0018881,wp2-f4,tic
0.0,0.0084348,wp2-f5,tic
28.01,0.0084247,wp2-f5,tic
42.0,0.0084237,wp2-f5,tic
70.01,0.0083979,wp2-f5,tic
98.01,0.0083969,wp2-f5,tic
126.04,0.0082402,wp2-f5,tic
196.01,0.0065187,wp2-f5,tic
308.01,0.0058171,wp2-f5,tic
455.01,0.010127,wp2-f5,tic
518.02,0.0032235,wp2-f5,tic
609.0,0.0053279,wp2-f5,tic
700.0,0.0047451,wp2-f5,tic
791.0,0.0052346,wp2-f5,tic
0.0,0.0080749,wp3-f1,tic
10.05,0.007591,wp3-f1,tic
14.11,0.0075918,wp3-f1,tic
21.05,0.0075892,wp3-f1,tic
27.98,0.0075907,wp3-f1,tic
57.12,0.0075843,wp3-f1,tic
84.05,0.0073761,wp3-f1,tic
112.01,0.0073878,wp3-f1,tic
161.01,0.0075793,wp3-f1,tic
224.04,0.0076554,wp3-f1,tic
280.01,0.0076754,wp3-f1,tic
336.02,0.007669,wp3-f1,tic
455.02,0.0077783,wp3-f1,tic
700.02,0.0075851,wp3-f1,tic
0.0,0.008541,wp3-f2,tic
6.14,0.0023404,wp3-f2,tic
10.04,0.0024409,wp3-f2,tic
14.1,0.0024709,wp3-f2,tic
21.05,0.0026037,wp3-f2,tic
27.98,0.0027031,wp3-f2,tic
57.14,0.0023978,wp3-f2,tic
84.04,0.0020448,wp3-f2,tic
112.02,0.0025011,wp3-f2,tic
161.06,0.0022507,wp3-f2,tic
224.05,0.0030928,wp3-f2,tic
280.05,0.0029783,wp3-f2,tic
336.05,0.0018897,wp3-f2,tic
455.04,0.0030453,wp3-f2,tic
518.05,0.0026248,wp3-f2,tic
574.04,0.0027198,wp3-f2,tic
644.05,0.0031713,wp3-f2,tic
700.05,0.0023455,wp3-f2,tic
756.01,0.0022865,wp3-f2,tic
826.0,0.0020382,wp3-f2,tic
0.0,0.0089394,wp3-f3,tic
2.06,0.0089456,wp3-f3,tic
6.13,0.0023136,wp3-f3,tic
10.02,0.0022991,wp3-f3,tic
14.1,0.0025013,wp3-f3,tic
21.02,0.0025331,wp3-f3,tic
27.97,0.0025294,wp3-f3,tic
35.05,0.0024975,wp3-f3,tic
42.05,0.0022377,wp3-f3,tic
57.14,0.0022416,wp3-f3,tic
70.05,0.0019608,wp3-f3,tic
84.02,0.0019422,wp3-f3,tic
98.05,0.0021811,wp3-f3,tic
112.02,0.0025731,wp3-f3,tic
126.06,0.0026251,wp3-f3,tic
140.0,0.0024864,wp3-f3,tic
161.04,0.0022931,wp3-f3,tic
196.02,0.0033539,wp3-f3,tic
224.05,0.0030909,wp3-f3,tic
252.02,0.0019113,wp3-f3,tic
280.02,0.0025905,wp3-f3,tic
308.06,0.0025286,wp3-f3,tic
336.05,0.0019489,wp3-f3,tic
364.05,0.0017722,wp3-f3,tic
419.01,0.0022204,wp3-f3,tic
490.02,0.0030921,wp3-f3,tic
518.05,0.0029751,wp3-f3,tic
574.02,0.0025503,wp3-f3,tic
618.01,0.0028457,wp3-f3,tic
617.98,0.0028459,wp3-f3,tic
644.05,0.0022595,wp3-f3,tic
700.04,0.0022112,wp3-f3,tic
756.02,0.002266,wp3-f3,tic
826.01,0.0021911,wp3-f3,tic
0.0,0.008825,wp3-f4,tic
2.05,0.0088224,wp3-f4,tic
6.13,0.0024882,wp3-f4,tic
10.01,0.0023653,wp3-f4,tic
14.05,0.0025326,wp3-f4,tic
21.02,0.0025914,wp3-f4,tic
27.97,0.0026755,wp3-f4,tic
35.02,0.0025838,wp3-f4,tic
42.04,0.0022883,wp3-f4,tic
57.15,0.0023906,wp3-f4,tic
70.05,0.0020541,wp3-f4,tic
84.02,0.0019692,wp3-f4,tic
98.04,0.0022172,wp3-f4,tic
112.01,0.0023937,wp3-f4,tic
126.05,0.0026139,wp3-f4,tic
140.0,0.002586,wp3-f4,tic
161.02,0.0023507,wp3-f4,tic
196.02,0.0033905,wp3-f4,tic
224.04,0.0031097,wp3-f4,tic
252.01,0.0018812,wp3-f4,tic
280.02,0.0027372,wp3-f4,tic
308.05,0.0026451,wp3-f4,tic
336.04,0.0019411,wp3-f4,tic
364.01,0.001993,wp3-f4,tic
419.01,0.0026104,wp3-f4,tic
490.01,0.0030866,wp3-f4,tic
518.04,0.0028562,wp3-f4,tic
574.02,0.0025503,wp3-f4,tic
644.04,0.0022495,wp3-f4,tic
700.04,0.0022747,wp3-f4,tic
756.01,0.0023014,wp3-f4,tic
826.01,0.0021738,wp3-f4,tic
0.0,0.0087007,wp3-f5,tic
6.11,0.003222,wp3-f5,tic
10.01,0.0027523,wp3-f5,tic
14.05,0.0025959,wp3-f5,tic
21.01,0.0027155,wp3-f5,tic
27.96,0.0026806,wp3-f5,tic
57.13,0.0024413,wp3-f5,tic
84.02,0.0020956,wp3-f5,tic
112.01,0.0025812,wp3-f5,tic
161.02,0.0022862,wp3-f5,tic
280.01,0.0027438,wp3-f5,tic
336.02,0.0020034,wp3-f5,tic
455.02,0.002927,wp3-f5,tic
518.02,0.0028511,wp3-f5,tic
574.02,0.0024256,wp3-f5,tic
644.02,0.0022829,wp3-f5,tic
700.02,0.0022926,wp3-f5,tic
756.01,0.0023014,wp3-f5,tic
826.01,0.0021023,wp3-f5,tic
0.0,0.0084858,wp4-f1,tic
517.98,0.0085128,wp4-f1,tic
700.0,0.010829,wp4-f1,tic
0.0,0.0088333,wp4-f5,tic
196.0,0.0020645,wp4-f5,tic
