obsid,var,days,value,units
WP1-f1,O2,0,0.000475,mol_l
WP1-f1,O2,112.0520833,0.00014375,mol_l
WP1-f1,O2,140.0145833,0.000125,mol_l
WP1-f1,O2,196.0541667,0.00015,mol_l
WP1-f1,O2,518.0541667,0.0001375,mol_l
WP1-f2,O2,0,0.000015625,mol_l
WP1-f2,O2,112.05,0.00004375,mol_l
WP1-f2,O2,126.0625,0.000015625,mol_l
WP1-f2,O2,140.0208333,0.000015625,mol_l
WP1-f2,O2,196.05625,0.000015625,mol_l
WP1-f2,O2,252.0104167,0.000015625,mol_l
WP1-f2,O2,336.05625,0.000015625,mol_l
WP1-f2,O2,455.0458333,0.0000375,mol_l
WP1-f2,O2,518.0583333,0.00005625,mol_l
WP1-f2,O2,574.0479167,0.00003125,mol_l
WP1-f2,O2,618.0166667,0.00003125,mol_l
WP1-f2,O2,644.0875,0.00003125,mol_l
WP1-f2,O2,700.0625,0.00003125,mol_l
WP1-f2,O2,756.0416667,0.00003125,mol_l
WP1-f2,O2,826.0208333,0.00003125,mol_l
WP1-f3,O2,0,0.000015625,mol_l
WP1-f3,O2,6.141666667,0.000015625,mol_l
WP1-f3,O2,10.05416667,0.000015625,mol_l
WP1-f3,O2,14.12708333,0.000015625,mol_l
WP1-f3,O2,21.05625,0.000015625,mol_l
WP1-f3,O2,28.00833333,0.000015625,mol_l
WP1-f3,O2,35.05625,0.000015625,mol_l
WP1-f3,O2,42.06041667,0.000015625,mol_l
WP1-f3,O2,57.125,0.000015625,mol_l
WP1-f3,O2,70.0875,0.00003125,mol_l
WP1-f3,O2,85.13333333,0.00005625,mol_l
WP1-f3,O2,98.05833333,0.00006875,mol_l
WP1-f3,O2,112.0479167,0.00005,mol_l
WP1-f3,O2,140.0166667,0.000015625,mol_l
WP1-f3,O2,196.0520833,0.000015625,mol_l
WP1-f3,O2,252.00625,0.000015625,mol_l
WP1-f3,O2,308.0625,0.00003125,mol_l
WP1-f3,O2,364.0583333,0.000015625,mol_l
WP1-f3,O2,419.0458333,0.00003125,mol_l
WP1-f3,O2,490.04375,0.00003125,mol_l
WP1-f3,O2,518.0604167,0.00003125,mol_l
WP1-f3,O2,609,0.00003125,mol_l
WP1-f3,O2,700.0583333,0.00003125,mol_l
WP1-f3,O2,791.0104167,0.00003125,mol_l
WP1-f4,O2,0,0.000015625,mol_l
WP1-f4,O2,28.00625,0.000015625,mol_l
WP1-f4,O2,35.05208333,0.000015625,mol_l
WP1-f4,O2,42.05625,0.000015625,mol_l
WP1-f4,O2,56.05,0.0000375,mol_l
WP1-f4,O2,70.0625,0.0000375,mol_l
WP1-f4,O2,84.06458333,0.00003125,mol_l
WP1-f4,O2,98.05416667,0.00004375,mol_l
WP1-f4,O2,112.04375,0.000015625,mol_l
WP1-f4,O2,126.0604167,0.0000625,mol_l
WP1-f4,O2,140.0104167,0.000015625,mol_l
WP1-f4,O2,161.0645833,0.000015625,mol_l
WP1-f4,O2,196.0479167,0.000015625,mol_l
WP1-f4,O2,224.0604167,0.000015625,mol_l
WP1-f4,O2,252.0041667,0.000015625,mol_l
WP1-f4,O2,280.0604167,0.00004375,mol_l
WP1-f4,O2,308.0604167,0.000015625,mol_l
WP1-f4,O2,336.0520833,0.000015625,mol_l
WP1-f4,O2,364.05625,0.000015625,mol_l
WP1-f4,O2,419.0416667,0.00003125,mol_l
WP1-f4,O2,490.0229167,0.00003125,mol_l
WP1-f4,O2,518.0833333,0.00005625,mol_l
WP1-f4,O2,574.0458333,0.00003125,mol_l
WP1-f4,O2,644.0833333,0.00003125,mol_l
WP1-f4,O2,700.0541667,0.00003125,mol_l
WP1-f4,O2,756.0229167,0.00003125,mol_l
WP1-f4,O2,826.0166667,0.00003125,mol_l
WP1-f5,O2,0,0.000015625,mol_l
WP1-f5,O2,112.0416667,0.00002875,mol_l
WP1-f5,O2,140.0083333,0.000015625,mol_l
WP1-f5,O2,196.0458333,0.000015625,mol_l
WP1-f5,O2,280.05625,0.00004375,mol_l
WP1-f5,O2,364.05,0.000015625,mol_l
WP1-f5,O2,518.0875,0.00003125,mol_l
WP1-f5,O2,618.0125,0.00003125,mol_l
WP1-f5,O2,618.0416667,0.00003125,mol_l
WP1-f5,O2,700.0520833,0.00005,mol_l
WP2-f1,O2,0,0.00053125,mol_l
WP2-f1,O2,70.02083333,0.0000375,mol_l
WP2-f1,O2,126.04375,0.00016875,mol_l
WP2-f1,O2,196,0.00016875,mol_l
WP2-f1,O2,308.0208333,0.00018125,mol_l
WP2-f1,O2,517.9770833,0.0001375,mol_l
WP2-f2,O2,0,0.00025,mol_l
WP2-f2,O2,20.98125,0.00001875,mol_l
WP2-f2,O2,28.04583333,0.000015625,mol_l
WP2-f2,O2,35.01666667,0.00001875,mol_l
WP2-f2,O2,42.0125,0.000015625,mol_l
WP2-f2,O2,70.01875,0.00005,mol_l
WP2-f2,O2,98.02083333,0.000015625,mol_l
WP2-f2,O2,126.0958333,0.000015625,mol_l
WP2-f2,O2,196.0166667,0.000015625,mol_l
WP2-f2,O2,308.01875,0.000015625,mol_l
WP2-f2,O2,455.0083333,0.00005,mol_l
WP2-f2,O2,518.00625,0.00003125,mol_l
WP2-f2,O2,574.0104167,0.00003125,mol_l
WP2-f2,O2,644.0125,0.00003125,mol_l
WP2-f2,O2,700.0125,0.00003125,mol_l
WP2-f2,O2,756.0020833,0.0000375,mol_l
WP2-f2,O2,826,0.00003125,mol_l
WP2-f3,O2,0,0.000225,mol_l
WP2-f3,O2,6.089583333,0.000015625,mol_l
WP2-f3,O2,14.01041667,0.00005625,mol_l
WP2-f3,O2,20.97708333,0.000015625,mol_l
WP2-f3,O2,28.04166667,0.000015625,mol_l
WP2-f3,O2,56.02083333,0.000015625,mol_l
WP2-f3,O2,84.00416667,0.00004375,mol_l
WP2-f3,O2,111.98125,0.0004125,mol_l
WP2-f3,O2,161.0020833,0.00015,mol_l
WP2-f3,O2,224.0166667,0.00021875,mol_l
WP2-f3,O2,280.00625,0.0000375,mol_l
WP2-f3,O2,336.0083333,0.000015625,mol_l
WP2-f3,O2,419.0208333,0.00003125,mol_l
WP2-f3,O2,490.00625,0.00003125,mol_l
WP2-f3,O2,518.0083333,0.00003125,mol_l
WP2-f3,O2,608.98125,0.0000875,mol_l
WP2-f3,O2,700.0083333,0.00003125,mol_l
WP2-f3,O2,791.0458333,0.00005625,mol_l
WP2-f4,O2,0,0.000175,mol_l
WP2-f4,O2,6.083333333,0.000015625,mol_l
WP2-f4,O2,9.979166667,0.000015625,mol_l
WP2-f4,O2,14.00416667,0.000015625,mol_l
WP2-f4,O2,20.97291667,0.000015625,mol_l
WP2-f4,O2,28.01875,0.000015625,mol_l
WP2-f4,O2,35.01041667,0.000015625,mol_l
WP2-f4,O2,42.00625,0.000015625,mol_l
WP2-f4,O2,56.01666667,0.000015625,mol_l
WP2-f4,O2,70.01041667,0.000015625,mol_l
WP2-f4,O2,84,0.00003125,mol_l
WP2-f4,O2,98.01666667,0.00004375,mol_l
WP2-f4,O2,112,0.0004125,mol_l
WP2-f4,O2,126.0479167,0.000015625,mol_l
WP2-f4,O2,139.9791667,0.000015625,mol_l
WP2-f4,O2,161.00625,0.000015625,mol_l
WP2-f4,O2,196.0125,0.000015625,mol_l
WP2-f4,O2,224.0145833,0.000015625,mol_l
WP2-f4,O2,252,0.00003125,mol_l
WP2-f4,O2,280.0020833,0.00003125,mol_l
WP2-f4,O2,308.0166667,0.000015625,mol_l
WP2-f4,O2,336.00625,0.000015625,mol_l
WP2-f4,O2,364.00625,0.000015625,mol_l
WP2-f4,O2,419.0166667,0.00003125,mol_l
WP2-f4,O2,490.0041667,0.00003125,mol_l
WP2-f4,O2,518.0125,0.0000375,mol_l
WP2-f4,O2,574.0083333,0.00003125,mol_l
WP2-f4,O2,644.0166667,0.00003125,mol_l
WP2-f4,O2,700.0979167,0.00003125,mol_l
WP2-f4,O2,756,0.00003125,mol_l
WP2-f4,O2,825.9791667,0.00003125,mol_l
WP2-f5,O2,0,0.00024375,mol_l
WP2-f5,O2,28.01458333,0.000015625,mol_l
WP2-f5,O2,42.00208333,0.000015625,mol_l
WP2-f5,O2,70.00625,0.000015625,mol_l
WP2-f5,O2,98.0125,0.000025,mol_l
WP2-f5,O2,126.0416667,0.000015625,mol_l
WP2-f5,O2,196.0104167,0.00005,mol_l
WP2-f5,O2,308.0125,0.000015625,mol_l
WP2-f5,O2,455.00625,0.00003125,mol_l
WP2-f5,O2,518.0166667,0.00003125,mol_l
WP2-f5,O2,609,0.00003125,mol_l
WP2-f5,O2,700.0041667,0.00003125,mol_l
WP2-f5,O2,791.0041667,0.00003125,mol_l
WP3-f1,O2,0,0.000015625,mol_l
WP3-f1,O2,10.04583333,0.0004125,mol_l
WP3-f1,O2,14.10625,0.00019375,mol_l
WP3-f1,O2,21.05208333,0.00024375,mol_l
WP3-f1,O2,27.98125,0.0002125,mol_l
WP3-f1,O2,57.125,0.0003375,mol_l
WP3-f1,O2,84.04583333,0.0001375,mol_l
WP3-f1,O2,112.0145833,0.00014375,mol_l
WP3-f1,O2,161.0125,0.00015,mol_l
WP3-f1,O2,455.0166667,0.00013125,mol_l
WP3-f1,O2,518.01875,0.0001375,mol_l
WP3-f2,O2,0,0.000015625,mol_l
WP3-f2,O2,2.064583333,0.00001875,mol_l
WP3-f2,O2,6.135416667,0.000015625,mol_l
WP3-f2,O2,10.04375,0.000015625,mol_l
WP3-f2,O2,14.10416667,0.000015625,mol_l
WP3-f2,O2,21.04583333,0.000015625,mol_l
WP3-f2,O2,27.97916667,0.000015625,mol_l
WP3-f2,O2,57.14375,0.0000375,mol_l
WP3-f2,O2,84.04375,0.0000375,mol_l
WP3-f2,O2,112.01875,0.00003875,mol_l
WP3-f2,O2,161.0583333,0.000015625,mol_l
WP3-f2,O2,224.0520833,0.000015625,mol_l
WP3-f2,O2,280.0520833,0.00004375,mol_l
WP3-f2,O2,336.0479167,0.000015625,mol_l
WP3-f2,O2,455.0416667,0.00003125,mol_l
WP3-f2,O2,518.0520833,0.00003125,mol_l
WP3-f2,O2,574.0416667,0.00003125,mol_l
WP3-f2,O2,644.05,0.00003125,mol_l
WP3-f2,O2,700.0479167,0.00003125,mol_l
WP3-f2,O2,756.0125,0.00003125,mol_l
WP3-f2,O2,826.0041667,0.00003125,mol_l
WP3-f3,O2,0,0.000015625,mol_l
WP3-f3,O2,2.058333333,0.0000125,mol_l
WP3-f3,O2,6.13125,0.000015625,mol_l
WP3-f3,O2,10.02291667,0.000015625,mol_l
WP3-f3,O2,14.1,0.00005625,mol_l
WP3-f3,O2,21.02291667,0.000015625,mol_l
WP3-f3,O2,27.97291667,0.000015625,mol_l
WP3-f3,O2,35.04583333,0.000015625,mol_l
WP3-f3,O2,42.04791667,0.000015625,mol_l
WP3-f3,O2,57.1375,0.00005,mol_l
WP3-f3,O2,70.05416667,0.00003125,mol_l
WP3-f3,O2,84.02291667,0.00003125,mol_l
WP3-f3,O2,98.04791667,0.00004375,mol_l
WP3-f3,O2,112.0166667,0.000036875,mol_l
WP3-f3,O2,126.05625,0.0000875,mol_l
WP3-f3,O2,140.0041667,0.000325,mol_l
WP3-f3,O2,161.04375,0.0004125,mol_l
WP3-f3,O2,196.0229167,0.0006125,mol_l
WP3-f3,O2,224.0479167,0.000015625,mol_l
WP3-f3,O2,252.0166667,0.000175,mol_l
WP3-f3,O2,280.0229167,0.00005625,mol_l
WP3-f3,O2,308.05625,0.000015625,mol_l
WP3-f3,O2,336.0458333,0.000015625,mol_l
WP3-f3,O2,364.0458333,0.000015625,mol_l
WP3-f3,O2,419.0125,0.00003125,mol_l
WP3-f3,O2,490.0166667,0.00016875,mol_l
WP3-f3,O2,518.05,0.00026875,mol_l
WP3-f3,O2,574.0229167,0.0004375,mol_l
WP3-f3,O2,618.00625,0.00028125,mol_l
WP3-f3,O2,617.9770833,0.000275,mol_l
WP3-f3,O2,644.0458333,0.000125,mol_l
WP3-f3,O2,700.04375,0.00003125,mol_l
WP3-f3,O2,756.0166667,0.00003125,mol_l
WP3-f3,O2,826.00625,0.0003625,mol_l
WP3-f4,O2,0,0.000015625,mol_l
WP3-f4,O2,2.052083333,0.0000125,mol_l
WP3-f4,O2,6.127083333,0.000015625,mol_l
WP3-f4,O2,10.01458333,0.000015625,mol_l
WP3-f4,O2,14.05208333,0.00005625,mol_l
WP3-f4,O2,21.01875,0.000015625,mol_l
WP3-f4,O2,27.96875,0.000015625,mol_l
WP3-f4,O2,35.02291667,0.000015625,mol_l
WP3-f4,O2,42.04375,0.000015625,mol_l
WP3-f4,O2,57.14791667,0.00010625,mol_l
WP3-f4,O2,70.05,0.0000375,mol_l
WP3-f4,O2,84.02083333,0.00003125,mol_l
WP3-f4,O2,98.04375,0.00005,mol_l
WP3-f4,O2,112.0125,0.000041875,mol_l
WP3-f4,O2,126.0541667,0.000015625,mol_l
WP3-f4,O2,140.0020833,0.000015625,mol_l
WP3-f4,O2,161.0229167,0.000015625,mol_l
WP3-f4,O2,196.0208333,0.000125,mol_l
WP3-f4,O2,224.04375,0.00009375,mol_l
WP3-f4,O2,252.0145833,0.00006875,mol_l
WP3-f4,O2,280.01875,0.00004375,mol_l
WP3-f4,O2,308.0541667,0.000075,mol_l
WP3-f4,O2,336.0416667,0.000015625,mol_l
WP3-f4,O2,364.0145833,0.00003125,mol_l
WP3-f4,O2,419.0083333,0.00003125,mol_l
WP3-f4,O2,490.0125,0.00009375,mol_l
WP3-f4,O2,518.0416667,0.000225,mol_l
WP3-f4,O2,574.01875,0.00043125,mol_l
WP3-f4,O2,644.0416667,0.0003,mol_l
WP3-f4,O2,700.0416667,0.00005,mol_l
WP3-f4,O2,756.0104167,0.000075,mol_l
WP3-f4,O2,826.0083333,0.00041875,mol_l
WP3-f5,O2,0,0.000015625,mol_l
WP3-f5,O2,6.10625,0.000015625,mol_l
WP3-f5,O2,10.01041667,0.000015625,mol_l
WP3-f5,O2,14.04791667,0.0000625,mol_l
WP3-f5,O2,21.01458333,0.000015625,mol_l
WP3-f5,O2,27.96458333,0.000015625,mol_l
WP3-f5,O2,57.13333333,0.0000375,mol_l
WP3-f5,O2,84.01666667,0.00003125,mol_l
WP3-f5,O2,112.0104167,0.000041875,mol_l
WP3-f5,O2,161.01875,0.00003125,mol_l
WP3-f5,O2,280.0145833,0.00003125,mol_l
WP3-f5,O2,336.0229167,0.000015625,mol_l
WP3-f5,O2,455.0229167,0.00003125,mol_l
WP3-f5,O2,518.0229167,0.0000875,mol_l
WP3-f5,O2,574.0166667,0.000275,mol_l
WP3-f5,O2,644.0208333,0.000225,mol_l
WP3-f5,O2,700.0208333,0.00003125,mol_l
WP3-f5,O2,756.00625,0.00003125,mol_l
WP3-f5,O2,826.0125,0.000325,mol_l
WP4-f1,O2,0,0.0000375,mol_l
WP4-f1,O2,517.98125,0.00003125,mol_l
WP4-f1,O2,700,0.00005,mol_l
WP4-f5,O2,0,0.00005625,mol_l
WP4-f5,O2,196.0020833,0.000015625,mol_l
PP1-f1,O2,0,0.000475,mol_l
PP1-f1,O2,112.0979167,0.0001625,mol_l
PP1-f1,O2,161.0895833,0.00019375,mol_l
PP1-f1,O2,518.0958333,0.000175,mol_l
PP1-f2,O2,0,0.000015625,mol_l
PP1-f2,O2,85.14375,0.0000875,mol_l
PP1-f2,O2,98.0875,0.00005625,mol_l
PP1-f2,O2,112.0875,0.00004375,mol_l
PP1-f2,O2,126.0833333,0.000015625,mol_l
PP1-f2,O2,140.0520833,0.000015625,mol_l
PP1-f2,O2,161.0916667,0.000015625,mol_l
PP1-f2,O2,196.0604167,0.00005625,mol_l
PP1-f2,O2,224.0645833,0.0000375,mol_l
PP1-f2,O2,252.0416667,0.0000375,mol_l
PP1-f2,O2,280.0833333,0.00005625,mol_l
PP1-f2,O2,308.0833333,0.0000375,mol_l
PP1-f2,O2,336.0833333,0.000015625,mol_l
PP1-f2,O2,364.0833333,0.00005,mol_l
PP1-f2,O2,455.05,0.00005625,mol_l
PP1-f2,O2,518.0895833,0.000075,mol_l
PP1-f2,O2,609.0104167,0.00004375,mol_l
PP1-f2,O2,618.0583333,0.00003125,mol_l
PP1-f2,O2,618.0916667,0.00003125,mol_l
PP1-f2,O2,700.0854167,0.00005,mol_l
PP1-f2,O2,791.0416667,0.0000375,mol_l
PP1-f3,O2,0,0.000015625,mol_l
PP1-f3,O2,98.06458333,0.00005625,mol_l
PP1-f3,O2,112.0854167,0.0000375,mol_l
PP1-f3,O2,161.0854167,0.000015625,mol_l
PP1-f3,O2,252.0229167,0.000015625,mol_l
PP1-f3,O2,336.0604167,0.000015625,mol_l
PP1-f3,O2,490.05,0.00003125,mol_l
PP1-f3,O2,518.09375,0.00003125,mol_l
PP1-f3,O2,609.00625,0.00003125,mol_l
PP1-f3,O2,618.0541667,0.00003125,mol_l
PP1-f3,O2,618.0833333,0.00003125,mol_l
PP1-f3,O2,700.0645833,0.00003125,mol_l
PP1-f3,O2,791.01875,0.00003125,mol_l
IP2-f1,O2,0,0.0004875,mol_l
IP2-f1,O2,14.02083333,0.00006875,mol_l
IP2-f1,O2,28.05208333,0.000015625,mol_l
IP2-f1,O2,56.04166667,0.000015625,mol_l
IP2-f1,O2,112.00625,0.00003,mol_l
IP2-f1,O2,161.0104167,0.000015625,mol_l
IP2-f1,O2,224.01875,0.000015625,mol_l
IP2-f1,O2,280.0104167,0.00003125,mol_l
IP2-f1,O2,336.0125,0.000015625,mol_l
IP2-f1,O2,455.0145833,0.00003125,mol_l
IP2-f1,O2,518.0208333,0.00003125,mol_l
IP2-f1,O2,700.0145833,0.00003125,mol_l
IP2-f5,O2,0,0.000015625,mol_l
IP2-f5,O2,455.0125,0.00045,mol_l
PP1,O2,1.00625,0.00005625,mol_l
PP1,O2,28.09166667,0.000015625,mol_l
PP1,O2,85.14791667,0.0000875,mol_l
PP1,O2,98.09166667,0.00005625,mol_l
PP1,O2,112.0916667,0.000015625,mol_l
PP1,O2,126.0875,0.000015625,mol_l
PP1,O2,140.05625,0.000015625,mol_l
PP1,O2,161.0979167,0.000015625,mol_l
PP1,O2,196.0645833,0.00003125,mol_l
PP1,O2,224.0854167,0.000015625,mol_l
PP1,O2,252.0479167,0.000015625,mol_l
PP1,O2,280.0854167,0.00005625,mol_l
PP1,O2,308.0875,0.000015625,mol_l
PP1,O2,336.0895833,0.000015625,mol_l
PP1,O2,364.0854167,0.00004375,mol_l
PP1,O2,419.0583333,0.00003125,mol_l
PP1,O2,490.0541667,0.00003125,mol_l
PP1,O2,518.0979167,0.00003125,mol_l
PP1,O2,574.0541667,0.00003125,mol_l
PP1,O2,644.0916667,0.00003125,mol_l
PP1,O2,700.0875,0.0000375,mol_l
PP1,O2,756.0479167,0.00003125,mol_l
PP1,O2,826.0520833,0.00003125,mol_l
influent,O2,2.095833333,0.00051875,mol_l
influent,O2,6.047916667,0.0005,mol_l
influent,O2,10.06458333,0.00050625,mol_l
influent,O2,14.13125,0.00045625,mol_l
influent,O2,21.0625,0.00045625,mol_l
influent,O2,28.0625,0.0004625,mol_l
influent,O2,35.08333333,0.00044375,mol_l
influent,O2,42.06458333,0.00044375,mol_l
influent,O2,56.06458333,0.0005,mol_l
influent,O2,70.09583333,0.00053125,mol_l
influent,O2,85.16666667,0.00051875,mol_l
influent,O2,98.09791667,0.00055,mol_l
influent,O2,112.0958333,0.00056875,mol_l
influent,O2,126.0958333,0.0006,mol_l
influent,O2,140.0583333,0.00070625,mol_l
influent,O2,161.1,0.0007125,mol_l
influent,O2,196.0854167,0.0008125,mol_l
influent,O2,224.0875,0.00064375,mol_l
influent,O2,252.0583333,0.00060625,mol_l
influent,O2,280.0979167,0.0006375,mol_l
influent,O2,308.0916667,0.00056875,mol_l
influent,O2,336.09375,0.000425,mol_l
influent,O2,364.0916667,0.0004875,mol_l
influent,O2,392.0520833,0.00036875,mol_l
influent,O2,419.9354167,0.00035,mol_l
influent,O2,455,0.00049375,mol_l
influent,O2,490.0604167,0.000575,mol_l
influent,O2,518.1,0.00064375,mol_l
influent,O2,546.0479167,0.00065,mol_l
influent,O2,574.0583333,0.00075,mol_l
influent,O2,609.01875,0.00061875,mol_l
influent,O2,644.0958333,0.000625,mol_l
influent,O2,672.0229167,0.0003875,mol_l
influent,O2,700.1020833,0.00038125,mol_l
influent,O2,728.01875,0.0005125,mol_l
influent,O2,756.0458333,0.00051875,mol_l
influent,O2,791.05,0.000525,mol_l
influent,O2,826.05625,0.00065,mol_l
influent,O2,854.0166667,0.00068125,mol_l
WP1-f1,NO3,0,4.03226E-06,mol_l
WP1-f1,NO3,112.0520833,4.03226E-06,mol_l
WP1-f1,NO3,140.0145833,4.03226E-06,mol_l
WP1-f1,NO3,196.0541667,4.03226E-06,mol_l
WP1-f1,NO3,280.0625,4.03226E-06,mol_l
WP1-f1,NO3,364.0604167,4.03226E-06,mol_l
WP1-f1,NO3,518.0541667,0,mol_l
WP1-f1,NO3,700.05625,0,mol_l
WP1-f2,NO3,0,4.03226E-06,mol_l
WP1-f2,NO3,112.05,1.12903E-05,mol_l
WP1-f2,NO3,126.0625,4.03226E-06,mol_l
WP1-f2,NO3,140.0208333,4.03226E-06,mol_l
WP1-f2,NO3,196.05625,9.67742E-06,mol_l
WP1-f2,NO3,252.0104167,4.03226E-06,mol_l
WP1-f2,NO3,336.05625,4.03226E-06,mol_l
WP1-f2,NO3,455.0458333,0,mol_l
WP1-f2,NO3,518.0583333,0,mol_l
WP1-f2,NO3,574.0479167,0,mol_l
WP1-f2,NO3,618.0166667,0,mol_l
WP1-f2,NO3,644.0875,0,mol_l
WP1-f2,NO3,700.0625,0,mol_l
WP1-f2,NO3,756.0416667,0,mol_l
WP1-f2,NO3,826.0208333,0,mol_l
WP1-f3,NO3,0,4.03226E-06,mol_l
WP1-f3,NO3,6.141666667,4.03226E-06,mol_l
WP1-f3,NO3,10.05416667,4.03226E-06,mol_l
WP1-f3,NO3,14.12708333,4.03226E-06,mol_l
WP1-f3,NO3,21.05625,4.03226E-06,mol_l
WP1-f3,NO3,28.00833333,4.03226E-06,mol_l
WP1-f3,NO3,35.05625,2.41935E-05,mol_l
WP1-f3,NO3,42.06041667,2.74194E-05,mol_l
WP1-f3,NO3,57.125,4.03226E-05,mol_l
WP1-f3,NO3,70.0875,9.67742E-05,mol_l
WP1-f3,NO3,85.13333333,7.58065E-05,mol_l
WP1-f3,NO3,98.05833333,4.67742E-05,mol_l
WP1-f3,NO3,112.0479167,8.87097E-05,mol_l
WP1-f3,NO3,140.0166667,0.000120968,mol_l
WP1-f3,NO3,196.0520833,0.000125806,mol_l
WP1-f3,NO3,252.00625,0.000258065,mol_l
WP1-f3,NO3,308.0625,0.000225806,mol_l
WP1-f3,NO3,364.0583333,3.3871E-05,mol_l
WP1-f3,NO3,419.0458333,0,mol_l
WP1-f3,NO3,490.04375,0,mol_l
WP1-f3,NO3,518.0604167,5.32258E-05,mol_l
WP1-f3,NO3,609,0.000306452,mol_l
WP1-f3,NO3,700.0583333,0.000290323,mol_l
WP1-f3,NO3,791.0104167,0.000137097,mol_l
WP1-f4,NO3,0,4.03226E-06,mol_l
WP1-f4,NO3,28.00625,4.03226E-06,mol_l
WP1-f4,NO3,35.05208333,4.03226E-06,mol_l
WP1-f4,NO3,42.05625,1.6129E-05,mol_l
WP1-f4,NO3,56.05,1.6129E-05,mol_l
WP1-f4,NO3,70.0625,4.03226E-06,mol_l
WP1-f4,NO3,84.06458333,1.45161E-05,mol_l
WP1-f4,NO3,98.05416667,8.06452E-06,mol_l
WP1-f4,NO3,112.04375,9.67742E-06,mol_l
WP1-f4,NO3,126.0604167,2.09677E-05,mol_l
WP1-f4,NO3,140.0104167,2.74194E-05,mol_l
WP1-f4,NO3,161.0645833,9.67742E-05,mol_l
WP1-f4,NO3,196.0479167,5.64516E-05,mol_l
WP1-f4,NO3,224.0604167,0.000185484,mol_l
WP1-f4,NO3,252.0041667,0.000209677,mol_l
WP1-f4,NO3,280.0604167,0.000258065,mol_l
WP1-f4,NO3,308.0604167,0.000258065,mol_l
WP1-f4,NO3,336.0520833,0.000120968,mol_l
WP1-f4,NO3,364.05625,4.03226E-06,mol_l
WP1-f4,NO3,419.0416667,0,mol_l
WP1-f4,NO3,490.0229167,0,mol_l
WP1-f4,NO3,518.0833333,0,mol_l
WP1-f4,NO3,574.0458333,6.77419E-05,mol_l
WP1-f4,NO3,644.0833333,6.45161E-05,mol_l
WP1-f4,NO3,700.0541667,0,mol_l
WP1-f4,NO3,756.0229167,0,mol_l
WP1-f4,NO3,826.0166667,0,mol_l
WP1-f5,NO3,0,4.03226E-06,mol_l
WP1-f5,NO3,112.0416667,4.03226E-06,mol_l
WP1-f5,NO3,140.0083333,4.03226E-06,mol_l
WP1-f5,NO3,196.0458333,4.03226E-06,mol_l
WP1-f5,NO3,280.05625,4.03226E-06,mol_l
WP1-f5,NO3,364.05,4.03226E-06,mol_l
WP1-f5,NO3,518.0875,0,mol_l
WP1-f5,NO3,618.0125,0,mol_l
WP1-f5,NO3,618.0416667,0,mol_l
WP1-f5,NO3,700.0520833,0,mol_l
WP2-f1,NO3,0,4.03226E-06,mol_l
WP2-f1,NO3,70.02083333,4.03226E-06,mol_l
WP2-f1,NO3,126.04375,4.03226E-06,mol_l
WP2-f1,NO3,196,9.67742E-06,mol_l
WP2-f1,NO3,308.0208333,4.03226E-06,mol_l
WP2-f1,NO3,490.0083333,0,mol_l
WP2-f1,NO3,517.9770833,0,mol_l
WP2-f1,NO3,699.975,0,mol_l
WP2-f2,NO3,0,4.03226E-06,mol_l
WP2-f2,NO3,28.04583333,0.000193548,mol_l
WP2-f2,NO3,42.0125,0.000185484,mol_l
WP2-f2,NO3,70.01875,7.09677E-05,mol_l
WP2-f2,NO3,98.02083333,8.06452E-05,mol_l
WP2-f2,NO3,126.0958333,7.90323E-05,mol_l
WP2-f2,NO3,196.0166667,0.000217742,mol_l
WP2-f2,NO3,308.01875,8.87097E-05,mol_l
WP2-f2,NO3,455.0083333,2.25806E-05,mol_l
WP2-f2,NO3,518.00625,0.000153226,mol_l
WP2-f2,NO3,574.0104167,0.000233871,mol_l
WP2-f2,NO3,644.0125,0.000185484,mol_l
WP2-f2,NO3,700.0125,4.67742E-05,mol_l
WP2-f2,NO3,756.0020833,6.77419E-05,mol_l
WP2-f2,NO3,826,0.000169355,mol_l
WP2-f3,NO3,0,4.03226E-06,mol_l
WP2-f3,NO3,6.089583333,0.000169355,mol_l
WP2-f3,NO3,14.01041667,0.000233871,mol_l
WP2-f3,NO3,20.97708333,0.000201613,mol_l
WP2-f3,NO3,28.04166667,0.000209677,mol_l
WP2-f3,NO3,56.02083333,0.000241935,mol_l
WP2-f3,NO3,84.00416667,0.000225806,mol_l
WP2-f3,NO3,111.98125,0.00025,mol_l
WP2-f3,NO3,161.0020833,0.000435484,mol_l
WP2-f3,NO3,224.0166667,0.000451613,mol_l
WP2-f3,NO3,280.00625,0.000362903,mol_l
WP2-f3,NO3,336.0083333,0.000306452,mol_l
WP2-f3,NO3,419.0208333,0.000177419,mol_l
WP2-f3,NO3,490.00625,0.000322581,mol_l
WP2-f3,NO3,518.0083333,0.000346774,mol_l
WP2-f3,NO3,608.98125,0.000419355,mol_l
WP2-f3,NO3,700.0083333,0.000314516,mol_l
WP2-f3,NO3,791.0458333,0.000274194,mol_l
WP2-f4,NO3,0,4.03226E-06,mol_l
WP2-f4,NO3,6.083333333,4.03226E-06,mol_l
WP2-f4,NO3,9.979166667,0.000129032,mol_l
WP2-f4,NO3,14.00416667,0.000209677,mol_l
WP2-f4,NO3,20.97291667,0.000169355,mol_l
WP2-f4,NO3,28.01875,0.000112903,mol_l
WP2-f4,NO3,35.01041667,0.000169355,mol_l
WP2-f4,NO3,42.00625,0.00016129,mol_l
WP2-f4,NO3,56.01666667,0.000217742,mol_l
WP2-f4,NO3,70.01041667,0.000209677,mol_l
WP2-f4,NO3,84,0.000201613,mol_l
WP2-f4,NO3,98.01666667,0.000225806,mol_l
WP2-f4,NO3,112,0.000217742,mol_l
WP2-f4,NO3,126.0479167,0.000217742,mol_l
WP2-f4,NO3,139.9791667,0.000266129,mol_l
WP2-f4,NO3,161.00625,0.000395161,mol_l
WP2-f4,NO3,196.0125,0.000306452,mol_l
WP2-f4,NO3,224.0145833,0.000387097,mol_l
WP2-f4,NO3,252,0.000379032,mol_l
WP2-f4,NO3,280.0020833,0.000306452,mol_l
WP2-f4,NO3,308.0166667,0.00025,mol_l
WP2-f4,NO3,336.00625,0.000169355,mol_l
WP2-f4,NO3,364.00625,0.000129032,mol_l
WP2-f4,NO3,419.0166667,5.64516E-05,mol_l
WP2-f4,NO3,490.0041667,0.000290323,mol_l
WP2-f4,NO3,518.0125,0.000314516,mol_l
WP2-f4,NO3,574.0083333,0.000395161,mol_l
WP2-f4,NO3,644.0166667,0.000379032,mol_l
WP2-f4,NO3,700.0979167,0.000298387,mol_l
WP2-f4,NO3,756,0.000290323,mol_l
WP2-f4,NO3,825.9791667,0.000354839,mol_l
WP2-f5,NO3,0,4.03226E-06,mol_l
WP2-f5,NO3,28.01458333,4.03226E-06,mol_l
WP2-f5,NO3,42.00208333,1.93548E-05,mol_l
WP2-f5,NO3,70.00625,4.03226E-06,mol_l
WP2-f5,NO3,98.0125,4.03226E-06,mol_l
WP2-f5,NO3,126.0416667,4.03226E-06,mol_l
WP2-f5,NO3,196.0104167,1.45161E-05,mol_l
WP2-f5,NO3,308.0125,4.03226E-06,mol_l
WP2-f5,NO3,455.00625,1.77419E-05,mol_l
WP2-f5,NO3,518.0166667,0,mol_l
WP2-f5,NO3,609,0,mol_l
WP2-f5,NO3,700.0041667,0,mol_l
WP2-f5,NO3,791.0041667,0,mol_l
WP3-f1,NO3,0,4.03226E-06,mol_l
WP3-f1,NO3,10.04583333,4.03226E-06,mol_l
WP3-f1,NO3,14.10625,4.03226E-06,mol_l
WP3-f1,NO3,21.05208333,4.03226E-06,mol_l
WP3-f1,NO3,27.98125,4.03226E-06,mol_l
WP3-f1,NO3,57.125,4.03226E-06,mol_l
WP3-f1,NO3,84.04583333,4.03226E-06,mol_l
WP3-f1,NO3,112.0145833,4.03226E-06,mol_l
WP3-f1,NO3,161.0125,3.22581E-05,mol_l
WP3-f1,NO3,224.0416667,1.29032E-05,mol_l
WP3-f1,NO3,280.0125,4.03226E-06,mol_l
WP3-f1,NO3,336.01875,4.03226E-06,mol_l
WP3-f1,NO3,455.0166667,0,mol_l
WP3-f1,NO3,518.01875,0,mol_l
WP3-f1,NO3,700.0166667,0,mol_l
WP3-f2,NO3,0,4.03226E-06,mol_l
WP3-f2,NO3,2.064583333,4.03226E-06,mol_l
WP3-f2,NO3,6.135416667,0.000193548,mol_l
WP3-f2,NO3,10.04375,0.000233871,mol_l
WP3-f2,NO3,14.10416667,0.000217742,mol_l
WP3-f2,NO3,21.04583333,0.000209677,mol_l
WP3-f2,NO3,27.97916667,0.000225806,mol_l
WP3-f2,NO3,57.14375,0.000137097,mol_l
WP3-f2,NO3,84.04375,0.000145161,mol_l
WP3-f2,NO3,112.01875,0.000153226,mol_l
WP3-f2,NO3,161.0583333,0.000330645,mol_l
WP3-f2,NO3,224.0520833,0.000370968,mol_l
WP3-f2,NO3,280.0520833,0.000330645,mol_l
WP3-f2,NO3,336.0479167,0.00016129,mol_l
WP3-f2,NO3,455.0416667,0.000233871,mol_l
WP3-f2,NO3,518.0520833,0.000298387,mol_l
WP3-f2,NO3,574.0416667,0.00033871,mol_l
WP3-f2,NO3,644.05,0.000322581,mol_l
WP3-f2,NO3,700.0479167,0.000177419,mol_l
WP3-f2,NO3,756.0125,0.000209677,mol_l
WP3-f2,NO3,826.0041667,0.000330645,mol_l
WP3-f3,NO3,0,4.03226E-06,mol_l
WP3-f3,NO3,2.058333333,4.03226E-06,mol_l
WP3-f3,NO3,6.13125,0.000233871,mol_l
WP3-f3,NO3,10.02291667,0.00025,mol_l
WP3-f3,NO3,14.1,0.000225806,mol_l
WP3-f3,NO3,21.02291667,0.000209677,mol_l
WP3-f3,NO3,27.97291667,0.000241935,mol_l
WP3-f3,NO3,35.04583333,0.000233871,mol_l
WP3-f3,NO3,42.04791667,0.000225806,mol_l
WP3-f3,NO3,57.1375,0.000225806,mol_l
WP3-f3,NO3,70.05416667,0.000217742,mol_l
WP3-f3,NO3,84.02291667,0.000274194,mol_l
WP3-f3,NO3,98.04791667,0.000322581,mol_l
WP3-f3,NO3,112.0166667,0.000290323,mol_l
WP3-f3,NO3,126.05625,0.000274194,mol_l
WP3-f3,NO3,140.0041667,0.000330645,mol_l
WP3-f3,NO3,161.04375,0.000395161,mol_l
WP3-f3,NO3,196.0229167,0.00033871,mol_l
WP3-f3,NO3,224.0479167,0.00033871,mol_l
WP3-f3,NO3,252.0166667,0.000395161,mol_l
WP3-f3,NO3,280.0229167,0.000241935,mol_l
WP3-f3,NO3,308.05625,0.000306452,mol_l
WP3-f3,NO3,336.0458333,0.000298387,mol_l
WP3-f3,NO3,364.0458333,0.000314516,mol_l
WP3-f3,NO3,419.0125,0.000185484,mol_l
WP3-f3,NO3,490.0166667,0.000322581,mol_l
WP3-f3,NO3,518.05,0.000362903,mol_l
WP3-f3,NO3,574.0229167,0.000395161,mol_l
WP3-f3,NO3,618.00625,0.000451613,mol_l
WP3-f3,NO3,617.9770833,0.000435484,mol_l
WP3-f3,NO3,644.0458333,0.000419355,mol_l
WP3-f3,NO3,700.04375,0.000314516,mol_l
WP3-f3,NO3,756.0166667,0.000314516,mol_l
WP3-f3,NO3,826.00625,0.000403226,mol_l
WP3-f4,NO3,0,4.03226E-06,mol_l
WP3-f4,NO3,2.052083333,4.03226E-06,mol_l
WP3-f4,NO3,6.127083333,0.000201613,mol_l
WP3-f4,NO3,10.01458333,0.000233871,mol_l
WP3-f4,NO3,14.05208333,0.000193548,mol_l
WP3-f4,NO3,21.01875,0.000169355,mol_l
WP3-f4,NO3,27.96875,0.000209677,mol_l
WP3-f4,NO3,35.02291667,0.000217742,mol_l
WP3-f4,NO3,42.04375,0.000225806,mol_l
WP3-f4,NO3,57.14791667,0.000217742,mol_l
WP3-f4,NO3,70.05,0.000201613,mol_l
WP3-f4,NO3,84.02083333,0.000241935,mol_l
WP3-f4,NO3,98.04375,0.000274194,mol_l
WP3-f4,NO3,112.0125,0.00025,mol_l
WP3-f4,NO3,126.0541667,0.000241935,mol_l
WP3-f4,NO3,140.0020833,0.000314516,mol_l
WP3-f4,NO3,161.0229167,0.000387097,mol_l
WP3-f4,NO3,196.0208333,0.000330645,mol_l
WP3-f4,NO3,224.04375,0.000419355,mol_l
WP3-f4,NO3,252.0145833,0.000387097,mol_l
WP3-f4,NO3,280.01875,0.00033871,mol_l
WP3-f4,NO3,308.0541667,0.000306452,mol_l
WP3-f4,NO3,336.0416667,0.000306452,mol_l
WP3-f4,NO3,364.0145833,0.000306452,mol_l
WP3-f4,NO3,419.0083333,0.000153226,mol_l
WP3-f4,NO3,490.0125,0.000322581,mol_l
WP3-f4,NO3,518.0416667,0.000354839,mol_l
WP3-f4,NO3,574.01875,0.000387097,mol_l
WP3-f4,NO3,644.0416667,0.000403226,mol_l
WP3-f4,NO3,700.0416667,0.000322581,mol_l
WP3-f4,NO3,756.0104167,0.000306452,mol_l
WP3-f4,NO3,826.0083333,0.000403226,mol_l
WP3-f5,NO3,0,4.03226E-06,mol_l
WP3-f5,NO3,6.10625,0.000185484,mol_l
WP3-f5,NO3,10.01041667,0.000201613,mol_l
WP3-f5,NO3,14.04791667,0.000169355,mol_l
WP3-f5,NO3,21.01458333,0.000145161,mol_l
WP3-f5,NO3,27.96458333,0.000177419,mol_l
WP3-f5,NO3,57.13333333,0.00016129,mol_l
WP3-f5,NO3,84.01666667,0.000193548,mol_l
WP3-f5,NO3,112.0104167,0.000201613,mol_l
WP3-f5,NO3,161.01875,0.000306452,mol_l
WP3-f5,NO3,280.0145833,0.000306452,mol_l
WP3-f5,NO3,336.0229167,0.000266129,mol_l
WP3-f5,NO3,455.0229167,0.000193548,mol_l
WP3-f5,NO3,518.0229167,0.00033871,mol_l
WP3-f5,NO3,574.0166667,0.000379032,mol_l
WP3-f5,NO3,644.0208333,0.000387097,mol_l
WP3-f5,NO3,700.0208333,0.000258065,mol_l
WP3-f5,NO3,756.00625,0.000282258,mol_l
WP3-f5,NO3,826.0125,0.000362903,mol_l
WP4-f1,NO3,0,4.03226E-06,mol_l
WP4-f1,NO3,517.98125,0,mol_l
WP4-f1,NO3,700,0,mol_l
WP4-f5,NO3,0,4.03226E-06,mol_l
WP4-f5,NO3,196.0020833,0.000130645,mol_l
PP1-f1,NO3,0,4.03226E-06,mol_l
PP1-f1,NO3,112.0979167,4.03226E-06,mol_l
PP1-f1,NO3,161.0895833,4.03226E-06,mol_l
PP1-f1,NO3,252.04375,4.03226E-06,mol_l
PP1-f1,NO3,336.0645833,4.03226E-06,mol_l
PP1-f1,NO3,490.0833333,0,mol_l
PP1-f1,NO3,518.0958333,0,mol_l
PP1-f1,NO3,609.0125,0,mol_l
PP1-f1,NO3,700.1,0,mol_l
PP1-f1,NO3,791.0145833,0,mol_l
PP1-f2,NO3,0,4.03226E-06,mol_l
PP1-f2,NO3,85.14375,4.03226E-06,mol_l
PP1-f2,NO3,98.0875,4.03226E-06,mol_l
PP1-f2,NO3,112.0875,4.03226E-06,mol_l
PP1-f2,NO3,126.0833333,4.03226E-06,mol_l
PP1-f2,NO3,140.0520833,4.03226E-06,mol_l
PP1-f2,NO3,161.0916667,4.03226E-06,mol_l
PP1-f2,NO3,196.0604167,4.03226E-06,mol_l
PP1-f2,NO3,224.0645833,2.09677E-05,mol_l
PP1-f2,NO3,252.0416667,4.03226E-06,mol_l
PP1-f2,NO3,280.0833333,4.03226E-06,mol_l
PP1-f2,NO3,308.0833333,4.03226E-06,mol_l
PP1-f2,NO3,336.0833333,4.03226E-06,mol_l
PP1-f2,NO3,364.0833333,4.03226E-06,mol_l
PP1-f2,NO3,455.05,0,mol_l
PP1-f2,NO3,518.0895833,0,mol_l
PP1-f2,NO3,609.0104167,0,mol_l
PP1-f2,NO3,618.0583333,0,mol_l
PP1-f2,NO3,618.0916667,0,mol_l
PP1-f2,NO3,700.0854167,0,mol_l
PP1-f2,NO3,791.0416667,0,mol_l
PP1-f3,NO3,0,4.03226E-06,mol_l
PP1-f3,NO3,98.06458333,4.03226E-06,mol_l
PP1-f3,NO3,112.0854167,4.03226E-06,mol_l
PP1-f3,NO3,161.0854167,4.03226E-06,mol_l
PP1-f3,NO3,252.0229167,4.03226E-06,mol_l
PP1-f3,NO3,336.0604167,4.03226E-05,mol_l
PP1-f3,NO3,490.05,0,mol_l
PP1-f3,NO3,518.09375,0,mol_l
PP1-f3,NO3,609.00625,0,mol_l
PP1-f3,NO3,618.0541667,0,mol_l
PP1-f3,NO3,618.0833333,0,mol_l
PP1-f3,NO3,700.0645833,0,mol_l
PP1-f3,NO3,791.01875,0,mol_l
IP2-f1,NO3,0,4.03226E-06,mol_l
IP2-f1,NO3,14.02083333,4.03226E-06,mol_l
IP2-f1,NO3,28.05208333,4.03226E-06,mol_l
IP2-f1,NO3,56.04166667,4.03226E-06,mol_l
IP2-f1,NO3,112.00625,4.03226E-06,mol_l
IP2-f1,NO3,161.0104167,4.51613E-05,mol_l
IP2-f1,NO3,224.01875,2.41935E-05,mol_l
IP2-f1,NO3,280.0104167,4.03226E-06,mol_l
IP2-f1,NO3,336.0125,4.03226E-06,mol_l
IP2-f1,NO3,455.0145833,0,mol_l
IP2-f1,NO3,518.0208333,0,mol_l
IP2-f1,NO3,700.0145833,0,mol_l
IP2-f5,NO3,0,4.03226E-06,mol_l
IP2-f5,NO3,455.0125,0.000233871,mol_l
PP1,NO3,1.00625,4.03226E-06,mol_l
PP1,NO3,28.09166667,4.03226E-06,mol_l
PP1,NO3,85.14791667,4.03226E-06,mol_l
PP1,NO3,98.09166667,4.03226E-06,mol_l
PP1,NO3,112.0916667,4.03226E-06,mol_l
PP1,NO3,126.0875,4.03226E-06,mol_l
PP1,NO3,140.05625,4.03226E-06,mol_l
PP1,NO3,161.0979167,4.03226E-06,mol_l
PP1,NO3,196.0645833,4.03226E-06,mol_l
PP1,NO3,224.0854167,4.03226E-06,mol_l
PP1,NO3,252.0479167,4.03226E-06,mol_l
PP1,NO3,280.0854167,4.03226E-06,mol_l
PP1,NO3,308.0875,4.03226E-06,mol_l
PP1,NO3,336.0895833,4.03226E-06,mol_l
PP1,NO3,364.0854167,4.03226E-06,mol_l
PP1,NO3,419.0583333,0,mol_l
PP1,NO3,490.0541667,0,mol_l
PP1,NO3,518.0979167,0,mol_l
PP1,NO3,574.0541667,0,mol_l
PP1,NO3,644.0916667,0,mol_l
PP1,NO3,700.0875,0,mol_l
PP1,NO3,756.0479167,0,mol_l
PP1,NO3,826.0520833,0,mol_l
influent,NO3,2.095833333,0.000266129,mol_l
influent,NO3,6.047916667,0.000241935,mol_l
influent,NO3,10.06458333,0.000241935,mol_l
influent,NO3,14.13125,0.00025,mol_l
influent,NO3,21.0625,0.000241935,mol_l
influent,NO3,28.0625,0.000258065,mol_l
influent,NO3,35.08333333,0.00025,mol_l
influent,NO3,42.06458333,0.000298387,mol_l
influent,NO3,56.06458333,0.000241935,mol_l
influent,NO3,70.09583333,0.000266129,mol_l
influent,NO3,85.16666667,0.000282258,mol_l
influent,NO3,98.09791667,0.00033871,mol_l
influent,NO3,112.0958333,0.000330645,mol_l
influent,NO3,126.0958333,0.000330645,mol_l
influent,NO3,140.0583333,0.000403226,mol_l
influent,NO3,161.1,0.000403226,mol_l
influent,NO3,196.0854167,0.000354839,mol_l
influent,NO3,224.0875,0.000467742,mol_l
influent,NO3,252.0583333,0.000403226,mol_l
influent,NO3,280.0979167,0.000322581,mol_l
influent,NO3,308.0916667,0.000322581,mol_l
influent,NO3,336.09375,0.000314516,mol_l
influent,NO3,364.0916667,0.000298387,mol_l
influent,NO3,392.0520833,0.000241935,mol_l
influent,NO3,419.9354167,0.000241935,mol_l
influent,NO3,455,0.00025,mol_l
influent,NO3,490.0604167,0.000362903,mol_l
influent,NO3,518.1,0.000387097,mol_l
influent,NO3,546.0479167,0.000451613,mol_l
influent,NO3,574.0583333,0.000403226,mol_l
influent,NO3,609.01875,0.000548387,mol_l
influent,NO3,644.0958333,0.000419355,mol_l
influent,NO3,672.0229167,0.000354839,mol_l
influent,NO3,700.1020833,0.000314516,mol_l
influent,NO3,728.01875,0.000330645,mol_l
influent,NO3,756.0458333,0.000346774,mol_l
influent,NO3,791.05,0.000346774,mol_l
influent,NO3,826.05625,0.000435484,mol_l
influent,NO3,854.0166667,0.000379032,mol_l
WP1-f1,SO4,0,8.33333E-05,mol_l
WP1-f1,SO4,112.0520833,2.60417E-05,mol_l
WP1-f1,SO4,140.0145833,2.60417E-05,mol_l
WP1-f1,SO4,196.0541667,2.60417E-05,mol_l
WP1-f1,SO4,280.0625,2.60417E-05,mol_l
WP1-f1,SO4,364.0604167,2.60417E-05,mol_l
WP1-f1,SO4,518.0541667,0,mol_l
WP1-f1,SO4,700.05625,0,mol_l
WP1-f2,SO4,0,0.0000625,mol_l
WP1-f2,SO4,112.05,0.00090625,mol_l
WP1-f2,SO4,126.0625,0.000916667,mol_l
WP1-f2,SO4,140.0208333,0.0009375,mol_l
WP1-f2,SO4,196.05625,0.000916667,mol_l
WP1-f2,SO4,252.0104167,0.000927083,mol_l
WP1-f2,SO4,336.05625,0.000864583,mol_l
WP1-f2,SO4,455.0458333,0.000791667,mol_l
WP1-f2,SO4,518.0583333,0.00109375,mol_l
WP1-f2,SO4,574.0479167,0.000979167,mol_l
WP1-f2,SO4,618.0166667,0.000854167,mol_l
WP1-f2,SO4,644.0875,0.000958333,mol_l
WP1-f2,SO4,700.0625,0.000864583,mol_l
WP1-f2,SO4,756.0416667,0.0008125,mol_l
WP1-f2,SO4,826.0208333,0.0009375,mol_l
WP1-f3,SO4,0,2.60417E-05,mol_l
WP1-f3,SO4,6.141666667,2.60417E-05,mol_l
WP1-f3,SO4,10.05416667,2.60417E-05,mol_l
WP1-f3,SO4,14.12708333,2.60417E-05,mol_l
WP1-f3,SO4,21.05625,2.60417E-05,mol_l
WP1-f3,SO4,28.00833333,2.60417E-05,mol_l
WP1-f3,SO4,35.05625,0.00025,mol_l
WP1-f3,SO4,42.06041667,0.00025,mol_l
WP1-f3,SO4,57.125,0.000520833,mol_l
WP1-f3,SO4,70.0875,0.000916667,mol_l
WP1-f3,SO4,85.13333333,0.000916667,mol_l
WP1-f3,SO4,98.05833333,0.000927083,mol_l
WP1-f3,SO4,112.0479167,0.000885417,mol_l
WP1-f3,SO4,140.0166667,0.00084375,mol_l
WP1-f3,SO4,196.0520833,0.0008125,mol_l
WP1-f3,SO4,252.00625,0.000760417,mol_l
WP1-f3,SO4,308.0625,0.0006875,mol_l
WP1-f3,SO4,364.0583333,0.000802083,mol_l
WP1-f3,SO4,419.0458333,0.000760417,mol_l
WP1-f3,SO4,490.04375,0.0009375,mol_l
WP1-f3,SO4,518.0604167,0.001,mol_l
WP1-f3,SO4,609,0.000645833,mol_l
WP1-f3,SO4,700.0583333,0.000635417,mol_l
WP1-f3,SO4,791.0104167,0.00078125,mol_l
WP1-f4,SO4,0,7.29167E-05,mol_l
WP1-f4,SO4,28.00625,5.20833E-05,mol_l
WP1-f4,SO4,35.05208333,5.20833E-05,mol_l
WP1-f4,SO4,42.05625,2.60417E-05,mol_l
WP1-f4,SO4,56.05,0.000625,mol_l
WP1-f4,SO4,70.0625,0.000885417,mol_l
WP1-f4,SO4,84.06458333,0.000947917,mol_l
WP1-f4,SO4,98.05416667,0.000927083,mol_l
WP1-f4,SO4,112.04375,0.000802083,mol_l
WP1-f4,SO4,126.0604167,0.00078125,mol_l
WP1-f4,SO4,140.0104167,0.000760417,mol_l
WP1-f4,SO4,161.0645833,0.000802083,mol_l
WP1-f4,SO4,196.0479167,0.0006875,mol_l
WP1-f4,SO4,224.0604167,0.000614583,mol_l
WP1-f4,SO4,252.0041667,0.000645833,mol_l
WP1-f4,SO4,280.0604167,0.000708333,mol_l
WP1-f4,SO4,308.0604167,0.000625,mol_l
WP1-f4,SO4,336.0520833,0.000729167,mol_l
WP1-f4,SO4,364.05625,0.000791667,mol_l
WP1-f4,SO4,419.0416667,0.00075,mol_l
WP1-f4,SO4,490.0229167,0.000958333,mol_l
WP1-f4,SO4,518.0833333,0.001020833,mol_l
WP1-f4,SO4,574.0458333,0.000875,mol_l
WP1-f4,SO4,644.0833333,0.000822917,mol_l
WP1-f4,SO4,700.0541667,0.0008125,mol_l
WP1-f4,SO4,756.0229167,0.000770833,mol_l
WP1-f4,SO4,826.0166667,0.000895833,mol_l
WP1-f5,SO4,0,0.0000625,mol_l
WP1-f5,SO4,112.0416667,0.0000625,mol_l
WP1-f5,SO4,140.0083333,2.60417E-05,mol_l
WP1-f5,SO4,196.0458333,5.20833E-05,mol_l
WP1-f5,SO4,280.05625,2.60417E-05,mol_l
WP1-f5,SO4,364.05,7.29167E-05,mol_l
WP1-f5,SO4,518.0875,0.000135417,mol_l
WP1-f5,SO4,618.0125,0.00009375,mol_l
WP1-f5,SO4,618.0416667,0.00009375,mol_l
WP1-f5,SO4,700.0520833,0.000177083,mol_l
WP2-f1,SO4,0,8.33333E-05,mol_l
WP2-f1,SO4,70.02083333,5.20833E-05,mol_l
WP2-f1,SO4,126.04375,0.0000625,mol_l
WP2-f1,SO4,196,7.29167E-05,mol_l
WP2-f1,SO4,308.0208333,0.0000625,mol_l
WP2-f1,SO4,490.0083333,8.33333E-05,mol_l
WP2-f1,SO4,517.9770833,0.0000625,mol_l
WP2-f1,SO4,699.975,0,mol_l
WP2-f2,SO4,0,7.29167E-05,mol_l
WP2-f2,SO4,28.04583333,0.00096875,mol_l
WP2-f2,SO4,42.0125,0.001,mol_l
WP2-f2,SO4,70.01875,0.000895833,mol_l
WP2-f2,SO4,98.02083333,0.000947917,mol_l
WP2-f2,SO4,126.0958333,0.00090625,mol_l
WP2-f2,SO4,196.0166667,0.000739583,mol_l
WP2-f2,SO4,308.01875,0.00078125,mol_l
WP2-f2,SO4,455.0083333,0.001020833,mol_l
WP2-f2,SO4,518.00625,0.0009375,mol_l
WP2-f2,SO4,574.0104167,0.000697917,mol_l
WP2-f2,SO4,644.0125,0.000770833,mol_l
WP2-f2,SO4,700.0125,0.000708333,mol_l
WP2-f2,SO4,756.0020833,0.0008125,mol_l
WP2-f2,SO4,826,0.000760417,mol_l
WP2-f3,SO4,0,0.000104167,mol_l
WP2-f3,SO4,2.041666667,2.60417E-05,mol_l
WP2-f3,SO4,6.089583333,0.000583333,mol_l
WP2-f3,SO4,14.01041667,0.000958333,mol_l
WP2-f3,SO4,20.97708333,0.0009375,mol_l
WP2-f3,SO4,28.04166667,0.001,mol_l
WP2-f3,SO4,56.02083333,0.001,mol_l
WP2-f3,SO4,84.00416667,0.000864583,mol_l
WP2-f3,SO4,111.98125,0.00084375,mol_l
WP2-f3,SO4,161.0020833,0.000614583,mol_l
WP2-f3,SO4,224.0166667,0.000645833,mol_l
WP2-f3,SO4,280.00625,0.00059375,mol_l
WP2-f3,SO4,336.0083333,0.000572917,mol_l
WP2-f3,SO4,419.0208333,0.000729167,mol_l
WP2-f3,SO4,490.00625,0.0008125,mol_l
WP2-f3,SO4,518.0083333,0.000802083,mol_l
WP2-f3,SO4,608.98125,0.000635417,mol_l
WP2-f3,SO4,700.0083333,0.000541667,mol_l
WP2-f3,SO4,791.0458333,0.000791667,mol_l
WP2-f4,SO4,0,5.20833E-05,mol_l
WP2-f4,SO4,6.083333333,0.0000625,mol_l
WP2-f4,SO4,9.979166667,0.000375,mol_l
WP2-f4,SO4,14.00416667,0.000895833,mol_l
WP2-f4,SO4,20.97291667,0.000958333,mol_l
WP2-f4,SO4,28.01875,0.000989583,mol_l
WP2-f4,SO4,35.01041667,0.000989583,mol_l
WP2-f4,SO4,42.00625,0.000989583,mol_l
WP2-f4,SO4,56.01666667,0.000979167,mol_l
WP2-f4,SO4,70.01041667,0.000916667,mol_l
WP2-f4,SO4,84,0.000802083,mol_l
WP2-f4,SO4,98.01666667,0.000822917,mol_l
WP2-f4,SO4,112,0.000822917,mol_l
WP2-f4,SO4,126.0479167,0.00078125,mol_l
WP2-f4,SO4,139.9791667,0.000729167,mol_l
WP2-f4,SO4,161.00625,0.000604167,mol_l
WP2-f4,SO4,196.0125,0.000635417,mol_l
WP2-f4,SO4,224.0145833,0.000677083,mol_l
WP2-f4,SO4,252,0.000572917,mol_l
WP2-f4,SO4,280.0020833,0.000614583,mol_l
WP2-f4,SO4,308.0166667,0.000666667,mol_l
WP2-f4,SO4,336.00625,0.000625,mol_l
WP2-f4,SO4,364.00625,0.000708333,mol_l
WP2-f4,SO4,419.0166667,0.000708333,mol_l
WP2-f4,SO4,490.0041667,0.00084375,mol_l
WP2-f4,SO4,518.0125,0.00078125,mol_l
WP2-f4,SO4,574.0083333,0.000541667,mol_l
WP2-f4,SO4,644.0166667,0.000604167,mol_l
WP2-f4,SO4,700.0979167,0.00053125,mol_l
WP2-f4,SO4,756,0.000697917,mol_l
WP2-f4,SO4,825.9791667,0.000604167,mol_l
WP2-f5,SO4,0,0.0000625,mol_l
WP2-f5,SO4,28.01458333,0.000125,mol_l
WP2-f5,SO4,42.00208333,0.000125,mol_l
WP2-f5,SO4,70.00625,2.60417E-05,mol_l
WP2-f5,SO4,98.0125,0.000114583,mol_l
WP2-f5,SO4,126.0416667,0.00015625,mol_l
WP2-f5,SO4,196.0104167,0.000364583,mol_l
WP2-f5,SO4,308.0125,0.000458333,mol_l
WP2-f5,SO4,455.00625,0.000572917,mol_l
WP2-f5,SO4,518.0166667,0.00059375,mol_l
WP2-f5,SO4,609,0.000697917,mol_l
WP2-f5,SO4,700.0041667,0.000625,mol_l
WP2-f5,SO4,791.0041667,0.0006875,mol_l
WP3-f1,SO4,0,2.60417E-05,mol_l
WP3-f1,SO4,10.04583333,2.60417E-05,mol_l
WP3-f1,SO4,14.10625,2.60417E-05,mol_l
WP3-f1,SO4,21.05208333,2.60417E-05,mol_l
WP3-f1,SO4,27.98125,0.0000625,mol_l
WP3-f1,SO4,57.125,2.60417E-05,mol_l
WP3-f1,SO4,84.04583333,7.29167E-05,mol_l
WP3-f1,SO4,112.0145833,2.60417E-05,mol_l
WP3-f1,SO4,161.0125,7.29167E-05,mol_l
WP3-f1,SO4,224.0416667,2.60417E-05,mol_l
WP3-f1,SO4,280.0125,2.60417E-05,mol_l
WP3-f1,SO4,336.01875,2.60417E-05,mol_l
WP3-f1,SO4,455.0166667,0,mol_l
WP3-f1,SO4,518.01875,0,mol_l
WP3-f1,SO4,700.0166667,0,mol_l
WP3-f2,SO4,0,0.0000625,mol_l
WP3-f2,SO4,2.064583333,7.29167E-05,mol_l
WP3-f2,SO4,6.135416667,0.000989583,mol_l
WP3-f2,SO4,10.04375,0.000989583,mol_l
WP3-f2,SO4,14.10416667,0.00103125,mol_l
WP3-f2,SO4,21.04583333,0.000916667,mol_l
WP3-f2,SO4,27.97916667,0.001020833,mol_l
WP3-f2,SO4,57.14375,0.000958333,mol_l
WP3-f2,SO4,84.04375,0.000895833,mol_l
WP3-f2,SO4,112.01875,0.000895833,mol_l
WP3-f2,SO4,161.0583333,0.000677083,mol_l
WP3-f2,SO4,224.0520833,0.00078125,mol_l
WP3-f2,SO4,280.0520833,0.000645833,mol_l
WP3-f2,SO4,336.0479167,0.00065625,mol_l
WP3-f2,SO4,455.0416667,0.000875,mol_l
WP3-f2,SO4,518.0520833,0.000833333,mol_l
WP3-f2,SO4,574.0416667,0.000614583,mol_l
WP3-f2,SO4,644.05,0.000666667,mol_l
WP3-f2,SO4,700.0479167,0.000635417,mol_l
WP3-f2,SO4,756.0125,0.000739583,mol_l
WP3-f2,SO4,826.0041667,0.000697917,mol_l
WP3-f3,SO4,0,2.60417E-05,mol_l
WP3-f3,SO4,2.058333333,8.33333E-05,mol_l
WP3-f3,SO4,6.13125,0.000895833,mol_l
WP3-f3,SO4,10.02291667,0.0009375,mol_l
WP3-f3,SO4,14.1,0.00096875,mol_l
WP3-f3,SO4,21.02291667,0.0009375,mol_l
WP3-f3,SO4,27.97291667,0.000989583,mol_l
WP3-f3,SO4,35.04583333,0.000989583,mol_l
WP3-f3,SO4,42.04791667,0.000833333,mol_l
WP3-f3,SO4,57.1375,0.00090625,mol_l
WP3-f3,SO4,70.05416667,0.000916667,mol_l
WP3-f3,SO4,84.02291667,0.0009375,mol_l
WP3-f3,SO4,98.04791667,0.00084375,mol_l
WP3-f3,SO4,112.0166667,0.000802083,mol_l
WP3-f3,SO4,126.05625,0.00075,mol_l
WP3-f3,SO4,140.0041667,0.0006875,mol_l
WP3-f3,SO4,161.04375,0.000510417,mol_l
WP3-f3,SO4,196.0229167,0.000541667,mol_l
WP3-f3,SO4,224.0479167,0.000739583,mol_l
WP3-f3,SO4,252.0166667,0.000458333,mol_l
WP3-f3,SO4,280.0229167,0.00071875,mol_l
WP3-f3,SO4,308.05625,0.000666667,mol_l
WP3-f3,SO4,336.0458333,0.000572917,mol_l
WP3-f3,SO4,364.0458333,0.000635417,mol_l
WP3-f3,SO4,419.0125,0.000770833,mol_l
WP3-f3,SO4,490.0166667,0.000760417,mol_l
WP3-f3,SO4,518.05,0.0006875,mol_l
WP3-f3,SO4,574.0229167,0.000458333,mol_l
WP3-f3,SO4,618.00625,0.00059375,mol_l
WP3-f3,SO4,617.9770833,0.000583333,mol_l
WP3-f3,SO4,644.0458333,0.000583333,mol_l
WP3-f3,SO4,700.04375,0.000541667,mol_l
WP3-f3,SO4,756.0166667,0.00065625,mol_l
WP3-f3,SO4,826.00625,0.000541667,mol_l
WP3-f4,SO4,0,2.60417E-05,mol_l
WP3-f4,SO4,2.052083333,0.00009375,mol_l
WP3-f4,SO4,6.127083333,0.000979167,mol_l
WP3-f4,SO4,10.01458333,0.000958333,mol_l
WP3-f4,SO4,14.05208333,0.001145833,mol_l
WP3-f4,SO4,21.01875,0.000916667,mol_l
WP3-f4,SO4,27.96875,0.000989583,mol_l
WP3-f4,SO4,35.02291667,0.000989583,mol_l
WP3-f4,SO4,42.04375,0.000833333,mol_l
WP3-f4,SO4,57.14791667,0.000885417,mol_l
WP3-f4,SO4,70.05,0.000895833,mol_l
WP3-f4,SO4,84.02083333,0.00090625,mol_l
WP3-f4,SO4,98.04375,0.000822917,mol_l
WP3-f4,SO4,112.0125,0.000833333,mol_l
WP3-f4,SO4,126.0541667,0.00078125,mol_l
WP3-f4,SO4,140.0020833,0.000729167,mol_l
WP3-f4,SO4,161.0229167,0.000583333,mol_l
WP3-f4,SO4,196.0208333,0.000625,mol_l
WP3-f4,SO4,224.04375,0.00065625,mol_l
WP3-f4,SO4,252.0145833,0.000510417,mol_l
WP3-f4,SO4,280.01875,0.000604167,mol_l
WP3-f4,SO4,308.0541667,0.000625,mol_l
WP3-f4,SO4,336.0416667,0.000552083,mol_l
WP3-f4,SO4,364.0145833,0.000625,mol_l
WP3-f4,SO4,419.0083333,0.000635417,mol_l
WP3-f4,SO4,490.0125,0.000760417,mol_l
WP3-f4,SO4,518.0416667,0.000708333,mol_l
WP3-f4,SO4,574.01875,0.0004375,mol_l
WP3-f4,SO4,644.0416667,0.000520833,mol_l
WP3-f4,SO4,700.0416667,0.000541667,mol_l
WP3-f4,SO4,756.0104167,0.000645833,mol_l
WP3-f4,SO4,826.0083333,0.000552083,mol_l
WP3-f5,SO4,0,2.60417E-05,mol_l
WP3-f5,SO4,6.10625,0.000854167,mol_l
WP3-f5,SO4,10.01041667,0.000885417,mol_l
WP3-f5,SO4,14.04791667,0.0009375,mol_l
WP3-f5,SO4,21.01458333,0.000895833,mol_l
WP3-f5,SO4,27.96458333,0.000947917,mol_l
WP3-f5,SO4,57.13333333,0.000895833,mol_l
WP3-f5,SO4,84.01666667,0.00084375,mol_l
WP3-f5,SO4,112.0104167,0.00084375,mol_l
WP3-f5,SO4,161.01875,0.000541667,mol_l
WP3-f5,SO4,280.0145833,0.000604167,mol_l
WP3-f5,SO4,336.0229167,0.0005625,mol_l
WP3-f5,SO4,455.0229167,0.00090625,mol_l
WP3-f5,SO4,518.0229167,0.000760417,mol_l
WP3-f5,SO4,574.0166667,0.000489583,mol_l
WP3-f5,SO4,644.0208333,0.0005625,mol_l
WP3-f5,SO4,700.0208333,0.0005625,mol_l
WP3-f5,SO4,756.00625,0.000666667,mol_l
WP3-f5,SO4,826.0125,0.000583333,mol_l
WP4-f1,SO4,0,2.60417E-05,mol_l
WP4-f1,SO4,517.98125,0,mol_l
WP4-f1,SO4,700,0,mol_l
WP4-f5,SO4,0,0.0000625,mol_l
WP4-f5,SO4,196.0020833,0.000645833,mol_l
WP4-f5,SO4,336,0.00078125,mol_l
WP4-f5,SO4,489.98125,0.00096875,mol_l
WP4-f5,SO4,518,0.00096875,mol_l
WP4-f5,SO4,608.9770833,0.0006875,mol_l
WP4-f5,SO4,699.98125,0.000635417,mol_l
WP4-f5,SO4,791,0.00078125,mol_l
PP1-f1,SO4,0,2.60417E-05,mol_l
PP1-f1,SO4,112.0979167,2.60417E-05,mol_l
PP1-f1,SO4,161.0895833,2.60417E-05,mol_l
PP1-f1,SO4,252.04375,0.000541667,mol_l
PP1-f1,SO4,336.0645833,0.000614583,mol_l
PP1-f1,SO4,490.0833333,0.000791667,mol_l
PP1-f1,SO4,518.0958333,0.000802083,mol_l
PP1-f1,SO4,609.0125,0.000666667,mol_l
PP1-f1,SO4,700.1,0.00078125,mol_l
PP1-f1,SO4,791.0145833,0.000822917,mol_l
PP1-f2,SO4,0,8.33333E-05,mol_l
PP1-f2,SO4,85.14375,2.60417E-05,mol_l
PP1-f2,SO4,98.0875,5.20833E-05,mol_l
PP1-f2,SO4,112.0875,2.60417E-05,mol_l
PP1-f2,SO4,126.0833333,2.60417E-05,mol_l
PP1-f2,SO4,140.0520833,2.60417E-05,mol_l
PP1-f2,SO4,161.0916667,2.60417E-05,mol_l
PP1-f2,SO4,196.0604167,2.60417E-05,mol_l
PP1-f2,SO4,224.0645833,2.60417E-05,mol_l
PP1-f2,SO4,252.0416667,2.60417E-05,mol_l
PP1-f2,SO4,280.0833333,2.60417E-05,mol_l
PP1-f2,SO4,308.0833333,2.60417E-05,mol_l
PP1-f2,SO4,336.0833333,2.60417E-05,mol_l
PP1-f2,SO4,364.0833333,2.60417E-05,mol_l
PP1-f2,SO4,455.05,0.0000625,mol_l
PP1-f2,SO4,518.0895833,0.000114583,mol_l
PP1-f2,SO4,609.0104167,0.00046875,mol_l
PP1-f2,SO4,618.0583333,0.0004375,mol_l
PP1-f2,SO4,618.0916667,0.000416667,mol_l
PP1-f2,SO4,700.0854167,0.000541667,mol_l
PP1-f2,SO4,791.0416667,0.000729167,mol_l
PP1-f3,SO4,0,7.29167E-05,mol_l
PP1-f3,SO4,98.06458333,7.29167E-05,mol_l
PP1-f3,SO4,112.0854167,2.60417E-05,mol_l
PP1-f3,SO4,161.0854167,8.33333E-05,mol_l
PP1-f3,SO4,252.0229167,2.60417E-05,mol_l
PP1-f3,SO4,336.0604167,2.60417E-05,mol_l
PP1-f3,SO4,490.05,0.0005,mol_l
PP1-f3,SO4,518.09375,0.000458333,mol_l
PP1-f3,SO4,609.00625,0.000479167,mol_l
PP1-f3,SO4,618.0541667,0.0004375,mol_l
PP1-f3,SO4,618.0833333,0.000395833,mol_l
PP1-f3,SO4,700.0645833,0.000427083,mol_l
PP1-f3,SO4,791.01875,0.000385417,mol_l
IP2-f1,SO4,0,2.60417E-05,mol_l
IP2-f1,SO4,14.02083333,2.60417E-05,mol_l
IP2-f1,SO4,28.05208333,5.20833E-05,mol_l
IP2-f1,SO4,56.04166667,2.60417E-05,mol_l
IP2-f1,SO4,112.00625,2.60417E-05,mol_l
IP2-f1,SO4,161.0104167,5.20833E-05,mol_l
IP2-f1,SO4,224.01875,2.60417E-05,mol_l
IP2-f1,SO4,280.0104167,2.60417E-05,mol_l
IP2-f1,SO4,336.0125,2.60417E-05,mol_l
IP2-f1,SO4,455.0145833,0,mol_l
IP2-f1,SO4,518.0208333,0,mol_l
IP2-f1,SO4,700.0145833,0,mol_l
IP2-f5,SO4,0,0.000125,mol_l
IP2-f5,SO4,455.0125,0.000760417,mol_l
PP1,SO4,1.00625,0.0000625,mol_l
PP1,SO4,28.09166667,0.0000625,mol_l
PP1,SO4,85.14791667,0.000104167,mol_l
PP1,SO4,98.09166667,2.60417E-05,mol_l
PP1,SO4,112.0916667,0.0000625,mol_l
PP1,SO4,126.0875,2.60417E-05,mol_l
PP1,SO4,140.05625,5.20833E-05,mol_l
PP1,SO4,161.0979167,0.000125,mol_l
PP1,SO4,196.0645833,0.00025,mol_l
PP1,SO4,224.0854167,0.000302083,mol_l
PP1,SO4,252.0479167,0.000364583,mol_l
PP1,SO4,280.0854167,0.000364583,mol_l
PP1,SO4,308.0875,0.000385417,mol_l
PP1,SO4,336.0895833,0.000385417,mol_l
PP1,SO4,364.0854167,0.000395833,mol_l
PP1,SO4,419.0583333,0.000416667,mol_l
PP1,SO4,490.0541667,0.00046875,mol_l
PP1,SO4,518.0979167,0.000458333,mol_l
PP1,SO4,574.0541667,0.000458333,mol_l
PP1,SO4,644.0916667,0.0005625,mol_l
PP1,SO4,700.0875,0.000552083,mol_l
PP1,SO4,756.0479167,0.000541667,mol_l
PP1,SO4,826.0520833,0.00053125,mol_l
influent,SO4,2.095833333,0.00071875,mol_l
influent,SO4,6.047916667,0.000822917,mol_l
influent,SO4,10.06458333,0.0008125,mol_l
influent,SO4,14.13125,0.0008125,mol_l
influent,SO4,21.0625,0.000791667,mol_l
influent,SO4,28.0625,0.000895833,mol_l
influent,SO4,35.08333333,0.000885417,mol_l
influent,SO4,42.06458333,0.000822917,mol_l
influent,SO4,56.06458333,0.0006875,mol_l
influent,SO4,70.09583333,0.00071875,mol_l
influent,SO4,85.16666667,0.00071875,mol_l
influent,SO4,98.09791667,0.000677083,mol_l
influent,SO4,112.0958333,0.000645833,mol_l
influent,SO4,126.0958333,0.000614583,mol_l
influent,SO4,140.0583333,0.0005625,mol_l
influent,SO4,161.1,0.000375,mol_l
influent,SO4,196.0854167,0.000489583,mol_l
influent,SO4,224.0875,0.000520833,mol_l
influent,SO4,252.0583333,0.000364583,mol_l
influent,SO4,280.0979167,0.000479167,mol_l
influent,SO4,308.0916667,0.0005,mol_l
influent,SO4,336.09375,0.000447917,mol_l
influent,SO4,364.0916667,0.000510417,mol_l
influent,SO4,392.0520833,0.00046875,mol_l
influent,SO4,419.9354167,0.000677083,mol_l
influent,SO4,455,0.000739583,mol_l
influent,SO4,490.0604167,0.00065625,mol_l
influent,SO4,518.1,0.000625,mol_l
influent,SO4,546.0479167,0.000458333,mol_l
influent,SO4,574.0583333,0.000354167,mol_l
influent,SO4,609.01875,0.00053125,mol_l
influent,SO4,644.0958333,0.000458333,mol_l
influent,SO4,672.0229167,0.000385417,mol_l
influent,SO4,700.1020833,0.000458333,mol_l
influent,SO4,728.01875,0.000510417,mol_l
influent,SO4,756.0458333,0.0005625,mol_l
influent,SO4,791.05,0.000635417,mol_l
influent,SO4,826.05625,0.000541667,mol_l
influent,SO4,854.0166667,0.000416667,mol_l
WP1-f1,HCO3,0,0.005737705,mol_l
WP1-f1,HCO3,112.0520833,0.005737705,mol_l
WP1-f1,HCO3,140.0145833,0.005737705,mol_l
WP1-f1,HCO3,196.0541667,0.005737705,mol_l
WP1-f1,HCO3,280.0625,0.00557377,mol_l
WP1-f1,HCO3,364.0604167,0.005737705,mol_l
WP1-f1,HCO3,518.0541667,0.00557377,mol_l
WP1-f1,HCO3,700.05625,0.005409836,mol_l
WP1-f2,HCO3,0,0.00557377,mol_l
WP1-f2,HCO3,112.05,0.001721311,mol_l
WP1-f2,HCO3,126.0625,0.00157377,mol_l
WP1-f2,HCO3,140.0208333,0.00157377,mol_l
WP1-f2,HCO3,196.05625,0.001327869,mol_l
WP1-f2,HCO3,252.0104167,0.001721311,mol_l
WP1-f2,HCO3,336.05625,0.00147541,mol_l
WP1-f2,HCO3,455.0458333,0.001409836,mol_l
WP1-f2,HCO3,518.0583333,0.001967213,mol_l
WP1-f2,HCO3,574.0479167,0.001639344,mol_l
WP1-f2,HCO3,618.0166667,0.001180328,mol_l
WP1-f2,HCO3,644.0875,0.00147541,mol_l
WP1-f2,HCO3,700.0625,0.001147541,mol_l
WP1-f2,HCO3,756.0416667,0.001442623,mol_l
WP1-f2,HCO3,826.0208333,0.001622951,mol_l
WP1-f3,HCO3,0,0.005245902,mol_l
WP1-f3,HCO3,6.141666667,0.005409836,mol_l
WP1-f3,HCO3,10.05416667,0.005409836,mol_l
WP1-f3,HCO3,14.12708333,0.005409836,mol_l
WP1-f3,HCO3,21.05625,0.005409836,mol_l
WP1-f3,HCO3,28.00833333,0.005245902,mol_l
WP1-f3,HCO3,35.05625,0.004754098,mol_l
WP1-f3,HCO3,42.06041667,0.004262295,mol_l
WP1-f3,HCO3,57.125,0.003114754,mol_l
WP1-f3,HCO3,70.0875,0.001803279,mol_l
WP1-f3,HCO3,85.13333333,0.001721311,mol_l
WP1-f3,HCO3,98.05833333,0.001639344,mol_l
WP1-f3,HCO3,112.0479167,0.001606557,mol_l
WP1-f3,HCO3,140.0166667,0.00147541,mol_l
WP1-f3,HCO3,196.0520833,0.001540984,mol_l
WP1-f3,HCO3,252.00625,0.001967213,mol_l
WP1-f3,HCO3,308.0625,0.001327869,mol_l
WP1-f3,HCO3,364.0583333,0.00142623,mol_l
WP1-f3,HCO3,419.0458333,0.001245902,mol_l
WP1-f3,HCO3,490.04375,0.001721311,mol_l
WP1-f3,HCO3,518.0604167,0.001967213,mol_l
WP1-f3,HCO3,609,0.001459016,mol_l
WP1-f3,HCO3,700.0583333,0.001327869,mol_l
WP1-f3,HCO3,791.0104167,0.001540984,mol_l
WP1-f4,HCO3,0,0.005409836,mol_l
WP1-f4,HCO3,28.00625,0.005245902,mol_l
WP1-f4,HCO3,35.05208333,0.005409836,mol_l
WP1-f4,HCO3,42.05625,0.005409836,mol_l
WP1-f4,HCO3,56.05,0.002868852,mol_l
WP1-f4,HCO3,70.0625,0.001639344,mol_l
WP1-f4,HCO3,84.06458333,0.001639344,mol_l
WP1-f4,HCO3,98.05416667,0.001557377,mol_l
WP1-f4,HCO3,112.04375,0.001377049,mol_l
WP1-f4,HCO3,126.0604167,0.001180328,mol_l
WP1-f4,HCO3,140.0104167,0.001098361,mol_l
WP1-f4,HCO3,161.0645833,0.001409836,mol_l
WP1-f4,HCO3,196.0479167,0.001639344,mol_l
WP1-f4,HCO3,224.0604167,0.001639344,mol_l
WP1-f4,HCO3,252.0041667,0.001967213,mol_l
WP1-f4,HCO3,280.0604167,0.001967213,mol_l
WP1-f4,HCO3,308.0604167,0.001327869,mol_l
WP1-f4,HCO3,336.0520833,0.001639344,mol_l
WP1-f4,HCO3,364.05625,0.001459016,mol_l
WP1-f4,HCO3,419.0416667,0.001327869,mol_l
WP1-f4,HCO3,490.0229167,0.001622951,mol_l
WP1-f4,HCO3,518.0833333,0.001967213,mol_l
WP1-f4,HCO3,574.0458333,0.001885246,mol_l
WP1-f4,HCO3,644.0833333,0.001590164,mol_l
WP1-f4,HCO3,700.0541667,0.001262295,mol_l
WP1-f4,HCO3,756.0229167,0.001393443,mol_l
WP1-f4,HCO3,826.0166667,0.001639344,mol_l
WP1-f5,HCO3,0,0.005737705,mol_l
WP1-f5,HCO3,112.0416667,0.005901639,mol_l
WP1-f5,HCO3,140.0083333,0.005901639,mol_l
WP1-f5,HCO3,196.0458333,0.005737705,mol_l
WP1-f5,HCO3,280.05625,0.005737705,mol_l
WP1-f5,HCO3,364.05,0.00557377,mol_l
WP1-f5,HCO3,518.0875,0.005245902,mol_l
WP1-f5,HCO3,618.0125,0.00557377,mol_l
WP1-f5,HCO3,618.0416667,0.005409836,mol_l
WP1-f5,HCO3,700.0520833,0.004918033,mol_l
WP2-f1,HCO3,0,0.005901639,mol_l
WP2-f1,HCO3,70.02083333,0.005901639,mol_l
WP2-f1,HCO3,126.04375,0.005901639,mol_l
WP2-f1,HCO3,196,0.005901639,mol_l
WP2-f1,HCO3,308.0208333,0.005901639,mol_l
WP2-f1,HCO3,490.0083333,0.006065574,mol_l
WP2-f1,HCO3,517.9770833,0.006065574,mol_l
WP2-f1,HCO3,699.975,0.005901639,mol_l
WP2-f2,HCO3,0,0.005409836,mol_l
WP2-f2,HCO3,28.04583333,0.001885246,mol_l
WP2-f2,HCO3,42.0125,0.001967213,mol_l
WP2-f2,HCO3,70.01875,0.001606557,mol_l
WP2-f2,HCO3,98.02083333,0.001180328,mol_l
WP2-f2,HCO3,126.0958333,0.001590164,mol_l
WP2-f2,HCO3,196.0166667,0.001803279,mol_l
WP2-f2,HCO3,308.01875,0.001540984,mol_l
WP2-f2,HCO3,455.0083333,0.001885246,mol_l
WP2-f2,HCO3,518.00625,0.001885246,mol_l
WP2-f2,HCO3,574.0104167,0.000934426,mol_l
WP2-f2,HCO3,644.0125,0.00142623,mol_l
WP2-f2,HCO3,700.0125,0.00142623,mol_l
WP2-f2,HCO3,756.0020833,0.00147541,mol_l
WP2-f2,HCO3,826,0.000934426,mol_l
WP2-f3,HCO3,0,0.005409836,mol_l
WP2-f3,HCO3,6.089583333,0.003032787,mol_l
WP2-f3,HCO3,14.01041667,0.001721311,mol_l
WP2-f3,HCO3,20.97708333,0.001885246,mol_l
WP2-f3,HCO3,28.04166667,0.001967213,mol_l
WP2-f3,HCO3,56.02083333,0.001885246,mol_l
WP2-f3,HCO3,84.00416667,0.001377049,mol_l
WP2-f3,HCO3,111.98125,0.001803279,mol_l
WP2-f3,HCO3,161.0020833,0.001114754,mol_l
WP2-f3,HCO3,224.0166667,0.002213115,mol_l
WP2-f3,HCO3,280.00625,0.001721311,mol_l
WP2-f3,HCO3,336.0083333,0.001131148,mol_l
WP2-f3,HCO3,419.0208333,0.001721311,mol_l
WP2-f3,HCO3,490.00625,0.001967213,mol_l
WP2-f3,HCO3,518.0083333,0.001967213,mol_l
WP2-f3,HCO3,608.98125,0.001967213,mol_l
WP2-f3,HCO3,700.0083333,0.001540984,mol_l
WP2-f3,HCO3,791.0458333,0.001721311,mol_l
WP2-f4,HCO3,0,0.005409836,mol_l
WP2-f4,HCO3,6.083333333,0.00557377,mol_l
WP2-f4,HCO3,9.979166667,0.003606557,mol_l
WP2-f4,HCO3,14.00416667,0.001721311,mol_l
WP2-f4,HCO3,20.97291667,0.001639344,mol_l
WP2-f4,HCO3,28.01875,0.001639344,mol_l
WP2-f4,HCO3,35.01041667,0.001721311,mol_l
WP2-f4,HCO3,42.00625,0.001885246,mol_l
WP2-f4,HCO3,56.01666667,0.001967213,mol_l
WP2-f4,HCO3,70.01041667,0.001803279,mol_l
WP2-f4,HCO3,84,0.001540984,mol_l
WP2-f4,HCO3,98.01666667,0.001409836,mol_l
WP2-f4,HCO3,112,0.001491803,mol_l
WP2-f4,HCO3,126.0479167,0.001721311,mol_l
WP2-f4,HCO3,139.9791667,0.001639344,mol_l
WP2-f4,HCO3,161.00625,0.001196721,mol_l
WP2-f4,HCO3,196.0125,0.001803279,mol_l
WP2-f4,HCO3,224.0145833,0.002131148,mol_l
WP2-f4,HCO3,252,0.001409836,mol_l
WP2-f4,HCO3,280.0020833,0.001590164,mol_l
WP2-f4,HCO3,308.0166667,0.001590164,mol_l
WP2-f4,HCO3,336.00625,0.001147541,mol_l
WP2-f4,HCO3,364.00625,0.001,mol_l
WP2-f4,HCO3,419.0166667,0.001606557,mol_l
WP2-f4,HCO3,490.0041667,0.001885246,mol_l
WP2-f4,HCO3,518.0125,0.002704918,mol_l
WP2-f4,HCO3,574.0083333,0.001065574,mol_l
WP2-f4,HCO3,644.0166667,0.001885246,mol_l
WP2-f4,HCO3,700.0979167,0.001508197,mol_l
WP2-f4,HCO3,756,0.001606557,mol_l
WP2-f4,HCO3,825.9791667,0.001,mol_l
WP2-f5,HCO3,0,0.005081967,mol_l
WP2-f5,HCO3,28.01458333,0.005081967,mol_l
WP2-f5,HCO3,42.00208333,0.005081967,mol_l
WP2-f5,HCO3,70.00625,0.005081967,mol_l
WP2-f5,HCO3,98.0125,0.005081967,mol_l
WP2-f5,HCO3,126.0416667,0.004754098,mol_l
WP2-f5,HCO3,196.0104167,0.004098361,mol_l
WP2-f5,HCO3,308.0125,0.003442623,mol_l
WP2-f5,HCO3,455.00625,0.005901639,mol_l
WP2-f5,HCO3,518.0166667,0.001967213,mol_l
WP2-f5,HCO3,609,0.002622951,mol_l
WP2-f5,HCO3,700.0041667,0.002459016,mol_l
WP2-f5,HCO3,791.0041667,0.002459016,mol_l
WP3-f1,HCO3,0,0.005737705,mol_l
WP3-f1,HCO3,10.04583333,0.005737705,mol_l
WP3-f1,HCO3,14.10625,0.005737705,mol_l
WP3-f1,HCO3,21.05208333,0.005737705,mol_l
WP3-f1,HCO3,27.98125,0.005737705,mol_l
WP3-f1,HCO3,57.125,0.005737705,mol_l
WP3-f1,HCO3,84.04583333,0.005737705,mol_l
WP3-f1,HCO3,112.0145833,0.005737705,mol_l
WP3-f1,HCO3,161.0125,0.005737705,mol_l
WP3-f1,HCO3,224.0416667,0.005737705,mol_l
WP3-f1,HCO3,280.0125,0.005737705,mol_l
WP3-f1,HCO3,336.01875,0.005737705,mol_l
WP3-f1,HCO3,455.0166667,0.00557377,mol_l
WP3-f1,HCO3,518.01875,0.00557377,mol_l
WP3-f1,HCO3,700.0166667,0.005409836,mol_l
WP3-f2,HCO3,0,0.005409836,mol_l
WP3-f2,HCO3,2.064583333,0.005409836,mol_l
WP3-f2,HCO3,6.135416667,0.001721311,mol_l
WP3-f2,HCO3,10.04375,0.001803279,mol_l
WP3-f2,HCO3,14.10416667,0.001885246,mol_l
WP3-f2,HCO3,21.04583333,0.00204918,mol_l
WP3-f2,HCO3,27.97916667,0.00204918,mol_l
WP3-f2,HCO3,57.14375,0.001885246,mol_l
WP3-f2,HCO3,84.04375,0.001229508,mol_l
WP3-f2,HCO3,112.01875,0.001557377,mol_l
WP3-f2,HCO3,161.0583333,0.001,mol_l
WP3-f2,HCO3,224.0520833,0.001967213,mol_l
WP3-f2,HCO3,280.0520833,0.001803279,mol_l
WP3-f2,HCO3,336.0479167,0.001196721,mol_l
WP3-f2,HCO3,455.0416667,0.00204918,mol_l
WP3-f2,HCO3,518.0520833,0.001639344,mol_l
WP3-f2,HCO3,574.0416667,0.001262295,mol_l
WP3-f2,HCO3,644.05,0.001885246,mol_l
WP3-f2,HCO3,700.0479167,0.00152459,mol_l
WP3-f2,HCO3,756.0125,0.001442623,mol_l
WP3-f2,HCO3,826.0041667,0.001065574,mol_l
WP3-f3,HCO3,0,0.005409836,mol_l
WP3-f3,HCO3,2.058333333,0.005409836,mol_l
WP3-f3,HCO3,6.13125,0.001803279,mol_l
WP3-f3,HCO3,10.02291667,0.001803279,mol_l
WP3-f3,HCO3,14.1,0.001967213,mol_l
WP3-f3,HCO3,21.02291667,0.00204918,mol_l
WP3-f3,HCO3,27.97291667,0.001967213,mol_l
WP3-f3,HCO3,35.04583333,0.001967213,mol_l
WP3-f3,HCO3,42.04791667,0.001803279,mol_l
WP3-f3,HCO3,57.1375,0.001803279,mol_l
WP3-f3,HCO3,70.05416667,0.001442623,mol_l
WP3-f3,HCO3,84.02291667,0.001262295,mol_l
WP3-f3,HCO3,98.04791667,0.001409836,mol_l
WP3-f3,HCO3,112.0166667,0.001721311,mol_l
WP3-f3,HCO3,126.05625,0.001803279,mol_l
WP3-f3,HCO3,140.0041667,0.001590164,mol_l
WP3-f3,HCO3,161.04375,0.001245902,mol_l
WP3-f3,HCO3,196.0229167,0.002295082,mol_l
WP3-f3,HCO3,224.0479167,0.001967213,mol_l
WP3-f3,HCO3,252.0166667,0.001147541,mol_l
WP3-f3,HCO3,280.0229167,0.001639344,mol_l
WP3-f3,HCO3,308.05625,0.001803279,mol_l
WP3-f3,HCO3,336.0458333,0.001196721,mol_l
WP3-f3,HCO3,364.0458333,0.001180328,mol_l
WP3-f3,HCO3,419.0125,0.001639344,mol_l
WP3-f3,HCO3,490.0166667,0.001885246,mol_l
WP3-f3,HCO3,518.05,0.001885246,mol_l
WP3-f3,HCO3,574.0229167,0.00152459,mol_l
WP3-f3,HCO3,618.00625,0.001885246,mol_l
WP3-f3,HCO3,617.9770833,0.001885246,mol_l
WP3-f3,HCO3,644.0458333,0.00147541,mol_l
WP3-f3,HCO3,700.04375,0.001508197,mol_l
WP3-f3,HCO3,756.0166667,0.001491803,mol_l
WP3-f3,HCO3,826.00625,0.001311475,mol_l
WP3-f4,HCO3,0,0.00557377,mol_l
WP3-f4,HCO3,2.052083333,0.00557377,mol_l
WP3-f4,HCO3,6.127083333,0.001885246,mol_l
WP3-f4,HCO3,10.01458333,0.001803279,mol_l
WP3-f4,HCO3,14.05208333,0.001885246,mol_l
WP3-f4,HCO3,21.01875,0.00204918,mol_l
WP3-f4,HCO3,27.96875,0.002131148,mol_l
WP3-f4,HCO3,35.02291667,0.002131148,mol_l
WP3-f4,HCO3,42.04375,0.001885246,mol_l
WP3-f4,HCO3,57.14791667,0.001967213,mol_l
WP3-f4,HCO3,70.05,0.001639344,mol_l
WP3-f4,HCO3,84.02083333,0.00142623,mol_l
WP3-f4,HCO3,98.04375,0.001491803,mol_l
WP3-f4,HCO3,112.0125,0.001721311,mol_l
WP3-f4,HCO3,126.0541667,0.001803279,mol_l
WP3-f4,HCO3,140.0020833,0.001590164,mol_l
WP3-f4,HCO3,161.0229167,0.001213115,mol_l
WP3-f4,HCO3,196.0208333,0.00204918,mol_l
WP3-f4,HCO3,224.04375,0.002131148,mol_l
WP3-f4,HCO3,252.0145833,0.001180328,mol_l
WP3-f4,HCO3,280.01875,0.001803279,mol_l
WP3-f4,HCO3,308.0541667,0.001885246,mol_l
WP3-f4,HCO3,336.0416667,0.001295082,mol_l
WP3-f4,HCO3,364.0145833,0.001327869,mol_l
WP3-f4,HCO3,419.0083333,0.001803279,mol_l
WP3-f4,HCO3,490.0125,0.001885246,mol_l
WP3-f4,HCO3,518.0416667,0.001885246,mol_l
WP3-f4,HCO3,574.01875,0.00152459,mol_l
WP3-f4,HCO3,644.0416667,0.00152459,mol_l
WP3-f4,HCO3,700.0416667,0.001606557,mol_l
WP3-f4,HCO3,756.0104167,0.00157377,mol_l
WP3-f4,HCO3,826.0083333,0.001360656,mol_l
WP3-f5,HCO3,0,0.005245902,mol_l
WP3-f5,HCO3,6.10625,0.002213115,mol_l
WP3-f5,HCO3,10.01041667,0.001967213,mol_l
WP3-f5,HCO3,14.04791667,0.001803279,mol_l
WP3-f5,HCO3,21.01458333,0.001967213,mol_l
WP3-f5,HCO3,27.96458333,0.001967213,mol_l
WP3-f5,HCO3,57.13333333,0.001967213,mol_l
WP3-f5,HCO3,84.01666667,0.00152459,mol_l
WP3-f5,HCO3,112.0104167,0.001803279,mol_l
WP3-f5,HCO3,161.01875,0.001262295,mol_l
WP3-f5,HCO3,280.0145833,0.001803279,mol_l
WP3-f5,HCO3,336.0229167,0.001327869,mol_l
WP3-f5,HCO3,455.0229167,0.001967213,mol_l
WP3-f5,HCO3,518.0229167,0.001967213,mol_l
WP3-f5,HCO3,574.0166667,0.001393443,mol_l
WP3-f5,HCO3,644.0208333,0.001540984,mol_l
WP3-f5,HCO3,700.0208333,0.001557377,mol_l
WP3-f5,HCO3,756.00625,0.00157377,mol_l
WP3-f5,HCO3,826.0125,0.001327869,mol_l
WP4-f1,HCO3,0,0.006229508,mol_l
WP4-f1,HCO3,517.98125,0.005901639,mol_l
WP4-f1,HCO3,700,0.00557377,mol_l
WP4-f5,HCO3,0,0.00557377,mol_l
WP4-f5,HCO3,196.0020833,0.00142623,mol_l
WP4-f5,HCO3,336,0.00157377,mol_l
WP4-f5,HCO3,489.98125,0.001885246,mol_l
WP4-f5,HCO3,518,0.001885246,mol_l
WP4-f5,HCO3,608.9770833,0.001409836,mol_l
WP4-f5,HCO3,699.98125,0.001327869,mol_l
WP4-f5,HCO3,791,0.00157377,mol_l
PP1-f1,HCO3,0,0.005737705,mol_l
PP1-f1,HCO3,112.0979167,0.005409836,mol_l
PP1-f1,HCO3,161.0895833,0.005409836,mol_l
PP1-f1,HCO3,252.04375,0.003360656,mol_l
PP1-f1,HCO3,336.0645833,0.003114754,mol_l
PP1-f1,HCO3,490.0833333,0.00204918,mol_l
PP1-f1,HCO3,518.0958333,0.001967213,mol_l
PP1-f1,HCO3,609.0125,0.001885246,mol_l
PP1-f1,HCO3,700.1,0.002377049,mol_l
PP1-f1,HCO3,791.0145833,0.002131148,mol_l
PP1-f2,HCO3,0,0.005245902,mol_l
PP1-f2,HCO3,85.14375,0.005409836,mol_l
PP1-f2,HCO3,98.0875,0.005409836,mol_l
PP1-f2,HCO3,112.0875,0.00557377,mol_l
PP1-f2,HCO3,126.0833333,0.00557377,mol_l
PP1-f2,HCO3,140.0520833,0.00557377,mol_l
PP1-f2,HCO3,161.0916667,0.00557377,mol_l
PP1-f2,HCO3,196.0604167,0.005409836,mol_l
PP1-f2,HCO3,224.0645833,0.005409836,mol_l
PP1-f2,HCO3,252.0416667,0.005409836,mol_l
PP1-f2,HCO3,280.0833333,0.005409836,mol_l
PP1-f2,HCO3,308.0833333,0.005245902,mol_l
PP1-f2,HCO3,336.0833333,0.005409836,mol_l
PP1-f2,HCO3,364.0833333,0.005409836,mol_l
PP1-f2,HCO3,455.05,0.005409836,mol_l
PP1-f2,HCO3,518.0895833,0.005081967,mol_l
PP1-f2,HCO3,609.0104167,0.003442623,mol_l
PP1-f2,HCO3,618.0583333,0.003442623,mol_l
PP1-f2,HCO3,618.0916667,0.003442623,mol_l
PP1-f2,HCO3,700.0854167,0.002704918,mol_l
PP1-f2,HCO3,791.0416667,0.001639344,mol_l
PP1-f3,HCO3,0,0.005409836,mol_l
PP1-f3,HCO3,98.06458333,0.005409836,mol_l
PP1-f3,HCO3,112.0854167,0.005245902,mol_l
PP1-f3,HCO3,161.0854167,0.005409836,mol_l
PP1-f3,HCO3,252.0229167,0.005409836,mol_l
PP1-f3,HCO3,336.0604167,0.005245902,mol_l
PP1-f3,HCO3,490.05,0.003196721,mol_l
PP1-f3,HCO3,518.09375,0.003278689,mol_l
PP1-f3,HCO3,609.00625,0.003278689,mol_l
PP1-f3,HCO3,618.0541667,0.003278689,mol_l
PP1-f3,HCO3,618.0833333,0.00352459,mol_l
PP1-f3,HCO3,700.0645833,0.003114754,mol_l
PP1-f3,HCO3,791.01875,0.003606557,mol_l
IP2-f1,HCO3,0,0.006557377,mol_l
IP2-f1,HCO3,14.02083333,0.006393443,mol_l
IP2-f1,HCO3,28.05208333,0.006393443,mol_l
IP2-f1,HCO3,56.04166667,0.006557377,mol_l
IP2-f1,HCO3,112.00625,0.006393443,mol_l
IP2-f1,HCO3,161.0104167,0.006393443,mol_l
IP2-f1,HCO3,224.01875,0.006229508,mol_l
IP2-f1,HCO3,280.0104167,0.006229508,mol_l
IP2-f1,HCO3,336.0125,0.006229508,mol_l
IP2-f1,HCO3,455.0145833,0.006065574,mol_l
IP2-f1,HCO3,518.0208333,0.006065574,mol_l
IP2-f1,HCO3,700.0145833,0.005737705,mol_l
IP2-f5,HCO3,0,0.006721311,mol_l
IP2-f5,HCO3,455.0125,0.002213115,mol_l
PP1,HCO3,1.00625,0.005409836,mol_l
PP1,HCO3,28.09166667,0.005409836,mol_l
PP1,HCO3,85.14791667,0.005409836,mol_l
PP1,HCO3,98.09166667,0.005409836,mol_l
PP1,HCO3,112.0916667,0.005245902,mol_l
PP1,HCO3,126.0875,0.005409836,mol_l
PP1,HCO3,140.05625,0.005245902,mol_l
PP1,HCO3,161.0979167,0.004918033,mol_l
PP1,HCO3,196.0645833,0.00442623,mol_l
PP1,HCO3,224.0854167,0.004098361,mol_l
PP1,HCO3,252.0479167,0.003934426,mol_l
PP1,HCO3,280.0854167,0.003770492,mol_l
PP1,HCO3,308.0875,0.003606557,mol_l
PP1,HCO3,336.0895833,0.003606557,mol_l
PP1,HCO3,364.0854167,0.003606557,mol_l
PP1,HCO3,419.0583333,0.00352459,mol_l
PP1,HCO3,490.0541667,0.003360656,mol_l
PP1,HCO3,518.0979167,0.003278689,mol_l
PP1,HCO3,574.0541667,0.003114754,mol_l
PP1,HCO3,644.0916667,0.003196721,mol_l
PP1,HCO3,700.0875,0.00295082,mol_l
PP1,HCO3,756.0479167,0.003032787,mol_l
PP1,HCO3,826.0520833,0.00295082,mol_l
influent,HCO3,2.095833333,0.00204918,mol_l
influent,HCO3,6.047916667,0.00204918,mol_l
influent,HCO3,10.06458333,0.002131148,mol_l
influent,HCO3,14.13125,0.002213115,mol_l
influent,HCO3,21.0625,0.002213115,mol_l
influent,HCO3,28.0625,0.002213115,mol_l
influent,HCO3,35.08333333,0.002295082,mol_l
influent,HCO3,42.06458333,0.002131148,mol_l
influent,HCO3,56.06458333,0.001803279,mol_l
influent,HCO3,70.09583333,0.001639344,mol_l
influent,HCO3,85.16666667,0.001557377,mol_l
influent,HCO3,98.09791667,0.001721311,mol_l
influent,HCO3,112.0958333,0.001967213,mol_l
influent,HCO3,126.0958333,0.001967213,mol_l
influent,HCO3,140.0583333,0.001885246,mol_l
influent,HCO3,161.1,0.00142623,mol_l
influent,HCO3,196.0854167,0.002377049,mol_l
influent,HCO3,224.0875,0.002213115,mol_l
influent,HCO3,252.0583333,0.001459016,mol_l
influent,HCO3,280.0979167,0.001967213,mol_l
influent,HCO3,308.0916667,0.001967213,mol_l
influent,HCO3,336.09375,0.001491803,mol_l
influent,HCO3,364.0916667,0.001508197,mol_l
influent,HCO3,392.0520833,0.001557377,mol_l
influent,HCO3,419.9354167,0.001885246,mol_l
influent,HCO3,455,0.002213115,mol_l
influent,HCO3,490.0604167,0.002131148,mol_l
influent,HCO3,518.1,0.00204918,mol_l
influent,HCO3,546.0479167,0.001508197,mol_l
influent,HCO3,574.0583333,0.001622951,mol_l
influent,HCO3,609.01875,0.00204918,mol_l
influent,HCO3,644.0958333,0.001590164,mol_l
influent,HCO3,672.0229167,0.00152459,mol_l
influent,HCO3,700.1020833,0.001803279,mol_l
influent,HCO3,728.01875,0.001803279,mol_l
influent,HCO3,756.0458333,0.001803279,mol_l
influent,HCO3,791.05,0.001885246,mol_l
influent,HCO3,826.05625,0.001606557,mol_l
influent,HCO3,854.0166667,0.001147541,mol_l
WP1-f1,Ca,0,0.001746507,mol_l
WP1-f1,Ca,364.0604167,0.001621756,mol_l
WP1-f2,Ca,0,0.001721557,mol_l
WP1-f2,Ca,140.0208333,0.001571856,mol_l
WP1-f2,Ca,196.05625,0.001472056,mol_l
WP1-f2,Ca,252.0104167,0.001796407,mol_l
WP1-f2,Ca,336.05625,0.001696607,mol_l
WP1-f2,Ca,518.0583333,0.001846307,mol_l
WP1-f2,Ca,574.0479167,0.001746507,mol_l
WP1-f2,Ca,618.0166667,0.001422156,mol_l
WP1-f2,Ca,644.0875,0.001671657,mol_l
WP1-f2,Ca,700.0625,0.001422156,mol_l
WP1-f2,Ca,756.0416667,0.001521956,mol_l
WP1-f2,Ca,826.0208333,0.001721557,mol_l
WP1-f3,Ca,0,0.001871257,mol_l
WP1-f3,Ca,6.141666667,0.001871257,mol_l
WP1-f3,Ca,10.05416667,0.001921158,mol_l
WP1-f3,Ca,14.12708333,0.001871257,mol_l
WP1-f3,Ca,21.05625,0.001846307,mol_l
WP1-f3,Ca,28.00833333,0.001846307,mol_l
WP1-f3,Ca,35.05625,0.001946108,mol_l
WP1-f3,Ca,42.06041667,0.001921158,mol_l
WP1-f3,Ca,57.125,0.001771457,mol_l
WP1-f3,Ca,70.0875,0.001646707,mol_l
WP1-f3,Ca,85.13333333,0.001771457,mol_l
WP1-f3,Ca,98.05833333,0.001546906,mol_l
WP1-f3,Ca,112.0479167,0.001571856,mol_l
WP1-f3,Ca,140.0166667,0.001497006,mol_l
WP1-f3,Ca,196.0520833,0.001546906,mol_l
WP1-f3,Ca,252.00625,0.001821357,mol_l
WP1-f3,Ca,308.0625,0.001497006,mol_l
WP1-f3,Ca,364.0583333,0.001472056,mol_l
WP1-f3,Ca,419.0458333,0.001347305,mol_l
WP1-f3,Ca,490.04375,0.001596806,mol_l
WP1-f3,Ca,518.0604167,0.001796407,mol_l
WP1-f3,Ca,609,0.001472056,mol_l
WP1-f3,Ca,700.0583333,0.001422156,mol_l
WP1-f3,Ca,791.0104167,0.001696607,mol_l
WP1-f4,Ca,0,0.001846307,mol_l
WP1-f4,Ca,42.05625,0.001996008,mol_l
WP1-f4,Ca,56.05,0.001846307,mol_l
WP1-f4,Ca,70.0625,0.001521956,mol_l
WP1-f4,Ca,84.06458333,0.001596806,mol_l
WP1-f4,Ca,98.05416667,0.001397206,mol_l
WP1-f4,Ca,112.04375,0.001347305,mol_l
WP1-f4,Ca,126.0604167,0.001247505,mol_l
WP1-f4,Ca,140.0104167,0.001222555,mol_l
WP1-f4,Ca,161.0645833,0.001521956,mol_l
WP1-f4,Ca,196.0479167,0.001521956,mol_l
WP1-f4,Ca,224.0604167,0.001422156,mol_l
WP1-f4,Ca,252.0041667,0.001771457,mol_l
WP1-f4,Ca,280.0604167,0.001671657,mol_l
WP1-f4,Ca,308.0604167,0.001372255,mol_l
WP1-f4,Ca,336.0520833,0.001621756,mol_l
WP1-f4,Ca,364.05625,0.001447106,mol_l
WP1-f4,Ca,419.0416667,0.001422156,mol_l
WP1-f4,Ca,490.0229167,0.001571856,mol_l
WP1-f4,Ca,518.0833333,0.001821357,mol_l
WP1-f4,Ca,574.0458333,0.001871257,mol_l
WP1-f4,Ca,644.0833333,0.001671657,mol_l
WP1-f4,Ca,700.0541667,0.001447106,mol_l
WP1-f4,Ca,756.0229167,0.001497006,mol_l
WP1-f4,Ca,826.0166667,0.001771457,mol_l
WP1-f5,Ca,0,0.002045908,mol_l
WP1-f5,Ca,196.0458333,0.002095808,mol_l
WP1-f5,Ca,280.05625,0,mol_l
WP1-f5,Ca,364.05,0,mol_l
WP1-f5,Ca,518.0875,0,mol_l
WP1-f5,Ca,618.0125,0.001946108,mol_l
WP1-f5,Ca,618.0416667,0.001921158,mol_l
WP1-f5,Ca,700.0520833,0.001896208,mol_l
WP2-f1,Ca,699.975,0.001796407,mol_l
WP2-f2,Ca,0,0.001796407,mol_l
WP2-f2,Ca,518.00625,0.001771457,mol_l
WP2-f2,Ca,574.0104167,0.001472056,mol_l
WP2-f2,Ca,644.0125,0.001497006,mol_l
WP2-f2,Ca,700.0125,0.001447106,mol_l
WP2-f2,Ca,756.0020833,0.001571856,mol_l
WP2-f2,Ca,826,0.001297405,mol_l
WP2-f3,Ca,0,0.001846307,mol_l
WP2-f3,Ca,161.0020833,0.001372255,mol_l
WP2-f3,Ca,490.00625,0.001721557,mol_l
WP2-f3,Ca,518.0083333,0.001771457,mol_l
WP2-f3,Ca,608.98125,0.001846307,mol_l
WP2-f3,Ca,700.0083333,0.001472056,mol_l
WP2-f3,Ca,791.0458333,0.001721557,mol_l
WP2-f4,Ca,0,0.001871257,mol_l
WP2-f4,Ca,6.083333333,0.001871257,mol_l
WP2-f4,Ca,9.979166667,0.001896208,mol_l
WP2-f4,Ca,14.00416667,0.001621756,mol_l
WP2-f4,Ca,20.97291667,0.001521956,mol_l
WP2-f4,Ca,28.01875,0.001571856,mol_l
WP2-f4,Ca,35.01041667,0.001771457,mol_l
WP2-f4,Ca,42.00625,0.001871257,mol_l
WP2-f4,Ca,56.01666667,0.001921158,mol_l
WP2-f4,Ca,70.01041667,0.001846307,mol_l
WP2-f4,Ca,84,0.001671657,mol_l
WP2-f4,Ca,98.01666667,0.001621756,mol_l
WP2-f4,Ca,112,0.001571856,mol_l
WP2-f4,Ca,126.0479167,0.001671657,mol_l
WP2-f4,Ca,139.9791667,0.001671657,mol_l
WP2-f4,Ca,161.00625,0.001397206,mol_l
WP2-f4,Ca,196.0125,0.001621756,mol_l
WP2-f4,Ca,224.0145833,0.001921158,mol_l
WP2-f4,Ca,252,0.001521956,mol_l
WP2-f4,Ca,280.0020833,0.001646707,mol_l
WP2-f4,Ca,308.0166667,0.001671657,mol_l
WP2-f4,Ca,336.00625,0.001347305,mol_l
WP2-f4,Ca,364.00625,0.001347305,mol_l
WP2-f4,Ca,419.0166667,0.001546906,mol_l
WP2-f4,Ca,490.0041667,0.001746507,mol_l
WP2-f4,Ca,518.0125,0.001771457,mol_l
WP2-f4,Ca,574.0083333,0.001447106,mol_l
WP2-f4,Ca,644.0166667,0.001521956,mol_l
WP2-f4,Ca,700.0979167,0.001472056,mol_l
WP2-f4,Ca,756,0.001571856,mol_l
WP2-f4,Ca,825.9791667,0.001297405,mol_l
WP2-f5,Ca,0,0.001746507,mol_l
WP2-f5,Ca,196.0104167,0.001671657,mol_l
WP2-f5,Ca,518.0166667,0.001621756,mol_l
WP2-f5,Ca,609,0.001721557,mol_l
WP2-f5,Ca,700.0041667,0.001596806,mol_l
WP2-f5,Ca,791.0041667,0.001696607,mol_l
WP3-f1,Ca,0,0.001696607,mol_l
WP3-f1,Ca,161.0125,0.001646707,mol_l
WP3-f1,Ca,700.0166667,0.001646707,mol_l
WP3-f2,Ca,0,0.001871257,mol_l
WP3-f2,Ca,161.0583333,0.001397206,mol_l
WP3-f2,Ca,518.0520833,0.001746507,mol_l
WP3-f2,Ca,574.0416667,0.001596806,mol_l
WP3-f2,Ca,644.05,0.001497006,mol_l
WP3-f2,Ca,700.0479167,0.001497006,mol_l
WP3-f2,Ca,756.0125,0.001521956,mol_l
WP3-f2,Ca,826.0041667,0.001397206,mol_l
WP3-f3,Ca,0,0.001896208,mol_l
WP3-f3,Ca,2.058333333,0.001846307,mol_l
WP3-f3,Ca,6.13125,0.001472056,mol_l
WP3-f3,Ca,10.02291667,0.001771457,mol_l
WP3-f3,Ca,14.1,0.001846307,mol_l
WP3-f3,Ca,21.02291667,0.001846307,mol_l
WP3-f3,Ca,27.97291667,0.001921158,mol_l
WP3-f3,Ca,35.04583333,0.001896208,mol_l
WP3-f3,Ca,42.04791667,0.001896208,mol_l
WP3-f3,Ca,57.1375,0.001846307,mol_l
WP3-f3,Ca,70.05416667,0.001646707,mol_l
WP3-f3,Ca,84.02291667,0.001621756,mol_l
WP3-f3,Ca,98.04791667,0.001596806,mol_l
WP3-f3,Ca,112.0166667,0.001721557,mol_l
WP3-f3,Ca,126.05625,0.001721557,mol_l
WP3-f3,Ca,140.0041667,0.001671657,mol_l
WP3-f3,Ca,161.04375,0.001422156,mol_l
WP3-f3,Ca,196.0229167,0.001896208,mol_l
WP3-f3,Ca,224.0479167,0.001896208,mol_l
WP3-f3,Ca,252.0166667,0.001347305,mol_l
WP3-f3,Ca,280.0229167,0.001671657,mol_l
WP3-f3,Ca,308.05625,0.001621756,mol_l
WP3-f3,Ca,336.0458333,0.001397206,mol_l
WP3-f3,Ca,364.0458333,0.001322355,mol_l
WP3-f3,Ca,419.0125,0.001646707,mol_l
WP3-f3,Ca,490.0166667,0.001671657,mol_l
WP3-f3,Ca,518.05,0.001746507,mol_l
WP3-f3,Ca,574.0229167,0.001646707,mol_l
WP3-f3,Ca,618.00625,0.001696607,mol_l
WP3-f3,Ca,617.9770833,0.001671657,mol_l
WP3-f3,Ca,644.0458333,0.001497006,mol_l
WP3-f3,Ca,700.04375,0.001497006,mol_l
WP3-f3,Ca,756.0166667,0.001497006,mol_l
WP3-f3,Ca,826.00625,0.001422156,mol_l
WP3-f4,Ca,0,0.002020958,mol_l
WP3-f4,Ca,2.052083333,0.001946108,mol_l
WP3-f4,Ca,6.127083333,0.001621756,mol_l
WP3-f4,Ca,10.01458333,0.001746507,mol_l
WP3-f4,Ca,14.05208333,0.001771457,mol_l
WP3-f4,Ca,21.01875,0.001846307,mol_l
WP3-f4,Ca,27.96875,0.001996008,mol_l
WP3-f4,Ca,35.02291667,0.001946108,mol_l
WP3-f4,Ca,42.04375,0.001896208,mol_l
WP3-f4,Ca,57.14791667,0.001946108,mol_l
WP3-f4,Ca,70.05,0.001721557,mol_l
WP3-f4,Ca,84.02083333,0.001671657,mol_l
WP3-f4,Ca,98.04375,0.001646707,mol_l
WP3-f4,Ca,112.0125,0.001796407,mol_l
WP3-f4,Ca,126.0541667,0.001721557,mol_l
WP3-f4,Ca,140.0020833,0.001721557,mol_l
WP3-f4,Ca,161.0229167,0.001497006,mol_l
WP3-f4,Ca,196.0208333,0.001946108,mol_l
WP3-f4,Ca,224.04375,0.001921158,mol_l
WP3-f4,Ca,252.0145833,0.001372255,mol_l
WP3-f4,Ca,280.01875,0.001746507,mol_l
WP3-f4,Ca,308.0541667,0.001596806,mol_l
WP3-f4,Ca,336.0416667,0.001397206,mol_l
WP3-f4,Ca,364.0145833,0.001397206,mol_l
WP3-f4,Ca,419.0083333,0.001621756,mol_l
WP3-f4,Ca,490.0125,0.001621756,mol_l
WP3-f4,Ca,518.0416667,0.001721557,mol_l
WP3-f4,Ca,574.01875,0.001621756,mol_l
WP3-f4,Ca,644.0416667,0.001521956,mol_l
WP3-f4,Ca,700.0416667,0.001521956,mol_l
WP3-f4,Ca,756.0104167,0.001521956,mol_l
WP3-f4,Ca,826.0083333,0.001447106,mol_l
WP3-f5,Ca,0,0.001846307,mol_l
WP3-f5,Ca,161.01875,0.001447106,mol_l
WP3-f5,Ca,574.0166667,0.001646707,mol_l
WP3-f5,Ca,700.0208333,0.001497006,mol_l
WP3-f5,Ca,826.0125,0.001472056,mol_l
WP4-f1,Ca,0,0.002045908,mol_l
WP4-f5,Ca,0,0.001946108,mol_l
WP4-f5,Ca,518,0.001771457,mol_l
WP4-f5,Ca,608.9770833,0.001397206,mol_l
WP4-f5,Ca,699.98125,0.001347305,mol_l
WP4-f5,Ca,791,0.001571856,mol_l
PP1-f1,Ca,0,0.001896208,mol_l
PP1-f1,Ca,336.0645833,0.001696607,mol_l
PP1-f1,Ca,518.0958333,0.001472056,mol_l
PP1-f1,Ca,609.0125,0.001372255,mol_l
PP1-f1,Ca,700.1,0.001621756,mol_l
PP1-f1,Ca,791.0145833,0.001771457,mol_l
PP1-f2,Ca,0,0.001921158,mol_l
PP1-f2,Ca,98.0875,0.001771457,mol_l
PP1-f2,Ca,112.0875,0.001871257,mol_l
PP1-f2,Ca,126.0833333,0.001896208,mol_l
PP1-f2,Ca,140.0520833,0.001846307,mol_l
PP1-f2,Ca,161.0916667,0.001896208,mol_l
PP1-f2,Ca,196.0604167,0.001796407,mol_l
PP1-f2,Ca,224.0645833,0.001846307,mol_l
PP1-f2,Ca,252.0416667,0.001846307,mol_l
PP1-f2,Ca,280.0833333,0.001796407,mol_l
PP1-f2,Ca,308.0833333,0.001821357,mol_l
PP1-f2,Ca,336.0833333,0.001896208,mol_l
PP1-f2,Ca,364.0833333,0.001821357,mol_l
PP1-f2,Ca,455.05,0.001921158,mol_l
PP1-f2,Ca,518.0895833,0.001771457,mol_l
PP1-f2,Ca,609.0104167,0.001621756,mol_l
PP1-f2,Ca,618.0583333,0.001621756,mol_l
PP1-f2,Ca,618.0916667,0.001621756,mol_l
PP1-f2,Ca,700.0854167,0.001497006,mol_l
PP1-f2,Ca,791.0416667,0.001397206,mol_l
PP1-f3,Ca,0,0.001896208,mol_l
PP1-f3,Ca,336.0604167,0.001896208,mol_l
PP1-f3,Ca,518.09375,0.001497006,mol_l
PP1-f3,Ca,609.00625,0.001521956,mol_l
PP1-f3,Ca,618.0541667,0.001521956,mol_l
PP1-f3,Ca,618.0833333,0.001596806,mol_l
PP1-f3,Ca,700.0645833,0.001497006,mol_l
PP1-f3,Ca,791.01875,0.001746507,mol_l
IP2-f1,Ca,0,0.002145709,mol_l
IP2-f1,Ca,224.01875,0.002020958,mol_l
IP2-f1,Ca,700.0145833,0.001796407,mol_l
IP2-f5,Ca,0,0.00254491,mol_l
PP1,Ca,1.00625,0.001971058,mol_l
PP1,Ca,98.09166667,0.001821357,mol_l
PP1,Ca,112.0916667,0.001871257,mol_l
PP1,Ca,126.0875,0.001896208,mol_l
PP1,Ca,140.05625,0.001846307,mol_l
PP1,Ca,161.0979167,0.001871257,mol_l
PP1,Ca,196.0645833,0.001746507,mol_l
PP1,Ca,224.0854167,0.001796407,mol_l
PP1,Ca,252.0479167,0.001771457,mol_l
PP1,Ca,280.0854167,0.001696607,mol_l
PP1,Ca,308.0875,0.001696607,mol_l
PP1,Ca,336.0895833,0.001721557,mol_l
PP1,Ca,364.0854167,0.001646707,mol_l
PP1,Ca,419.0583333,0.001621756,mol_l
PP1,Ca,490.0541667,0.001472056,mol_l
PP1,Ca,518.0979167,0.001546906,mol_l
PP1,Ca,574.0541667,0.001671657,mol_l
PP1,Ca,644.0916667,0.001671657,mol_l
PP1,Ca,700.0875,0.001571856,mol_l
PP1,Ca,756.0479167,0.001621756,mol_l
PP1,Ca,826.0520833,0.001646707,mol_l
influent,Ca,2.095833333,0.001771457,mol_l
influent,Ca,6.047916667,0.001821357,mol_l
influent,Ca,10.06458333,0.001846307,mol_l
influent,Ca,14.13125,0.001921158,mol_l
influent,Ca,21.0625,0.001821357,mol_l
influent,Ca,28.0625,0.001946108,mol_l
influent,Ca,35.08333333,0.001946108,mol_l
influent,Ca,42.06458333,0.001996008,mol_l
influent,Ca,56.06458333,0.001671657,mol_l
influent,Ca,70.09583333,0.001646707,mol_l
influent,Ca,85.16666667,0.001621756,mol_l
influent,Ca,98.09791667,0.001646707,mol_l
influent,Ca,112.0958333,0.001721557,mol_l
influent,Ca,126.0958333,0.001646707,mol_l
influent,Ca,140.0583333,0.001696607,mol_l
influent,Ca,161.1,0.001447106,mol_l
influent,Ca,196.0854167,0.001871257,mol_l
influent,Ca,224.0875,0.001696607,mol_l
influent,Ca,252.0583333,0.001422156,mol_l
influent,Ca,280.0979167,0.001671657,mol_l
influent,Ca,308.0916667,0.001646707,mol_l
influent,Ca,336.09375,0.001422156,mol_l
influent,Ca,364.0916667,0.001347305,mol_l
influent,Ca,392.0520833,0.001422156,mol_l
influent,Ca,419.9354167,0.001497006,mol_l
influent,Ca,455,0.001871257,mol_l
influent,Ca,490.0604167,0.001621756,mol_l
influent,Ca,518.1,0.001746507,mol_l
influent,Ca,546.0479167,0.001497006,mol_l
influent,Ca,574.0583333,0.001521956,mol_l
influent,Ca,609.01875,0.001821357,mol_l
influent,Ca,644.0958333,0.001546906,mol_l
influent,Ca,672.0229167,0.001322355,mol_l
influent,Ca,700.1020833,0.001521956,mol_l
influent,Ca,728.01875,0.001521956,mol_l
influent,Ca,756.0458333,0.001571856,mol_l
influent,Ca,791.05,0.001596806,mol_l
influent,Ca,826.05625,0.001571856,mol_l
influent,Ca,854.0166667,0.001197605,mol_l
WP1-f1,Na,0,0.001130936,mol_l
WP1-f1,Na,364.0604167,0.001000444,mol_l
WP1-f2,Na,0,0.001087439,mol_l
WP1-f2,Na,140.0208333,0.001609409,mol_l
WP1-f2,Na,196.05625,0.001391922,mol_l
WP1-f2,Na,252.0104167,0.001261429,mol_l
WP1-f2,Na,336.05625,0.001130936,mol_l
WP1-f2,Na,518.0583333,0.002044385,mol_l
WP1-f2,Na,574.0479167,0.001522414,mol_l
WP1-f2,Na,618.0166667,0.001043941,mol_l
WP1-f2,Na,644.0875,0.001130936,mol_l
WP1-f2,Na,700.0625,0.001130936,mol_l
WP1-f2,Na,756.0416667,0.001130936,mol_l
WP1-f2,Na,826.0208333,0.001609409,mol_l
WP1-f3,Na,0,0.000608966,mol_l
WP1-f3,Na,6.141666667,0.000652463,mol_l
WP1-f3,Na,10.05416667,0.000608966,mol_l
WP1-f3,Na,14.12708333,0.000608966,mol_l
WP1-f3,Na,21.05625,0.000608966,mol_l
WP1-f3,Na,28.00833333,0.000608966,mol_l
WP1-f3,Na,35.05625,0.000608966,mol_l
WP1-f3,Na,42.06041667,0.000956946,mol_l
WP1-f3,Na,57.125,0.001130936,mol_l
WP1-f3,Na,70.0875,0.001913892,mol_l
WP1-f3,Na,85.13333333,0.002087882,mol_l
WP1-f3,Na,98.05833333,0.002087882,mol_l
WP1-f3,Na,112.0479167,0.00195739,mol_l
WP1-f3,Na,140.0166667,0.001652907,mol_l
WP1-f3,Na,196.0520833,0.001565912,mol_l
WP1-f3,Na,252.00625,0.001217931,mol_l
WP1-f3,Na,308.0625,0.001043941,mol_l
WP1-f3,Na,364.0583333,0.001174434,mol_l
WP1-f3,Na,419.0458333,0.001087439,mol_l
WP1-f3,Na,490.04375,0.001478917,mol_l
WP1-f3,Na,518.0604167,0.001913892,mol_l
WP1-f3,Na,609,0.001043941,mol_l
WP1-f3,Na,700.0583333,0.001130936,mol_l
WP1-f3,Na,791.0104167,0.001478917,mol_l
WP1-f4,Na,0,0.000652463,mol_l
WP1-f4,Na,42.05625,0.000652463,mol_l
WP1-f4,Na,56.05,0.000913449,mol_l
WP1-f4,Na,70.0625,0.002000887,mol_l
WP1-f4,Na,84.06458333,0.002218375,mol_l
WP1-f4,Na,98.05416667,0.00213138,mol_l
WP1-f4,Na,112.04375,0.002044385,mol_l
WP1-f4,Na,126.0604167,0.001913892,mol_l
WP1-f4,Na,140.0104167,0.001609409,mol_l
WP1-f4,Na,161.0645833,0.0017834,mol_l
WP1-f4,Na,196.0479167,0.001826897,mol_l
WP1-f4,Na,224.0604167,0.001087439,mol_l
WP1-f4,Na,252.0041667,0.001087439,mol_l
WP1-f4,Na,280.0604167,0.001391922,mol_l
WP1-f4,Na,308.0604167,0.001043941,mol_l
WP1-f4,Na,336.0520833,0.001000444,mol_l
WP1-f4,Na,364.05625,0.001261429,mol_l
WP1-f4,Na,419.0416667,0.001217931,mol_l
WP1-f4,Na,490.0229167,0.001565912,mol_l
WP1-f4,Na,518.0833333,0.00195739,mol_l
WP1-f4,Na,574.0458333,0.001609409,mol_l
WP1-f4,Na,644.0833333,0.001087439,mol_l
WP1-f4,Na,700.0541667,0.001130936,mol_l
WP1-f4,Na,756.0229167,0.001217931,mol_l
WP1-f4,Na,826.0166667,0.001652907,mol_l
WP1-f5,Na,0,0.000695961,mol_l
WP1-f5,Na,196.0458333,0.000695961,mol_l
WP1-f5,Na,618.0125,0.000782956,mol_l
WP1-f5,Na,618.0416667,0.000782956,mol_l
WP1-f5,Na,700.0520833,0.000739458,mol_l
WP2-f1,Na,0,0.001304927,mol_l
WP2-f1,Na,699.975,0.001130936,mol_l
WP2-f2,Na,0,0.000695961,mol_l
WP2-f2,Na,518.00625,0.001522414,mol_l
WP2-f2,Na,574.0104167,0.000869951,mol_l
WP2-f2,Na,644.0125,0.001261429,mol_l
WP2-f2,Na,700.0125,0.001043941,mol_l
WP2-f2,Na,756.0020833,0.001522414,mol_l
WP2-f2,Na,826,0.001565912,mol_l
WP2-f3,Na,0,0.000608966,mol_l
WP2-f3,Na,161.0020833,0.001043941,mol_l
WP2-f3,Na,490.00625,0.0017834,mol_l
WP2-f3,Na,518.0083333,0.001609409,mol_l
WP2-f3,Na,608.98125,0.001261429,mol_l
WP2-f3,Na,700.0083333,0.001087439,mol_l
WP2-f3,Na,791.0458333,0.001870395,mol_l
WP2-f4,Na,0,0.000652463,mol_l
WP2-f4,Na,6.083333333,0.000695961,mol_l
WP2-f4,Na,9.979166667,0.000739458,mol_l
WP2-f4,Na,14.00416667,0.001739902,mol_l
WP2-f4,Na,20.97291667,0.00195739,mol_l
WP2-f4,Na,28.01875,0.002087882,mol_l
WP2-f4,Na,35.01041667,0.002000887,mol_l
WP2-f4,Na,42.00625,0.002174878,mol_l
WP2-f4,Na,56.01666667,0.002261873,mol_l
WP2-f4,Na,70.01041667,0.002174878,mol_l
WP2-f4,Na,84,0.001739902,mol_l
WP2-f4,Na,98.01666667,0.001478917,mol_l
WP2-f4,Na,112,0.001739902,mol_l
WP2-f4,Na,126.0479167,0.002044385,mol_l
WP2-f4,Na,139.9791667,0.001739902,mol_l
WP2-f4,Na,161.00625,0.001087439,mol_l
WP2-f4,Na,196.0125,0.001000444,mol_l
WP2-f4,Na,224.0145833,0.001478917,mol_l
WP2-f4,Na,252,0.000956946,mol_l
WP2-f4,Na,280.0020833,0.001000444,mol_l
WP2-f4,Na,308.0166667,0.001217931,mol_l
WP2-f4,Na,336.00625,0.001000444,mol_l
WP2-f4,Na,364.00625,0.001217931,mol_l
WP2-f4,Na,419.0166667,0.001217931,mol_l
WP2-f4,Na,490.0041667,0.0017834,mol_l
WP2-f4,Na,518.0125,0.001565912,mol_l
WP2-f4,Na,574.0083333,0.000869951,mol_l
WP2-f4,Na,644.0166667,0.001174434,mol_l
WP2-f4,Na,700.0979167,0.001087439,mol_l
WP2-f4,Na,756,0.001478917,mol_l
WP2-f4,Na,825.9791667,0.001174434,mol_l
WP2-f5,Na,0,0.000652463,mol_l
WP2-f5,Na,196.0104167,0.000913449,mol_l
WP2-f5,Na,518.0166667,0.000956946,mol_l
WP2-f5,Na,609,0.001174434,mol_l
WP2-f5,Na,700.0041667,0.001130936,mol_l
WP2-f5,Na,791.0041667,0.001174434,mol_l
WP3-f1,Na,0,0.001261429,mol_l
WP3-f1,Na,161.0125,0.001087439,mol_l
WP3-f1,Na,700.0166667,0.001130936,mol_l
WP3-f2,Na,0,0.000695961,mol_l
WP3-f2,Na,161.0583333,0.001000444,mol_l
WP3-f2,Na,518.0520833,0.001304927,mol_l
WP3-f2,Na,574.0416667,0.000913449,mol_l
WP3-f2,Na,644.05,0.001217931,mol_l
WP3-f2,Na,700.0479167,0.001130936,mol_l
WP3-f2,Na,756.0125,0.001391922,mol_l
WP3-f2,Na,826.0041667,0.001261429,mol_l
WP3-f3,Na,0,0.000608966,mol_l
WP3-f3,Na,2.058333333,0.000608966,mol_l
WP3-f3,Na,6.13125,0.001652907,mol_l
WP3-f3,Na,10.02291667,0.00195739,mol_l
WP3-f3,Na,14.1,0.00195739,mol_l
WP3-f3,Na,21.02291667,0.00195739,mol_l
WP3-f3,Na,27.97291667,0.002087882,mol_l
WP3-f3,Na,35.04583333,0.002087882,mol_l
WP3-f3,Na,42.04791667,0.002044385,mol_l
WP3-f3,Na,57.1375,0.002044385,mol_l
WP3-f3,Na,70.05416667,0.002261873,mol_l
WP3-f3,Na,84.02291667,0.001565912,mol_l
WP3-f3,Na,98.04791667,0.001565912,mol_l
WP3-f3,Na,112.0166667,0.00195739,mol_l
WP3-f3,Na,126.05625,0.001870395,mol_l
WP3-f3,Na,140.0041667,0.001826897,mol_l
WP3-f3,Na,161.04375,0.001000444,mol_l
WP3-f3,Na,196.0229167,0.001130936,mol_l
WP3-f3,Na,224.0479167,0.001391922,mol_l
WP3-f3,Na,252.0166667,0.000869951,mol_l
WP3-f3,Na,280.0229167,0.001043941,mol_l
WP3-f3,Na,308.05625,0.001304927,mol_l
WP3-f3,Na,336.0458333,0.001174434,mol_l
WP3-f3,Na,364.0458333,0.001391922,mol_l
WP3-f3,Na,419.0125,0.001435419,mol_l
WP3-f3,Na,490.0166667,0.001696404,mol_l
WP3-f3,Na,518.05,0.001304927,mol_l
WP3-f3,Na,574.0229167,0.000956946,mol_l
WP3-f3,Na,618.00625,0.001391922,mol_l
WP3-f3,Na,617.9770833,0.001348424,mol_l
WP3-f3,Na,644.0458333,0.001261429,mol_l
WP3-f3,Na,700.04375,0.001087439,mol_l
WP3-f3,Na,756.0166667,0.001435419,mol_l
WP3-f3,Na,826.00625,0.001304927,mol_l
WP3-f4,Na,0,0.000695961,mol_l
WP3-f4,Na,2.052083333,0.000608966,mol_l
WP3-f4,Na,6.127083333,0.001565912,mol_l
WP3-f4,Na,10.01458333,0.001913892,mol_l
WP3-f4,Na,14.05208333,0.00195739,mol_l
WP3-f4,Na,21.01875,0.002000887,mol_l
WP3-f4,Na,27.96875,0.002087882,mol_l
WP3-f4,Na,35.02291667,0.002218375,mol_l
WP3-f4,Na,42.04375,0.002087882,mol_l
WP3-f4,Na,57.14791667,0.00213138,mol_l
WP3-f4,Na,70.05,0.002261873,mol_l
WP3-f4,Na,84.02083333,0.001565912,mol_l
WP3-f4,Na,98.04375,0.001565912,mol_l
WP3-f4,Na,112.0125,0.002000887,mol_l
WP3-f4,Na,126.0541667,0.001870395,mol_l
WP3-f4,Na,140.0020833,0.001826897,mol_l
WP3-f4,Na,161.0229167,0.001000444,mol_l
WP3-f4,Na,196.0208333,0.001130936,mol_l
WP3-f4,Na,224.04375,0.001391922,mol_l
WP3-f4,Na,252.0145833,0.000869951,mol_l
WP3-f4,Na,280.01875,0.001087439,mol_l
WP3-f4,Na,308.0541667,0.001304927,mol_l
WP3-f4,Na,336.0416667,0.001087439,mol_l
WP3-f4,Na,364.0145833,0.001435419,mol_l
WP3-f4,Na,419.0083333,0.001478917,mol_l
WP3-f4,Na,490.0125,0.001739902,mol_l
WP3-f4,Na,518.0416667,0.001261429,mol_l
WP3-f4,Na,574.01875,0.000913449,mol_l
WP3-f4,Na,644.0416667,0.001217931,mol_l
WP3-f4,Na,700.0416667,0.001043941,mol_l
WP3-f4,Na,756.0104167,0.001435419,mol_l
WP3-f4,Na,826.0083333,0.001261429,mol_l
WP3-f5,Na,0,0.000652463,mol_l
WP3-f5,Na,161.01875,0.001087439,mol_l
WP3-f5,Na,574.0166667,0.000913449,mol_l
WP3-f5,Na,700.0208333,0.001000444,mol_l
WP3-f5,Na,826.0125,0.001391922,mol_l
WP4-f1,Na,0,0.001000444,mol_l
WP4-f5,Na,0,0.000652463,mol_l
WP4-f5,Na,518,0.001870395,mol_l
WP4-f5,Na,608.9770833,0.000956946,mol_l
WP4-f5,Na,699.98125,0.001000444,mol_l
WP4-f5,Na,791,0.001478917,mol_l
PP1-f1,Na,0,0.000695961,mol_l
PP1-f1,Na,336.0645833,0.001391922,mol_l
PP1-f1,Na,518.0958333,0.001130936,mol_l
PP1-f1,Na,609.0125,0.001130936,mol_l
PP1-f1,Na,700.1,0.001348424,mol_l
PP1-f1,Na,791.0145833,0.001087439,mol_l
PP1-f2,Na,0,0.000608966,mol_l
PP1-f2,Na,98.0875,0.000739458,mol_l
PP1-f2,Na,112.0875,0.000695961,mol_l
PP1-f2,Na,126.0833333,0.000695961,mol_l
PP1-f2,Na,140.0520833,0.000652463,mol_l
PP1-f2,Na,161.0916667,0.000695961,mol_l
PP1-f2,Na,196.0604167,0.000652463,mol_l
PP1-f2,Na,224.0645833,0.000652463,mol_l
PP1-f2,Na,252.0416667,0.000652463,mol_l
PP1-f2,Na,280.0833333,0.000652463,mol_l
PP1-f2,Na,308.0833333,0.000695961,mol_l
PP1-f2,Na,336.0833333,0.000695961,mol_l
PP1-f2,Na,364.0833333,0.000695961,mol_l
PP1-f2,Na,455.05,0.000695961,mol_l
PP1-f2,Na,518.0895833,0.000695961,mol_l
PP1-f2,Na,609.0104167,0.000956946,mol_l
PP1-f2,Na,618.0583333,0.001087439,mol_l
PP1-f2,Na,618.0916667,0.001043941,mol_l
PP1-f2,Na,700.0854167,0.000913449,mol_l
PP1-f2,Na,791.0416667,0.001304927,mol_l
PP1-f3,Na,0,0.000608966,mol_l
PP1-f3,Na,336.0604167,0.000652463,mol_l
PP1-f3,Na,518.09375,0.001130936,mol_l
PP1-f3,Na,609.00625,0.000956946,mol_l
PP1-f3,Na,618.0541667,0.001043941,mol_l
PP1-f3,Na,618.0833333,0.001000444,mol_l
PP1-f3,Na,700.0645833,0.000869951,mol_l
PP1-f3,Na,791.01875,0.000869951,mol_l
IP2-f1,Na,0,0.001043941,mol_l
IP2-f1,Na,224.01875,0.001043941,mol_l
IP2-f1,Na,700.0145833,0.000956946,mol_l
IP2-f5,Na,0,0.000695961,mol_l
PP1,Na,1.00625,0.000608966,mol_l
PP1,Na,98.09166667,0.000608966,mol_l
PP1,Na,112.0916667,0.000608966,mol_l
PP1,Na,126.0875,0.000652463,mol_l
PP1,Na,140.05625,0.000652463,mol_l
PP1,Na,161.0979167,0.000739458,mol_l
PP1,Na,196.0645833,0.000869951,mol_l
PP1,Na,224.0854167,0.000956946,mol_l
PP1,Na,252.0479167,0.001043941,mol_l
PP1,Na,280.0854167,0.001043941,mol_l
PP1,Na,308.0875,0.001043941,mol_l
PP1,Na,336.0895833,0.001087439,mol_l
PP1,Na,364.0854167,0.001000444,mol_l
PP1,Na,419.0583333,0.001000444,mol_l
PP1,Na,490.0541667,0.000913449,mol_l
PP1,Na,518.0979167,0.000956946,mol_l
PP1,Na,574.0541667,0.001043941,mol_l
PP1,Na,644.0916667,0.001174434,mol_l
PP1,Na,700.0875,0.001174434,mol_l
PP1,Na,756.0479167,0.001000444,mol_l
PP1,Na,826.0520833,0.001000444,mol_l
influent,Na,2.095833333,0.0017834,mol_l
influent,Na,6.047916667,0.001826897,mol_l
influent,Na,10.06458333,0.001870395,mol_l
influent,Na,14.13125,0.00213138,mol_l
influent,Na,21.0625,0.002044385,mol_l
influent,Na,28.0625,0.002218375,mol_l
influent,Na,35.08333333,0.002218375,mol_l
influent,Na,42.06458333,0.002261873,mol_l
influent,Na,56.06458333,0.00195739,mol_l
influent,Na,70.09583333,0.0017834,mol_l
influent,Na,85.16666667,0.001652907,mol_l
influent,Na,98.09791667,0.0017834,mol_l
influent,Na,112.0958333,0.002044385,mol_l
influent,Na,126.0958333,0.001913892,mol_l
influent,Na,140.0583333,0.0017834,mol_l
influent,Na,161.1,0.001000444,mol_l
influent,Na,196.0854167,0.001261429,mol_l
influent,Na,224.0875,0.001565912,mol_l
influent,Na,252.0583333,0.000869951,mol_l
influent,Na,280.0979167,0.001130936,mol_l
influent,Na,308.0916667,0.001348424,mol_l
influent,Na,336.09375,0.001130936,mol_l
influent,Na,364.0916667,0.001348424,mol_l
influent,Na,392.0520833,0.001261429,mol_l
influent,Na,419.9354167,0.002044385,mol_l
influent,Na,455,0.002000887,mol_l
influent,Na,490.0604167,0.001739902,mol_l
influent,Na,518.1,0.001261429,mol_l
influent,Na,546.0479167,0.001043941,mol_l
influent,Na,574.0583333,0.001087439,mol_l
influent,Na,609.01875,0.001261429,mol_l
influent,Na,644.0958333,0.001130936,mol_l
influent,Na,672.0229167,0.001043941,mol_l
influent,Na,700.1020833,0.001130936,mol_l
influent,Na,728.01875,0.001261429,mol_l
influent,Na,756.0458333,0.001696404,mol_l
influent,Na,791.05,0.001826897,mol_l
influent,Na,826.05625,0.001261429,mol_l
influent,Na,854.0166667,0.001000444,mol_l
WP1-f1,Fe,0,8.77507E-05,mol_l
WP1-f1,Fe,112.0520833,9.13324E-05,mol_l
WP1-f1,Fe,140.0145833,8.41691E-05,mol_l
WP1-f1,Fe,196.0541667,7.87966E-05,mol_l
WP1-f1,Fe,280.0625,7.70057E-05,mol_l
WP1-f1,Fe,364.0604167,7.70057E-05,mol_l
WP1-f1,Fe,518.0541667,8.05874E-05,mol_l
WP1-f1,Fe,700.05625,7.87966E-05,mol_l
WP1-f2,Fe,0,9.31232E-05,mol_l
WP1-f2,Fe,112.05,2.68625E-07,mol_l
WP1-f2,Fe,126.0625,1.25358E-06,mol_l
WP1-f2,Fe,140.0208333,6.80516E-06,mol_l
WP1-f2,Fe,196.05625,4.65616E-06,mol_l
WP1-f2,Fe,252.0104167,2.149E-05,mol_l
WP1-f2,Fe,336.05625,1.96991E-05,mol_l
WP1-f2,Fe,455.0458333,1.68338E-05,mol_l
WP1-f2,Fe,518.0583333,1.68338E-05,mol_l
WP1-f2,Fe,574.0479167,1.96991E-05,mol_l
WP1-f2,Fe,618.0166667,1.96991E-05,mol_l
WP1-f2,Fe,644.0875,2.32808E-05,mol_l
WP1-f2,Fe,700.0625,1.77292E-05,mol_l
WP1-f2,Fe,756.0416667,1.57593E-05,mol_l
WP1-f2,Fe,826.0208333,1.5043E-05,mol_l
WP1-f3,Fe,0,0.000127149,mol_l
WP1-f3,Fe,6.141666667,0.000114613,mol_l
WP1-f3,Fe,10.05416667,0.000116404,mol_l
WP1-f3,Fe,14.12708333,0.000112822,mol_l
WP1-f3,Fe,21.05625,0.000111032,mol_l
WP1-f3,Fe,28.00833333,0.000111032,mol_l
WP1-f3,Fe,35.05625,0.000111032,mol_l
WP1-f3,Fe,42.06041667,0.000112822,mol_l
WP1-f3,Fe,57.125,8.59599E-05,mol_l
WP1-f3,Fe,70.0875,3.93983E-05,mol_l
WP1-f3,Fe,85.13333333,5.55158E-06,mol_l
WP1-f3,Fe,98.05833333,8.59599E-06,mol_l
WP1-f3,Fe,112.0479167,5.55158E-06,mol_l
WP1-f3,Fe,140.0166667,3.93983E-06,mol_l
WP1-f3,Fe,196.0520833,2.149E-06,mol_l
WP1-f3,Fe,252.00625,1.0745E-06,mol_l
WP1-f3,Fe,308.0625,1.0745E-06,mol_l
WP1-f3,Fe,364.0583333,1.25358E-06,mol_l
WP1-f3,Fe,419.0458333,6.80516E-06,mol_l
WP1-f3,Fe,490.04375,8.77507E-06,mol_l
WP1-f3,Fe,518.0604167,7.70057E-06,mol_l
WP1-f3,Fe,609,8.95415E-07,mol_l
WP1-f3,Fe,700.0583333,8.95415E-07,mol_l
WP1-f3,Fe,791.0104167,7.16332E-07,mol_l
WP1-f4,Fe,0,0.000118195,mol_l
WP1-f4,Fe,28.00625,0.000103868,mol_l
WP1-f4,Fe,35.05208333,0.000103868,mol_l
WP1-f4,Fe,42.05625,0.000112822,mol_l
WP1-f4,Fe,56.05,0.00010745,mol_l
WP1-f4,Fe,70.0625,6.98424E-05,mol_l
WP1-f4,Fe,84.06458333,1.46848E-05,mol_l
WP1-f4,Fe,98.05416667,8.05874E-06,mol_l
WP1-f4,Fe,112.04375,6.26791E-06,mol_l
WP1-f4,Fe,126.0604167,3.76074E-06,mol_l
WP1-f4,Fe,140.0104167,7.16332E-07,mol_l
WP1-f4,Fe,161.0645833,5.37249E-07,mol_l
WP1-f4,Fe,196.0479167,5.37249E-07,mol_l
WP1-f4,Fe,224.0604167,7.16332E-07,mol_l
WP1-f4,Fe,252.0041667,2.68625E-07,mol_l
WP1-f4,Fe,280.0604167,7.16332E-07,mol_l
WP1-f4,Fe,308.0604167,2.68625E-07,mol_l
WP1-f4,Fe,336.0520833,2.68625E-07,mol_l
WP1-f4,Fe,364.05625,7.16332E-07,mol_l
WP1-f4,Fe,419.0416667,5.19341E-06,mol_l
WP1-f4,Fe,490.0229167,7.87966E-06,mol_l
WP1-f4,Fe,518.0833333,6.26791E-06,mol_l
WP1-f4,Fe,574.0458333,5.37249E-07,mol_l
WP1-f4,Fe,644.0833333,5.37249E-07,mol_l
WP1-f4,Fe,700.0541667,7.16332E-07,mol_l
WP1-f4,Fe,756.0229167,3.04441E-06,mol_l
WP1-f4,Fe,826.0166667,4.65616E-06,mol_l
WP1-f5,Fe,0,0.000175501,mol_l
WP1-f5,Fe,112.0416667,0.000175501,mol_l
WP1-f5,Fe,140.0083333,0.000177292,mol_l
WP1-f5,Fe,196.0458333,0.000196991,mol_l
WP1-f5,Fe,280.05625,0.000164756,mol_l
WP1-f5,Fe,364.05,0.000154011,mol_l
WP1-f5,Fe,518.0875,0.000136103,mol_l
WP1-f5,Fe,618.0125,0.000146848,mol_l
WP1-f5,Fe,618.0416667,0.000136103,mol_l
WP1-f5,Fe,700.0520833,0.00012894,mol_l
WP2-f1,Fe,0,0.00010745,mol_l
WP2-f1,Fe,70.02083333,0.000112822,mol_l
WP2-f1,Fe,126.04375,9.4914E-05,mol_l
WP2-f1,Fe,196,9.4914E-05,mol_l
WP2-f1,Fe,308.0208333,8.41691E-05,mol_l
WP2-f1,Fe,490.0083333,8.05874E-05,mol_l
WP2-f1,Fe,517.9770833,8.59599E-05,mol_l
WP2-f1,Fe,699.975,8.41691E-05,mol_l
WP2-f2,Fe,0,0.000100287,mol_l
WP2-f2,Fe,28.04583333,6.62607E-06,mol_l
WP2-f2,Fe,42.0125,1.43266E-06,mol_l
WP2-f2,Fe,70.01875,2.68625E-07,mol_l
WP2-f2,Fe,98.02083333,8.95415E-07,mol_l
WP2-f2,Fe,126.0958333,1.43266E-06,mol_l
WP2-f2,Fe,196.0166667,2.68625E-07,mol_l
WP2-f2,Fe,308.01875,1.61175E-06,mol_l
WP2-f2,Fe,455.0083333,5.19341E-06,mol_l
WP2-f2,Fe,518.00625,2.32808E-06,mol_l
WP2-f2,Fe,574.0104167,8.41691E-06,mol_l
WP2-f2,Fe,644.0125,1.79083E-06,mol_l
WP2-f2,Fe,700.0125,3.04441E-06,mol_l
WP2-f2,Fe,756.0020833,6.80516E-06,mol_l
WP2-f2,Fe,826,3.76074E-06,mol_l
WP2-f3,Fe,0,0.000111032,mol_l
WP2-f3,Fe,6.089583333,9.31232E-05,mol_l
WP2-f3,Fe,14.01041667,4.83524E-05,mol_l
WP2-f3,Fe,20.97708333,1.96991E-05,mol_l
WP2-f3,Fe,28.04166667,2.149E-06,mol_l
WP2-f3,Fe,56.02083333,5.37249E-07,mol_l
WP2-f3,Fe,84.00416667,2.68625E-07,mol_l
WP2-f3,Fe,111.98125,2.68625E-07,mol_l
WP2-f3,Fe,161.0020833,2.68625E-07,mol_l
WP2-f3,Fe,224.0166667,2.68625E-07,mol_l
WP2-f3,Fe,280.00625,2.68625E-07,mol_l
WP2-f3,Fe,336.0083333,2.68625E-07,mol_l
WP2-f3,Fe,419.0208333,5.37249E-07,mol_l
WP2-f3,Fe,490.00625,5.37249E-07,mol_l
WP2-f3,Fe,518.0083333,5.37249E-07,mol_l
WP2-f3,Fe,608.98125,5.37249E-07,mol_l
WP2-f3,Fe,700.0083333,5.37249E-07,mol_l
WP2-f3,Fe,791.0458333,5.37249E-07,mol_l
WP2-f4,Fe,0,0.000103868,mol_l
WP2-f4,Fe,6.083333333,9.31232E-05,mol_l
WP2-f4,Fe,9.979166667,0.000102077,mol_l
WP2-f4,Fe,14.00416667,8.05874E-05,mol_l
WP2-f4,Fe,20.97291667,5.01433E-05,mol_l
WP2-f4,Fe,28.01875,2.68625E-05,mol_l
WP2-f4,Fe,35.01041667,2.50716E-06,mol_l
WP2-f4,Fe,42.00625,5.37249E-07,mol_l
WP2-f4,Fe,56.01666667,2.68625E-07,mol_l
WP2-f4,Fe,70.01041667,2.68625E-07,mol_l
WP2-f4,Fe,84,2.68625E-07,mol_l
WP2-f4,Fe,98.01666667,7.16332E-07,mol_l
WP2-f4,Fe,112,7.16332E-07,mol_l
WP2-f4,Fe,126.0479167,2.68625E-07,mol_l
WP2-f4,Fe,139.9791667,2.68625E-07,mol_l
WP2-f4,Fe,161.00625,2.68625E-07,mol_l
WP2-f4,Fe,196.0125,2.68625E-07,mol_l
WP2-f4,Fe,224.0145833,2.68625E-07,mol_l
WP2-f4,Fe,252,2.68625E-07,mol_l
WP2-f4,Fe,280.0020833,2.68625E-07,mol_l
WP2-f4,Fe,308.0166667,2.68625E-07,mol_l
WP2-f4,Fe,336.00625,2.68625E-07,mol_l
WP2-f4,Fe,364.00625,2.68625E-07,mol_l
WP2-f4,Fe,419.0166667,5.37249E-07,mol_l
WP2-f4,Fe,490.0041667,5.37249E-07,mol_l
WP2-f4,Fe,518.0125,5.37249E-07,mol_l
WP2-f4,Fe,574.0083333,5.37249E-07,mol_l
WP2-f4,Fe,644.0166667,5.37249E-07,mol_l
WP2-f4,Fe,700.0979167,5.37249E-07,mol_l
WP2-f4,Fe,756,5.37249E-07,mol_l
WP2-f4,Fe,825.9791667,5.37249E-07,mol_l
WP2-f5,Fe,0,0.000103868,mol_l
WP2-f5,Fe,28.01458333,0.00010745,mol_l
WP2-f5,Fe,42.00208333,0.000109241,mol_l
WP2-f5,Fe,70.00625,0.000125358,mol_l
WP2-f5,Fe,98.0125,0.000103868,mol_l
WP2-f5,Fe,126.0416667,0.000102077,mol_l
WP2-f5,Fe,196.0104167,9.4914E-05,mol_l
WP2-f5,Fe,308.0125,9.13324E-05,mol_l
WP2-f5,Fe,455.00625,9.13324E-05,mol_l
WP2-f5,Fe,518.0166667,8.41691E-05,mol_l
WP2-f5,Fe,609,8.59599E-05,mol_l
WP2-f5,Fe,700.0041667,8.23782E-05,mol_l
WP2-f5,Fe,791.0041667,9.13324E-05,mol_l
WP3-f1,Fe,0,7.87966E-05,mol_l
WP3-f1,Fe,10.04583333,7.34241E-05,mol_l
WP3-f1,Fe,14.10625,7.16332E-05,mol_l
WP3-f1,Fe,21.05208333,7.34241E-05,mol_l
WP3-f1,Fe,27.98125,7.34241E-05,mol_l
WP3-f1,Fe,57.125,6.80516E-05,mol_l
WP3-f1,Fe,84.04583333,7.87966E-05,mol_l
WP3-f1,Fe,112.0145833,8.23782E-05,mol_l
WP3-f1,Fe,161.0125,6.98424E-05,mol_l
WP3-f1,Fe,224.0416667,7.34241E-05,mol_l
WP3-f1,Fe,280.0125,7.34241E-05,mol_l
WP3-f1,Fe,336.01875,7.34241E-05,mol_l
WP3-f1,Fe,455.0166667,7.87966E-05,mol_l
WP3-f1,Fe,518.01875,7.16332E-05,mol_l
WP3-f1,Fe,700.0166667,7.70057E-05,mol_l
WP3-f2,Fe,0,0.000103868,mol_l
WP3-f2,Fe,2.064583333,0.000102077,mol_l
WP3-f2,Fe,6.135416667,6.44699E-05,mol_l
WP3-f2,Fe,10.04375,3.2235E-05,mol_l
WP3-f2,Fe,14.10416667,1.54011E-05,mol_l
WP3-f2,Fe,21.04583333,3.40258E-06,mol_l
WP3-f2,Fe,27.97916667,1.61175E-06,mol_l
WP3-f2,Fe,57.14375,7.16332E-07,mol_l
WP3-f2,Fe,84.04375,7.16332E-07,mol_l
WP3-f2,Fe,112.01875,2.68625E-07,mol_l
WP3-f2,Fe,161.0583333,2.68625E-07,mol_l
WP3-f2,Fe,224.0520833,2.68625E-07,mol_l
WP3-f2,Fe,280.0520833,2.68625E-07,mol_l
WP3-f2,Fe,336.0479167,2.68625E-07,mol_l
WP3-f2,Fe,455.0416667,5.37249E-07,mol_l
WP3-f2,Fe,518.0520833,5.37249E-07,mol_l
WP3-f2,Fe,574.0416667,5.37249E-07,mol_l
WP3-f2,Fe,644.05,5.37249E-07,mol_l
WP3-f2,Fe,700.0479167,5.37249E-07,mol_l
WP3-f2,Fe,756.0125,5.37249E-07,mol_l
WP3-f2,Fe,826.0041667,5.37249E-07,mol_l
WP3-f3,Fe,0,0.000121777,mol_l
WP3-f3,Fe,2.058333333,0.000114613,mol_l
WP3-f3,Fe,6.13125,5.55158E-05,mol_l
WP3-f3,Fe,10.02291667,3.40258E-05,mol_l
WP3-f3,Fe,14.1,1.70129E-05,mol_l
WP3-f3,Fe,21.02291667,4.65616E-06,mol_l
WP3-f3,Fe,27.97291667,2.68625E-06,mol_l
WP3-f3,Fe,35.04583333,1.61175E-06,mol_l
WP3-f3,Fe,42.04791667,1.25358E-06,mol_l
WP3-f3,Fe,57.1375,5.37249E-07,mol_l
WP3-f3,Fe,70.05416667,7.16332E-07,mol_l
WP3-f3,Fe,84.02291667,5.37249E-07,mol_l
WP3-f3,Fe,98.04791667,8.95415E-07,mol_l
WP3-f3,Fe,112.0166667,2.68625E-07,mol_l
WP3-f3,Fe,126.05625,2.68625E-07,mol_l
WP3-f3,Fe,140.0041667,2.68625E-07,mol_l
WP3-f3,Fe,161.04375,2.68625E-07,mol_l
WP3-f3,Fe,196.0229167,2.68625E-07,mol_l
WP3-f3,Fe,224.0479167,2.68625E-07,mol_l
WP3-f3,Fe,252.0166667,2.68625E-07,mol_l
WP3-f3,Fe,280.0229167,2.68625E-07,mol_l
WP3-f3,Fe,308.05625,2.68625E-07,mol_l
WP3-f3,Fe,336.0458333,2.68625E-07,mol_l
WP3-f3,Fe,364.0458333,2.68625E-07,mol_l
WP3-f3,Fe,419.0125,5.37249E-07,mol_l
WP3-f3,Fe,490.0166667,5.37249E-07,mol_l
WP3-f3,Fe,518.05,5.37249E-07,mol_l
WP3-f3,Fe,574.0229167,5.37249E-07,mol_l
WP3-f3,Fe,618.00625,5.37249E-07,mol_l
WP3-f3,Fe,617.9770833,5.37249E-07,mol_l
WP3-f3,Fe,644.0458333,5.37249E-07,mol_l
WP3-f3,Fe,700.04375,5.37249E-07,mol_l
WP3-f3,Fe,756.0166667,5.37249E-07,mol_l
WP3-f3,Fe,826.00625,5.37249E-07,mol_l
WP3-f4,Fe,0,0.000102077,mol_l
WP3-f4,Fe,2.052083333,8.41691E-05,mol_l
WP3-f4,Fe,6.127083333,5.37249E-05,mol_l
WP3-f4,Fe,10.01458333,5.55158E-05,mol_l
WP3-f4,Fe,14.05208333,2.86533E-05,mol_l
WP3-f4,Fe,21.01875,4.29799E-06,mol_l
WP3-f4,Fe,27.96875,1.43266E-06,mol_l
WP3-f4,Fe,35.02291667,7.16332E-07,mol_l
WP3-f4,Fe,42.04375,7.16332E-07,mol_l
WP3-f4,Fe,57.14791667,5.37249E-07,mol_l
WP3-f4,Fe,70.05,5.37249E-07,mol_l
WP3-f4,Fe,84.02083333,5.37249E-07,mol_l
WP3-f4,Fe,98.04375,2.68625E-07,mol_l
WP3-f4,Fe,112.0125,5.37249E-07,mol_l
WP3-f4,Fe,126.0541667,2.68625E-07,mol_l
WP3-f4,Fe,140.0020833,2.68625E-07,mol_l
WP3-f4,Fe,161.0229167,2.68625E-07,mol_l
WP3-f4,Fe,196.0208333,2.68625E-07,mol_l
WP3-f4,Fe,224.04375,2.68625E-07,mol_l
WP3-f4,Fe,252.0145833,2.68625E-07,mol_l
WP3-f4,Fe,280.01875,2.68625E-07,mol_l
WP3-f4,Fe,308.0541667,2.68625E-07,mol_l
WP3-f4,Fe,336.0416667,2.68625E-07,mol_l
WP3-f4,Fe,364.0145833,2.68625E-07,mol_l
WP3-f4,Fe,419.0083333,5.37249E-07,mol_l
WP3-f4,Fe,490.0125,5.37249E-07,mol_l
WP3-f4,Fe,518.0416667,5.37249E-07,mol_l
WP3-f4,Fe,574.01875,5.37249E-07,mol_l
WP3-f4,Fe,644.0416667,5.37249E-07,mol_l
WP3-f4,Fe,700.0416667,5.37249E-07,mol_l
WP3-f4,Fe,756.0104167,5.37249E-07,mol_l
WP3-f4,Fe,826.0083333,5.37249E-07,mol_l
WP3-f5,Fe,0,0.000105659,mol_l
WP3-f5,Fe,6.10625,6.80516E-05,mol_l
WP3-f5,Fe,10.01041667,5.90974E-05,mol_l
WP3-f5,Fe,14.04791667,3.04441E-05,mol_l
WP3-f5,Fe,21.01458333,2.50716E-06,mol_l
WP3-f5,Fe,27.96458333,1.61175E-06,mol_l
WP3-f5,Fe,57.13333333,1.0745E-06,mol_l
WP3-f5,Fe,84.01666667,7.16332E-07,mol_l
WP3-f5,Fe,112.0104167,8.95415E-07,mol_l
WP3-f5,Fe,161.01875,7.16332E-07,mol_l
WP3-f5,Fe,280.0145833,2.68625E-07,mol_l
WP3-f5,Fe,336.0229167,2.68625E-07,mol_l
WP3-f5,Fe,455.0229167,5.37249E-07,mol_l
WP3-f5,Fe,518.0229167,5.37249E-07,mol_l
WP3-f5,Fe,574.0166667,5.37249E-07,mol_l
WP3-f5,Fe,644.0208333,8.95415E-07,mol_l
WP3-f5,Fe,700.0208333,1.79083E-06,mol_l
WP3-f5,Fe,756.00625,5.37249E-07,mol_l
WP3-f5,Fe,826.0125,5.37249E-07,mol_l
WP4-f1,Fe,0,3.2235E-05,mol_l
WP4-f1,Fe,517.98125,6.62607E-05,mol_l
WP4-f1,Fe,700,7.16332E-05,mol_l
WP4-f5,Fe,0,9.4914E-05,mol_l
WP4-f5,Fe,196.0020833,2.68625E-07,mol_l
WP4-f5,Fe,336,2.68625E-07,mol_l
WP4-f5,Fe,489.98125,3.2235E-05,mol_l
WP4-f5,Fe,518,2.68625E-05,mol_l
WP4-f5,Fe,608.9770833,5.37249E-07,mol_l
WP4-f5,Fe,699.98125,5.37249E-07,mol_l
WP4-f5,Fe,791,1.32521E-05,mol_l
PP1-f1,Fe,0,9.13324E-05,mol_l
PP1-f1,Fe,112.0979167,9.84957E-05,mol_l
PP1-f1,Fe,161.0895833,0.000100287,mol_l
PP1-f1,Fe,252.04375,5.37249E-05,mol_l
PP1-f1,Fe,336.0645833,8.59599E-05,mol_l
PP1-f1,Fe,490.0833333,8.77507E-05,mol_l
PP1-f1,Fe,518.0958333,8.23782E-05,mol_l
PP1-f1,Fe,609.0125,7.16332E-05,mol_l
PP1-f1,Fe,700.1,6.62607E-05,mol_l
PP1-f1,Fe,791.0145833,6.44699E-05,mol_l
PP1-f2,Fe,0,0.000123567,mol_l
PP1-f2,Fe,85.14375,0.00010745,mol_l
PP1-f2,Fe,98.0875,9.84957E-05,mol_l
PP1-f2,Fe,112.0875,0.000100287,mol_l
PP1-f2,Fe,126.0833333,0.000103868,mol_l
PP1-f2,Fe,140.0520833,0.000100287,mol_l
PP1-f2,Fe,161.0916667,0.000103868,mol_l
PP1-f2,Fe,196.0604167,9.67049E-05,mol_l
PP1-f2,Fe,224.0645833,0.000102077,mol_l
PP1-f2,Fe,252.0416667,0.000100287,mol_l
PP1-f2,Fe,280.0833333,9.67049E-05,mol_l
PP1-f2,Fe,308.0833333,9.84957E-05,mol_l
PP1-f2,Fe,336.0833333,0.000103868,mol_l
PP1-f2,Fe,364.0833333,0.000100287,mol_l
PP1-f2,Fe,455.05,0.000102077,mol_l
PP1-f2,Fe,518.0895833,0.000100287,mol_l
PP1-f2,Fe,609.0104167,8.95415E-05,mol_l
PP1-f2,Fe,618.0583333,9.31232E-05,mol_l
PP1-f2,Fe,618.0916667,9.13324E-05,mol_l
PP1-f2,Fe,700.0854167,8.59599E-05,mol_l
PP1-f2,Fe,791.0416667,7.70057E-05,mol_l
PP1-f3,Fe,0,0.000127149,mol_l
PP1-f3,Fe,98.06458333,0.000102077,mol_l
PP1-f3,Fe,112.0854167,0.000102077,mol_l
PP1-f3,Fe,161.0854167,0.000105659,mol_l
PP1-f3,Fe,252.0229167,0.000103868,mol_l
PP1-f3,Fe,336.0604167,0.000105659,mol_l
PP1-f3,Fe,490.05,8.95415E-05,mol_l
PP1-f3,Fe,518.09375,8.77507E-05,mol_l
PP1-f3,Fe,609.00625,8.59599E-05,mol_l
PP1-f3,Fe,618.0541667,8.77507E-05,mol_l
PP1-f3,Fe,618.0833333,8.95415E-05,mol_l
PP1-f3,Fe,700.0645833,8.59599E-05,mol_l
PP1-f3,Fe,791.01875,9.67049E-05,mol_l
IP2-f1,Fe,0,3.58166E-05,mol_l
IP2-f1,Fe,14.02083333,4.83524E-05,mol_l
IP2-f1,Fe,28.05208333,5.37249E-05,mol_l
IP2-f1,Fe,56.04166667,5.73066E-05,mol_l
IP2-f1,Fe,112.00625,6.08883E-05,mol_l
IP2-f1,Fe,161.0104167,6.44699E-05,mol_l
IP2-f1,Fe,224.01875,6.62607E-05,mol_l
IP2-f1,Fe,280.0104167,7.16332E-05,mol_l
IP2-f1,Fe,336.0125,7.87966E-05,mol_l
IP2-f1,Fe,455.0145833,8.41691E-05,mol_l
IP2-f1,Fe,518.0208333,7.87966E-05,mol_l
IP2-f1,Fe,700.0145833,8.59599E-05,mol_l
IP2-f5,Fe,0,5.73066E-05,mol_l
IP2-f5,Fe,455.0125,5.37249E-07,mol_l
PP1,Fe,1.00625,0.000119986,mol_l
PP1,Fe,28.09166667,0.000102077,mol_l
PP1,Fe,85.14791667,0.000102077,mol_l
PP1,Fe,98.09166667,0.000105659,mol_l
PP1,Fe,112.0916667,0.000105659,mol_l
PP1,Fe,126.0875,0.000109241,mol_l
PP1,Fe,140.05625,0.000103868,mol_l
PP1,Fe,161.0979167,0.000105659,mol_l
PP1,Fe,196.0645833,9.67049E-05,mol_l
PP1,Fe,224.0854167,9.67049E-05,mol_l
PP1,Fe,252.0479167,9.31232E-05,mol_l
PP1,Fe,280.0854167,8.77507E-05,mol_l
PP1,Fe,308.0875,8.77507E-05,mol_l
PP1,Fe,336.0895833,9.31232E-05,mol_l
PP1,Fe,364.0854167,8.77507E-05,mol_l
PP1,Fe,419.0583333,8.77507E-05,mol_l
PP1,Fe,490.0541667,8.59599E-05,mol_l
PP1,Fe,518.0979167,8.59599E-05,mol_l
PP1,Fe,574.0541667,8.77507E-05,mol_l
PP1,Fe,644.0916667,8.41691E-05,mol_l
PP1,Fe,700.0875,7.87966E-05,mol_l
PP1,Fe,756.0479167,7.70057E-05,mol_l
PP1,Fe,826.0520833,8.05874E-05,mol_l
influent,Fe,2.095833333,2.68625E-07,mol_l
influent,Fe,6.047916667,2.68625E-07,mol_l
influent,Fe,10.06458333,2.68625E-07,mol_l
influent,Fe,14.13125,2.68625E-07,mol_l
influent,Fe,21.0625,2.68625E-07,mol_l
influent,Fe,28.0625,2.68625E-07,mol_l
influent,Fe,35.08333333,2.68625E-07,mol_l
influent,Fe,42.06458333,2.68625E-07,mol_l
influent,Fe,56.06458333,2.68625E-07,mol_l
influent,Fe,70.09583333,2.68625E-07,mol_l
influent,Fe,85.16666667,2.68625E-07,mol_l
influent,Fe,98.09791667,2.68625E-07,mol_l
influent,Fe,112.0958333,2.68625E-07,mol_l
influent,Fe,126.0958333,2.68625E-07,mol_l
influent,Fe,140.0583333,4.47708E-05,mol_l
influent,Fe,161.1,2.68625E-07,mol_l
influent,Fe,196.0854167,2.68625E-07,mol_l
influent,Fe,224.0875,2.68625E-07,mol_l
influent,Fe,252.0583333,2.68625E-07,mol_l
influent,Fe,280.0979167,2.68625E-07,mol_l
influent,Fe,308.0916667,2.68625E-07,mol_l
influent,Fe,336.09375,2.68625E-07,mol_l
influent,Fe,364.0916667,2.68625E-07,mol_l
influent,Fe,392.0520833,5.37249E-07,mol_l
influent,Fe,419.9354167,5.37249E-07,mol_l
influent,Fe,455,5.37249E-07,mol_l
influent,Fe,490.0604167,5.37249E-07,mol_l
influent,Fe,518.1,5.37249E-07,mol_l
influent,Fe,546.0479167,5.37249E-07,mol_l
influent,Fe,574.0583333,5.55158E-06,mol_l
influent,Fe,609.01875,5.37249E-07,mol_l
influent,Fe,644.0958333,5.37249E-07,mol_l
influent,Fe,672.0229167,5.37249E-07,mol_l
influent,Fe,700.1020833,5.37249E-07,mol_l
influent,Fe,728.01875,5.37249E-07,mol_l
influent,Fe,756.0458333,5.37249E-07,mol_l
influent,Fe,791.05,5.37249E-07,mol_l
influent,Fe,826.05625,5.37249E-07,mol_l
influent,Fe,854.0166667,5.37249E-07,mol_l
WP1-f1,Cl,0,0.000366683,mol_l
WP1-f1,Cl,28.09583333,0.000423095,mol_l
WP1-f1,Cl,56.04791667,0.000366683,mol_l
WP1-f1,Cl,70.09166667,0.000394889,mol_l
WP1-f1,Cl,84.0875,0.000394889,mol_l
WP1-f1,Cl,112.0520833,0.000366683,mol_l
WP1-f1,Cl,140.0145833,0.000197445,mol_l
WP1-f1,Cl,196.0541667,0.000366683,mol_l
WP1-f1,Cl,280.0625,0.000338476,mol_l
WP1-f1,Cl,364.0604167,0.000338476,mol_l
WP1-f1,Cl,518.0541667,0.000366683,mol_l
WP1-f1,Cl,700.05625,0.000451302,mol_l
WP1-f2,Cl,0,0.000338476,mol_l
WP1-f2,Cl,28.01041667,0.00031027,mol_l
WP1-f2,Cl,56.05,0.002115477,mol_l
WP1-f2,Cl,70.08958333,0.002566779,mol_l
WP1-f2,Cl,84.08541667,0.002594985,mol_l
WP1-f2,Cl,98.06041667,0.002594985,mol_l
WP1-f2,Cl,112.05,0.002453953,mol_l
WP1-f2,Cl,126.0625,0.002256509,mol_l
WP1-f2,Cl,140.0208333,0.002059064,mol_l
WP1-f2,Cl,196.05625,0.002002651,mol_l
WP1-f2,Cl,252.0104167,0.002115477,mol_l
WP1-f2,Cl,336.05625,0.00186162,mol_l
WP1-f2,Cl,455.0458333,0.002002651,mol_l
WP1-f2,Cl,518.0583333,0.002764223,mol_l
WP1-f2,Cl,574.0479167,0.002143683,mol_l
WP1-f2,Cl,618.0166667,0.001692381,mol_l
WP1-f2,Cl,644.0875,0.001946239,mol_l
WP1-f2,Cl,700.0625,0.001946239,mol_l
WP1-f2,Cl,756.0416667,0.002228302,mol_l
WP1-f2,Cl,826.0208333,0.002453953,mol_l
WP1-f3,Cl,0,0.000141032,mol_l
WP1-f3,Cl,2.085416667,0.000141032,mol_l
WP1-f3,Cl,6.141666667,0.000169238,mol_l
WP1-f3,Cl,10.05416667,0.000197445,mol_l
WP1-f3,Cl,14.12708333,0.000253857,mol_l
WP1-f3,Cl,21.05625,0.000197445,mol_l
WP1-f3,Cl,28.00833333,0.000225651,mol_l
WP1-f3,Cl,35.05625,0.000535921,mol_l
WP1-f3,Cl,42.06041667,0.000902603,mol_l
WP1-f3,Cl,57.125,0.001664175,mol_l
WP1-f3,Cl,70.0875,0.002594985,mol_l
WP1-f3,Cl,85.13333333,0.00270781,mol_l
WP1-f3,Cl,98.05833333,0.002679604,mol_l
WP1-f3,Cl,112.0479167,0.002510366,mol_l
WP1-f3,Cl,140.0166667,0.002059064,mol_l
WP1-f3,Cl,196.0520833,0.002143683,mol_l
WP1-f3,Cl,252.00625,0.002030858,mol_l
WP1-f3,Cl,308.0625,0.001692381,mol_l
WP1-f3,Cl,364.0583333,0.001974445,mol_l
WP1-f3,Cl,419.0458333,0.001805207,mol_l
WP1-f3,Cl,490.04375,0.00217189,mol_l
WP1-f3,Cl,518.0604167,0.002623191,mol_l
WP1-f3,Cl,609,0.001579556,mol_l
WP1-f3,Cl,700.0583333,0.002030858,mol_l
WP1-f3,Cl,791.0104167,0.002059064,mol_l
WP1-f4,Cl,0,0.000141032,mol_l
WP1-f4,Cl,28.00625,0.000253857,mol_l
WP1-f4,Cl,35.05208333,0.000169238,mol_l
WP1-f4,Cl,42.05625,0.000282064,mol_l
WP1-f4,Cl,56.05,0.001720588,mol_l
WP1-f4,Cl,70.0625,0.002623191,mol_l
WP1-f4,Cl,84.06458333,0.002736017,mol_l
WP1-f4,Cl,98.05416667,0.002736017,mol_l
WP1-f4,Cl,112.04375,0.002623191,mol_l
WP1-f4,Cl,126.0604167,0.002453953,mol_l
WP1-f4,Cl,140.0104167,0.002030858,mol_l
WP1-f4,Cl,161.0645833,0.002341128,mol_l
WP1-f4,Cl,196.0479167,0.002369334,mol_l
WP1-f4,Cl,224.0604167,0.001692381,mol_l
WP1-f4,Cl,252.0041667,0.002002651,mol_l
WP1-f4,Cl,280.0604167,0.001974445,mol_l
WP1-f4,Cl,308.0604167,0.001664175,mol_l
WP1-f4,Cl,336.0520833,0.001833413,mol_l
WP1-f4,Cl,364.05625,0.001974445,mol_l
WP1-f4,Cl,419.0416667,0.001777001,mol_l
WP1-f4,Cl,490.0229167,0.002228302,mol_l
WP1-f4,Cl,518.0833333,0.002736017,mol_l
WP1-f4,Cl,574.0458333,0.00217189,mol_l
WP1-f4,Cl,644.0833333,0.001974445,mol_l
WP1-f4,Cl,700.0541667,0.002002651,mol_l
WP1-f4,Cl,756.0229167,0.002284715,mol_l
WP1-f4,Cl,826.0166667,0.002538572,mol_l
WP1-f5,Cl,0,0.000141032,mol_l
WP1-f5,Cl,28.00416667,0.000282064,mol_l
WP1-f5,Cl,56.04791667,0.000169238,mol_l
WP1-f5,Cl,70.05833333,0.000225651,mol_l
WP1-f5,Cl,84.06041667,0.000225651,mol_l
WP1-f5,Cl,98.05208333,0.000253857,mol_l
WP1-f5,Cl,112.0416667,0.000197445,mol_l
WP1-f5,Cl,140.0083333,0.000225651,mol_l
WP1-f5,Cl,196.0458333,0.000282064,mol_l
WP1-f5,Cl,280.05625,0.000282064,mol_l
WP1-f5,Cl,364.05,0.000225651,mol_l
WP1-f5,Cl,518.0875,0.000423095,mol_l
WP1-f5,Cl,618.0125,0.000366683,mol_l
WP1-f5,Cl,618.0416667,0.000366683,mol_l
WP1-f5,Cl,700.0520833,0.00062054,mol_l
WP2-f1,Cl,0,0.000423095,mol_l
WP2-f1,Cl,14.01666667,0.000394889,mol_l
WP2-f1,Cl,27.93125,0.000394889,mol_l
WP2-f1,Cl,42.01666667,0.00031027,mol_l
WP2-f1,Cl,70.02083333,0.000394889,mol_l
WP2-f1,Cl,126.04375,0.000366683,mol_l
WP2-f1,Cl,196,0.000366683,mol_l
WP2-f1,Cl,308.0208333,0.000394889,mol_l
WP2-f1,Cl,490.0083333,0.00031027,mol_l
WP2-f1,Cl,517.9770833,0.000366683,mol_l
WP2-f1,Cl,699.975,0.000479508,mol_l
WP2-f2,Cl,0,0.000282064,mol_l
WP2-f2,Cl,6.0625,0.00062054,mol_l
WP2-f2,Cl,10,0.002256509,mol_l
WP2-f2,Cl,14.01458333,0.002482159,mol_l
WP2-f2,Cl,20.98125,0.002538572,mol_l
WP2-f2,Cl,28.04583333,0.00270781,mol_l
WP2-f2,Cl,35.01666667,0.00270781,mol_l
WP2-f2,Cl,42.0125,0.002679604,mol_l
WP2-f2,Cl,70.01875,0.002820636,mol_l
WP2-f2,Cl,98.02083333,0.002228302,mol_l
WP2-f2,Cl,126.0958333,0.002566779,mol_l
WP2-f2,Cl,196.0166667,0.00186162,mol_l
WP2-f2,Cl,308.01875,0.001946239,mol_l
WP2-f2,Cl,455.0083333,0.002482159,mol_l
WP2-f2,Cl,518.00625,0.00217189,mol_l
WP2-f2,Cl,574.0104167,0.001635969,mol_l
WP2-f2,Cl,644.0125,0.001974445,mol_l
WP2-f2,Cl,700.0125,0.001918032,mol_l
WP2-f2,Cl,756.0020833,0.002482159,mol_l
WP2-f2,Cl,826,0.002256509,mol_l
WP2-f3,Cl,0,0.000253857,mol_l
WP2-f3,Cl,2.041666667,0,mol_l
WP2-f3,Cl,6.089583333,0.001523143,mol_l
WP2-f3,Cl,14.01041667,0.002482159,mol_l
WP2-f3,Cl,20.97708333,0.002566779,mol_l
WP2-f3,Cl,28.04166667,0.002792429,mol_l
WP2-f3,Cl,56.02083333,0.002736017,mol_l
WP2-f3,Cl,84.00416667,0.002228302,mol_l
WP2-f3,Cl,111.98125,0.002510366,mol_l
WP2-f3,Cl,161.0020833,0.001748794,mol_l
WP2-f3,Cl,224.0166667,0.001946239,mol_l
WP2-f3,Cl,280.00625,0.00186162,mol_l
WP2-f3,Cl,336.0083333,0.001974445,mol_l
WP2-f3,Cl,419.0208333,0.001974445,mol_l
WP2-f3,Cl,490.00625,0.002482159,mol_l
WP2-f3,Cl,518.0083333,0.002143683,mol_l
WP2-f3,Cl,608.98125,0.001833413,mol_l
WP2-f3,Cl,700.0083333,0.001946239,mol_l
WP2-f3,Cl,791.0458333,0.002284715,mol_l
WP2-f4,Cl,0,0.000225651,mol_l
WP2-f4,Cl,2.022916667,0.000141032,mol_l
WP2-f4,Cl,6.083333333,0.000169238,mol_l
WP2-f4,Cl,9.979166667,0.001269286,mol_l
WP2-f4,Cl,14.00416667,0.002425747,mol_l
WP2-f4,Cl,20.97291667,0.002538572,mol_l
WP2-f4,Cl,28.01875,0.002736017,mol_l
WP2-f4,Cl,35.01041667,0.002679604,mol_l
WP2-f4,Cl,42.00625,0.00270781,mol_l
WP2-f4,Cl,56.01666667,0.00270781,mol_l
WP2-f4,Cl,70.01041667,0.002820636,mol_l
WP2-f4,Cl,84,0.002284715,mol_l
WP2-f4,Cl,98.01666667,0.002256509,mol_l
WP2-f4,Cl,112,0.002369334,mol_l
WP2-f4,Cl,126.0479167,0.002623191,mol_l
WP2-f4,Cl,139.9791667,0.002256509,mol_l
WP2-f4,Cl,161.00625,0.001748794,mol_l
WP2-f4,Cl,196.0125,0.00186162,mol_l
WP2-f4,Cl,224.0145833,0.002002651,mol_l
WP2-f4,Cl,252,0.001607762,mol_l
WP2-f4,Cl,280.0020833,0.001805207,mol_l
WP2-f4,Cl,308.0166667,0.00208727,mol_l
WP2-f4,Cl,336.00625,0.001833413,mol_l
WP2-f4,Cl,364.00625,0.001974445,mol_l
WP2-f4,Cl,419.0166667,0.001889826,mol_l
WP2-f4,Cl,490.0041667,0.002538572,mol_l
WP2-f4,Cl,518.0125,0.002284715,mol_l
WP2-f4,Cl,574.0083333,0.001720588,mol_l
WP2-f4,Cl,644.0166667,0.001946239,mol_l
WP2-f4,Cl,700.0979167,0.001946239,mol_l
WP2-f4,Cl,756,0.002453953,mol_l
WP2-f4,Cl,825.9791667,0.002143683,mol_l
WP2-f5,Cl,0,0.000169238,mol_l
WP2-f5,Cl,6.060416667,0.000169238,mol_l
WP2-f5,Cl,14,0.00031027,mol_l
WP2-f5,Cl,28.01458333,0.000338476,mol_l
WP2-f5,Cl,42.00208333,0.000225651,mol_l
WP2-f5,Cl,70.00625,0.00031027,mol_l
WP2-f5,Cl,98.0125,0.000366683,mol_l
WP2-f5,Cl,126.0416667,0.00062054,mol_l
WP2-f5,Cl,196.0104167,0.001015429,mol_l
WP2-f5,Cl,308.0125,0.001325699,mol_l
WP2-f5,Cl,455.00625,0.001523143,mol_l
WP2-f5,Cl,518.0166667,0.001607762,mol_l
WP2-f5,Cl,609,0.001607762,mol_l
WP2-f5,Cl,700.0041667,0.001833413,mol_l
WP2-f5,Cl,791.0041667,0.001692381,mol_l
WP3-f1,Cl,0,0.000366683,mol_l
WP3-f1,Cl,2.091666667,0.00031027,mol_l
WP3-f1,Cl,6.104166667,0.000338476,mol_l
WP3-f1,Cl,10.04583333,0.000366683,mol_l
WP3-f1,Cl,14.10625,0.000423095,mol_l
WP3-f1,Cl,21.05208333,0.000394889,mol_l
WP3-f1,Cl,27.98125,0.000451302,mol_l
WP3-f1,Cl,57.125,0.000338476,mol_l
WP3-f1,Cl,84.04583333,0.000394889,mol_l
WP3-f1,Cl,112.0145833,0.000366683,mol_l
WP3-f1,Cl,161.0125,0.000366683,mol_l
WP3-f1,Cl,224.0416667,0.00031027,mol_l
WP3-f1,Cl,280.0125,0.000366683,mol_l
WP3-f1,Cl,336.01875,0.000366683,mol_l
WP3-f1,Cl,455.0166667,0.000451302,mol_l
WP3-f1,Cl,518.01875,0.000451302,mol_l
WP3-f1,Cl,700.0166667,0.000535921,mol_l
WP3-f2,Cl,0,0.000169238,mol_l
WP3-f2,Cl,2.064583333,0.000225651,mol_l
WP3-f2,Cl,6.135416667,0.002369334,mol_l
WP3-f2,Cl,10.04375,0.00239754,mol_l
WP3-f2,Cl,14.10416667,0.002594985,mol_l
WP3-f2,Cl,21.04583333,0.002679604,mol_l
WP3-f2,Cl,27.97916667,0.002792429,mol_l
WP3-f2,Cl,57.14375,0.002736017,mol_l
WP3-f2,Cl,84.04375,0.002228302,mol_l
WP3-f2,Cl,112.01875,0.002679604,mol_l
WP3-f2,Cl,161.0583333,0.001692381,mol_l
WP3-f2,Cl,224.0520833,0.001946239,mol_l
WP3-f2,Cl,280.0520833,0.001889826,mol_l
WP3-f2,Cl,336.0479167,0.00186162,mol_l
WP3-f2,Cl,455.0416667,0.002482159,mol_l
WP3-f2,Cl,518.0520833,0.00217189,mol_l
WP3-f2,Cl,574.0416667,0.001805207,mol_l
WP3-f2,Cl,644.05,0.001974445,mol_l
WP3-f2,Cl,700.0479167,0.002030858,mol_l
WP3-f2,Cl,756.0125,0.002425747,mol_l
WP3-f2,Cl,826.0041667,0.002228302,mol_l
WP3-f3,Cl,0,0.000197445,mol_l
WP3-f3,Cl,2.058333333,0.000141032,mol_l
WP3-f3,Cl,6.13125,0.002369334,mol_l
WP3-f3,Cl,10.02291667,0.00239754,mol_l
WP3-f3,Cl,14.1,0.002594985,mol_l
WP3-f3,Cl,21.02291667,0.002679604,mol_l
WP3-f3,Cl,27.97291667,0.002820636,mol_l
WP3-f3,Cl,35.04583333,0.002679604,mol_l
WP3-f3,Cl,42.04791667,0.002510366,mol_l
WP3-f3,Cl,57.1375,0.002736017,mol_l
WP3-f3,Cl,70.05416667,0.002594985,mol_l
WP3-f3,Cl,84.02291667,0.002228302,mol_l
WP3-f3,Cl,98.04791667,0.002312921,mol_l
WP3-f3,Cl,112.0166667,0.002679604,mol_l
WP3-f3,Cl,126.05625,0.002510366,mol_l
WP3-f3,Cl,140.0041667,0.002425747,mol_l
WP3-f3,Cl,161.04375,0.001692381,mol_l
WP3-f3,Cl,196.0229167,0.002030858,mol_l
WP3-f3,Cl,224.0479167,0.001918032,mol_l
WP3-f3,Cl,252.0166667,0.001607762,mol_l
WP3-f3,Cl,280.0229167,0.00186162,mol_l
WP3-f3,Cl,308.05625,0.001805207,mol_l
WP3-f3,Cl,336.0458333,0.00186162,mol_l
WP3-f3,Cl,364.0458333,0.00208727,mol_l
WP3-f3,Cl,419.0125,0.002002651,mol_l
WP3-f3,Cl,490.0166667,0.002425747,mol_l
WP3-f3,Cl,518.05,0.002115477,mol_l
WP3-f3,Cl,574.0229167,0.001777001,mol_l
WP3-f3,Cl,618.00625,0.001918032,mol_l
WP3-f3,Cl,617.9770833,0.001918032,mol_l
WP3-f3,Cl,644.0458333,0.002002651,mol_l
WP3-f3,Cl,700.04375,0.001974445,mol_l
WP3-f3,Cl,756.0166667,0.002510366,mol_l
WP3-f3,Cl,826.00625,0.002284715,mol_l
WP3-f4,Cl,0,0.000197445,mol_l
WP3-f4,Cl,2.052083333,0.000141032,mol_l
WP3-f4,Cl,6.127083333,0.002341128,mol_l
WP3-f4,Cl,10.01458333,0.002369334,mol_l
WP3-f4,Cl,14.05208333,0.002594985,mol_l
WP3-f4,Cl,21.01875,0.002651398,mol_l
WP3-f4,Cl,27.96875,0.002820636,mol_l
WP3-f4,Cl,35.02291667,0.002679604,mol_l
WP3-f4,Cl,42.04375,0.002510366,mol_l
WP3-f4,Cl,57.14791667,0.002736017,mol_l
WP3-f4,Cl,70.05,0.002538572,mol_l
WP3-f4,Cl,84.02083333,0.002200096,mol_l
WP3-f4,Cl,98.04375,0.002284715,mol_l
WP3-f4,Cl,112.0125,0.002679604,mol_l
WP3-f4,Cl,126.0541667,0.002538572,mol_l
WP3-f4,Cl,140.0020833,0.002425747,mol_l
WP3-f4,Cl,161.0229167,0.001692381,mol_l
WP3-f4,Cl,196.0208333,0.002002651,mol_l
WP3-f4,Cl,224.04375,0.001946239,mol_l
WP3-f4,Cl,252.0145833,0.001607762,mol_l
WP3-f4,Cl,280.01875,0.001889826,mol_l
WP3-f4,Cl,308.0541667,0.001805207,mol_l
WP3-f4,Cl,336.0416667,0.001918032,mol_l
WP3-f4,Cl,364.0145833,0.002059064,mol_l
WP3-f4,Cl,419.0083333,0.00208727,mol_l
WP3-f4,Cl,490.0125,0.002425747,mol_l
WP3-f4,Cl,518.0416667,0.002115477,mol_l
WP3-f4,Cl,574.01875,0.001777001,mol_l
WP3-f4,Cl,644.0416667,0.001974445,mol_l
WP3-f4,Cl,700.0416667,0.002030858,mol_l
WP3-f4,Cl,756.0104167,0.002453953,mol_l
WP3-f4,Cl,826.0083333,0.002284715,mol_l
WP3-f5,Cl,0,0.000225651,mol_l
WP3-f5,Cl,2.0625,0.000141032,mol_l
WP3-f5,Cl,6.10625,0.002059064,mol_l
WP3-f5,Cl,10.01041667,0.002256509,mol_l
WP3-f5,Cl,14.04791667,0.002482159,mol_l
WP3-f5,Cl,21.01458333,0.002594985,mol_l
WP3-f5,Cl,27.96458333,0.002820636,mol_l
WP3-f5,Cl,57.13333333,0.002736017,mol_l
WP3-f5,Cl,84.01666667,0.002228302,mol_l
WP3-f5,Cl,112.0104167,0.002594985,mol_l
WP3-f5,Cl,161.01875,0.001720588,mol_l
WP3-f5,Cl,224.0229167,0.001918032,mol_l
WP3-f5,Cl,280.0145833,0.00186162,mol_l
WP3-f5,Cl,336.0229167,0.00186162,mol_l
WP3-f5,Cl,455.0229167,0.002482159,mol_l
WP3-f5,Cl,518.0229167,0.002200096,mol_l
WP3-f5,Cl,574.0166667,0.001748794,mol_l
WP3-f5,Cl,644.0208333,0.001974445,mol_l
WP3-f5,Cl,700.0208333,0.001946239,mol_l
WP3-f5,Cl,756.00625,0.002453953,mol_l
WP3-f5,Cl,826.0125,0.002228302,mol_l
WP4-f1,Cl,0,0.000394889,mol_l
WP4-f1,Cl,27.93333333,0.000253857,mol_l
WP4-f1,Cl,56.0125,0.00031027,mol_l
WP4-f1,Cl,70,0.000338476,mol_l
WP4-f1,Cl,98.00833333,0.000366683,mol_l
WP4-f1,Cl,126.0208333,0.000338476,mol_l
WP4-f1,Cl,196.0041667,0.000366683,mol_l
WP4-f1,Cl,308.0104167,0.000366683,mol_l
WP4-f1,Cl,517.98125,0.000366683,mol_l
WP4-f1,Cl,700,0.000451302,mol_l
WP4-f5,Cl,0,0.000282064,mol_l
WP4-f5,Cl,21,0.000197445,mol_l
WP4-f5,Cl,27.93333333,0.000225651,mol_l
WP4-f5,Cl,35.00208333,0.000423095,mol_l
WP4-f5,Cl,41.97916667,0.001382112,mol_l
WP4-f5,Cl,56.00416667,0.002482159,mol_l
WP4-f5,Cl,69.98125,0.002736017,mol_l
WP4-f5,Cl,98.00416667,0.002736017,mol_l
WP4-f5,Cl,126.01875,0.002284715,mol_l
WP4-f5,Cl,196.0020833,0.001805207,mol_l
PP1-f1,Cl,0,0.00031027,mol_l
PP1-f1,Cl,57.17291667,0.000169238,mol_l
PP1-f1,Cl,85.13125,0.000197445,mol_l
PP1-f1,Cl,112.0979167,0.000225651,mol_l
PP1-f1,Cl,161.0895833,0.000225651,mol_l
PP1-f1,Cl,252.04375,0.001494937,mol_l
PP1-f1,Cl,336.0645833,0.001523143,mol_l
PP1-f1,Cl,490.0833333,0.001692381,mol_l
PP1-f1,Cl,518.0958333,0.001833413,mol_l
PP1-f1,Cl,609.0125,0.00155135,mol_l
PP1-f1,Cl,700.1,0.001918032,mol_l
PP1-f1,Cl,791.0145833,0.001607762,mol_l
PP1-f2,Cl,0,0.000141032,mol_l
PP1-f2,Cl,57.17083333,0.000197445,mol_l
PP1-f2,Cl,85.14375,0.000169238,mol_l
PP1-f2,Cl,98.0875,0.000197445,mol_l
PP1-f2,Cl,112.0875,0.000197445,mol_l
PP1-f2,Cl,126.0833333,0.000197445,mol_l
PP1-f2,Cl,140.0520833,0.000141032,mol_l
PP1-f2,Cl,161.0916667,0.000197445,mol_l
PP1-f2,Cl,196.0604167,0.000225651,mol_l
PP1-f2,Cl,224.0645833,0.000169238,mol_l
PP1-f2,Cl,252.0416667,0.000225651,mol_l
PP1-f2,Cl,280.0833333,0.000169238,mol_l
PP1-f2,Cl,308.0833333,0.000225651,mol_l
PP1-f2,Cl,336.0833333,0.000169238,mol_l
PP1-f2,Cl,364.0833333,0.000169238,mol_l
PP1-f2,Cl,455.05,0.000253857,mol_l
PP1-f2,Cl,518.0895833,0.000479508,mol_l
PP1-f2,Cl,609.0104167,0.001269286,mol_l
PP1-f2,Cl,618.0583333,0.001353905,mol_l
PP1-f2,Cl,618.0916667,0.001325699,mol_l
PP1-f2,Cl,700.0854167,0.001748794,mol_l
PP1-f2,Cl,791.0416667,0.001918032,mol_l
PP1-f3,Cl,0,0.000141032,mol_l
PP1-f3,Cl,57.16666667,0.000197445,mol_l
PP1-f3,Cl,85.1375,0.000169238,mol_l
PP1-f3,Cl,98.06458333,0.000197445,mol_l
PP1-f3,Cl,112.0854167,0.000253857,mol_l
PP1-f3,Cl,161.0854167,0.000197445,mol_l
PP1-f3,Cl,252.0229167,0.000197445,mol_l
PP1-f3,Cl,336.0604167,0.000169238,mol_l
PP1-f3,Cl,490.05,0.001269286,mol_l
PP1-f3,Cl,518.09375,0.001297492,mol_l
PP1-f3,Cl,609.00625,0.001043635,mol_l
PP1-f3,Cl,618.0541667,0.001156461,mol_l
PP1-f3,Cl,618.0833333,0.001043635,mol_l
PP1-f3,Cl,700.0645833,0.001269286,mol_l
PP1-f3,Cl,791.01875,0.000959016,mol_l
IP2-f1,Cl,0,0.000366683,mol_l
IP2-f1,Cl,2.047916667,0.00031027,mol_l
IP2-f1,Cl,6.058333333,0.00031027,mol_l
IP2-f1,Cl,10.00625,0.000338476,mol_l
IP2-f1,Cl,14.02083333,0.000423095,mol_l
IP2-f1,Cl,21.01041667,0.000394889,mol_l
IP2-f1,Cl,28.05208333,0.000423095,mol_l
IP2-f1,Cl,42.02083333,0.000338476,mol_l
IP2-f1,Cl,56.04166667,0.000338476,mol_l
IP2-f1,Cl,70.04375,0.000394889,mol_l
IP2-f1,Cl,84.0125,0.000366683,mol_l
IP2-f1,Cl,112.00625,0.000338476,mol_l
IP2-f1,Cl,161.0104167,0.000366683,mol_l
IP2-f1,Cl,224.01875,0.000253857,mol_l
IP2-f1,Cl,280.0104167,0.000394889,mol_l
IP2-f1,Cl,336.0125,0.000366683,mol_l
IP2-f1,Cl,455.0145833,0.000394889,mol_l
IP2-f1,Cl,518.0208333,0.000338476,mol_l
IP2-f1,Cl,700.0145833,0.000423095,mol_l
IP2-f5,Cl,0,0.000253857,mol_l
IP2-f5,Cl,2.045833333,0.00217189,mol_l
IP2-f5,Cl,6.05625,0.002341128,mol_l
IP2-f5,Cl,10.00416667,0.002369334,mol_l
IP2-f5,Cl,14.04166667,0.002736017,mol_l
IP2-f5,Cl,21.00625,0.002651398,mol_l
IP2-f5,Cl,28.05,0.002820636,mol_l
IP2-f5,Cl,455.0125,0.002538572,mol_l
PP1,Cl,1.00625,0.000169238,mol_l
PP1,Cl,28.09166667,0.000282064,mol_l
PP1,Cl,57.175,0.000169238,mol_l
PP1,Cl,85.14791667,0.000169238,mol_l
PP1,Cl,98.09166667,0.000197445,mol_l
PP1,Cl,112.0916667,0.000197445,mol_l
PP1,Cl,126.0875,0.000253857,mol_l
PP1,Cl,140.05625,0.000253857,mol_l
PP1,Cl,161.0979167,0.000507714,mol_l
PP1,Cl,196.0645833,0.000846191,mol_l
PP1,Cl,224.0854167,0.000902603,mol_l
PP1,Cl,252.0479167,0.001071842,mol_l
PP1,Cl,280.0854167,0.001100048,mol_l
PP1,Cl,308.0875,0.001156461,mol_l
PP1,Cl,336.0895833,0.001100048,mol_l
PP1,Cl,364.0854167,0.001128254,mol_l
PP1,Cl,419.0583333,0.001043635,mol_l
PP1,Cl,490.0541667,0.001071842,mol_l
PP1,Cl,518.0979167,0.001212873,mol_l
PP1,Cl,574.0541667,0.001297492,mol_l
PP1,Cl,644.0916667,0.00155135,mol_l
PP1,Cl,700.0875,0.001523143,mol_l
PP1,Cl,756.0479167,0.001579556,mol_l
PP1,Cl,826.0520833,0.001466731,mol_l
influent,Cl,2.095833333,0.002256509,mol_l
influent,Cl,6.047916667,0.002369334,mol_l
influent,Cl,10.06458333,0.002453953,mol_l
influent,Cl,14.13125,0.002764223,mol_l
influent,Cl,21.0625,0.002651398,mol_l
influent,Cl,28.0625,0.002820636,mol_l
influent,Cl,35.08333333,0.002679604,mol_l
influent,Cl,42.06458333,0.002651398,mol_l
influent,Cl,56.06458333,0.002594985,mol_l
influent,Cl,70.09583333,0.002510366,mol_l
influent,Cl,85.16666667,0.002256509,mol_l
influent,Cl,98.09791667,0.002425747,mol_l
influent,Cl,112.0958333,0.00270781,mol_l
influent,Cl,126.0958333,0.002482159,mol_l
influent,Cl,140.0583333,0.00239754,mol_l
influent,Cl,161.1,0.001692381,mol_l
influent,Cl,196.0854167,0.002115477,mol_l
influent,Cl,224.0875,0.002030858,mol_l
influent,Cl,252.0583333,0.001607762,mol_l
influent,Cl,280.0979167,0.001833413,mol_l
influent,Cl,308.0916667,0.002115477,mol_l
influent,Cl,336.09375,0.001805207,mol_l
influent,Cl,364.0916667,0.002030858,mol_l
influent,Cl,392.0520833,0.00208727,mol_l
influent,Cl,419.9354167,0.002143683,mol_l
influent,Cl,455,0.002566779,mol_l
influent,Cl,490.0604167,0.00239754,mol_l
influent,Cl,518.1,0.002228302,mol_l
influent,Cl,546.0479167,0.001918032,mol_l
influent,Cl,574.0583333,0.001805207,mol_l
influent,Cl,609.01875,0.001833413,mol_l
influent,Cl,644.0958333,0.002002651,mol_l
influent,Cl,672.0229167,0.001720588,mol_l
influent,Cl,700.1020833,0.00208727,mol_l
influent,Cl,728.01875,0.001833413,mol_l
influent,Cl,756.0458333,0.002594985,mol_l
influent,Cl,791.05,0.002341128,mol_l
influent,Cl,826.05625,0.00217189,mol_l
influent,Cl,854.0166667,0.002030858,mol_l
WP1-f1,Tmp,0,17,c
WP1-f1,Tmp,28.09583333,17,c
WP1-f1,Tmp,56.04791667,16.9,c
WP1-f1,Tmp,70.09166667,17,c
WP1-f1,Tmp,84.0875,17.4,c
WP1-f1,Tmp,112.0520833,18.4,c
WP1-f1,Tmp,140.0145833,17.6,c
WP1-f1,Tmp,196.0541667,15.2,c
WP1-f1,Tmp,280.0625,9.2,c
WP1-f1,Tmp,364.0604167,11.2,c
WP1-f1,Tmp,518.0541667,17.6,c
WP1-f1,Tmp,700.05625,11.2,c
WP1-f2,Tmp,0,17,c
WP1-f2,Tmp,28.01041667,17,c
WP1-f2,Tmp,56.05,16.9,c
WP1-f2,Tmp,70.08958333,17,c
WP1-f2,Tmp,84.08541667,17.4,c
WP1-f2,Tmp,98.06041667,17.9,c
WP1-f2,Tmp,112.05,18.4,c
WP1-f2,Tmp,126.0625,17.9,c
WP1-f2,Tmp,140.0208333,17.6,c
WP1-f2,Tmp,196.05625,15.2,c
WP1-f2,Tmp,252.0104167,10.6,c
WP1-f2,Tmp,336.05625,10.3,c
WP1-f2,Tmp,455.0458333,16.4,c
WP1-f2,Tmp,518.0583333,17.6,c
WP1-f2,Tmp,574.0479167,14.6,c
WP1-f2,Tmp,618.0166667,12.2,c
WP1-f2,Tmp,644.0875,11.6,c
WP1-f2,Tmp,700.0625,11.2,c
WP1-f2,Tmp,756.0416667,13.8,c
WP1-f2,Tmp,826.0208333,17.7,c
WP1-f3,Tmp,0,16.8,c
WP1-f3,Tmp,2.085416667,16.7,c
WP1-f3,Tmp,6.141666667,16.8,c
WP1-f3,Tmp,10.05416667,16.8,c
WP1-f3,Tmp,14.12708333,16.8,c
WP1-f3,Tmp,21.05625,16.8,c
WP1-f3,Tmp,28.00833333,16.8,c
WP1-f3,Tmp,35.05625,16.8,c
WP1-f3,Tmp,42.06041667,16.7,c
WP1-f3,Tmp,57.125,16.8,c
WP1-f3,Tmp,70.0875,17.5,c
WP1-f3,Tmp,85.13333333,18.5,c
WP1-f3,Tmp,98.05833333,19.4,c
WP1-f3,Tmp,112.0479167,19.9,c
WP1-f3,Tmp,140.0166667,18.1,c
WP1-f3,Tmp,196.0520833,12.4,c
WP1-f3,Tmp,252.00625,4.6,c
WP1-f3,Tmp,308.0625,3.8,c
WP1-f3,Tmp,364.0583333,11.2,c
WP1-f3,Tmp,419.0458333,18.2,c
WP1-f3,Tmp,490.04375,21.7,c
WP1-f3,Tmp,518.0604167,19.1,c
WP1-f3,Tmp,609,9,c
WP1-f3,Tmp,700.0583333,9.5,c
WP1-f3,Tmp,791.0104167,19.3,c
WP1-f4,Tmp,0,16.6,c
WP1-f4,Tmp,28.00625,16.6,c
WP1-f4,Tmp,35.05208333,16.6,c
WP1-f4,Tmp,42.05625,16.6,c
WP1-f4,Tmp,56.05,16.6,c
WP1-f4,Tmp,70.0625,16.6,c
WP1-f4,Tmp,84.06458333,16.9,c
WP1-f4,Tmp,98.05416667,18,c
WP1-f4,Tmp,112.04375,19.5,c
WP1-f4,Tmp,126.0604167,19.6,c
WP1-f4,Tmp,140.0104167,19.5,c
WP1-f4,Tmp,161.0645833,17.7,c
WP1-f4,Tmp,196.0479167,14.1,c
WP1-f4,Tmp,224.0604167,11.1,c
WP1-f4,Tmp,252.0041667,7.1,c
WP1-f4,Tmp,280.0604167,3.7,c
WP1-f4,Tmp,308.0604167,2.7,c
WP1-f4,Tmp,336.0520833,6.9,c
WP1-f4,Tmp,364.05625,9.9,c
WP1-f4,Tmp,419.0416667,17.5,c
WP1-f4,Tmp,490.0229167,21.7,c
WP1-f4,Tmp,518.0833333,20.3,c
WP1-f4,Tmp,574.0458333,13,c
WP1-f4,Tmp,644.0833333,8.1,c
WP1-f4,Tmp,700.0541667,9,c
WP1-f4,Tmp,756.0229167,15.9,c
WP1-f4,Tmp,826.0166667,21.3,c
WP1-f5,Tmp,0,16.4,c
WP1-f5,Tmp,28.00416667,16.5,c
WP1-f5,Tmp,56.04791667,16.3,c
WP1-f5,Tmp,70.05833333,16.3,c
WP1-f5,Tmp,84.06041667,16.4,c
WP1-f5,Tmp,98.05208333,16.6,c
WP1-f5,Tmp,112.0416667,16.9,c
WP1-f5,Tmp,140.0083333,16.9,c
WP1-f5,Tmp,196.0458333,16.7,c
WP1-f5,Tmp,280.05625,13.8,c
WP1-f5,Tmp,364.05,12.3,c
WP1-f5,Tmp,518.0875,16.7,c
WP1-f5,Tmp,618.0125,14.1,c
WP1-f5,Tmp,618.0416667,14.1,c
WP1-f5,Tmp,700.0520833,12.5,c
WP2-f1,Tmp,0,17.1,c
WP2-f1,Tmp,14.01666667,17.1,c
WP2-f1,Tmp,27.93125,17.1,c
WP2-f1,Tmp,42.01666667,16.2,c
WP2-f1,Tmp,70.02083333,17.2,c
WP2-f1,Tmp,126.04375,17.4,c
WP2-f1,Tmp,196,16.6,c
WP2-f1,Tmp,308.0208333,14.8,c
WP2-f1,Tmp,490.0083333,11.4,c
WP2-f1,Tmp,517.9770833,16.1,c
WP2-f1,Tmp,699.975,14.8,c
WP2-f2,Tmp,0,16.9,c
WP2-f2,Tmp,6.0625,16.9,c
WP2-f2,Tmp,10,17,c
WP2-f2,Tmp,14.01458333,17.3,c
WP2-f2,Tmp,20.98125,18.6,c
WP2-f2,Tmp,28.04583333,19,c
WP2-f2,Tmp,35.01666667,19,c
WP2-f2,Tmp,42.0125,19.7,c
WP2-f2,Tmp,70.01875,18.9,c
WP2-f2,Tmp,98.02083333,15.6,c
WP2-f2,Tmp,126.0958333,13.4,c
WP2-f2,Tmp,196.0166667,4.9,c
WP2-f2,Tmp,308.01875,10.9,c
WP2-f2,Tmp,455.0083333,17.7,c
WP2-f2,Tmp,518.00625,11,c
WP2-f2,Tmp,574.0104167,10,c
WP2-f2,Tmp,644.0125,10.5,c
WP2-f2,Tmp,700.0125,16,c
WP2-f2,Tmp,756.0020833,18.7,c
WP2-f2,Tmp,826,16.6,c
WP2-f3,Tmp,0,16.8,c
WP2-f3,Tmp,2.041666667,16.8,c
WP2-f3,Tmp,6.089583333,16.8,c
WP2-f3,Tmp,14.01041667,17.8,c
WP2-f3,Tmp,20.97708333,19.8,c
WP2-f3,Tmp,28.04166667,21.2,c
WP2-f3,Tmp,56.02083333,21,c
WP2-f3,Tmp,84.00416667,15.7,c
WP2-f3,Tmp,111.98125,13.3,c
WP2-f3,Tmp,161.0020833,5.8,c
WP2-f3,Tmp,224.0166667,4.3,c
WP2-f3,Tmp,280.00625,10.7,c
WP2-f3,Tmp,336.0083333,17.3,c
WP2-f3,Tmp,419.0208333,22.8,c
WP2-f3,Tmp,490.00625,12.5,c
WP2-f3,Tmp,518.0083333,9.2,c
WP2-f3,Tmp,608.98125,9.8,c
WP2-f3,Tmp,700.0083333,18.4,c
WP2-f3,Tmp,791.0458333,17.9,c
WP2-f4,Tmp,0,16.6,c
WP2-f4,Tmp,2.022916667,16.6,c
WP2-f4,Tmp,6.083333333,16.6,c
WP2-f4,Tmp,9.979166667,16.6,c
WP2-f4,Tmp,14.00416667,16.8,c
WP2-f4,Tmp,20.97291667,16.1,c
WP2-f4,Tmp,28.01875,19.9,c
WP2-f4,Tmp,35.01041667,21,c
WP2-f4,Tmp,42.00625,21,c
WP2-f4,Tmp,56.01666667,20.6,c
WP2-f4,Tmp,70.01041667,19.2,c
WP2-f4,Tmp,84,16.8,c
WP2-f4,Tmp,98.01666667,14.7,c
WP2-f4,Tmp,112,13.6,c
WP2-f4,Tmp,126.0479167,12.4,c
WP2-f4,Tmp,139.9791667,10.8,c
WP2-f4,Tmp,161.00625,5.7,c
WP2-f4,Tmp,196.0125,1.5,c
WP2-f4,Tmp,224.0145833,2.6,c
WP2-f4,Tmp,252,8.5,c
WP2-f4,Tmp,280.0020833,10.1,c
WP2-f4,Tmp,308.0166667,11,c
WP2-f4,Tmp,336.00625,17.3,c
WP2-f4,Tmp,364.00625,19.9,c
WP2-f4,Tmp,419.0166667,23,c
WP2-f4,Tmp,490.0041667,13.1,c
WP2-f4,Tmp,518.0125,9.3,c
WP2-f4,Tmp,574.0083333,8.3,c
WP2-f4,Tmp,644.0166667,9.8,c
WP2-f4,Tmp,700.0979167,18.7,c
WP2-f4,Tmp,756,20.4,c
WP2-f4,Tmp,825.9791667,15.8,c
WP2-f5,Tmp,0,16.2,c
WP2-f5,Tmp,6.060416667,16.2,c
WP2-f5,Tmp,14,16.2,c
WP2-f5,Tmp,28.01458333,16.2,c
WP2-f5,Tmp,42.00208333,16.3,c
WP2-f5,Tmp,70.00625,16.6,c
WP2-f5,Tmp,98.0125,16.7,c
WP2-f5,Tmp,126.0416667,16.6,c
WP2-f5,Tmp,196.0104167,15.6,c
WP2-f5,Tmp,308.0125,13.6,c
WP2-f5,Tmp,455.00625,14.9,c
WP2-f5,Tmp,518.0166667,14.9,c
WP2-f5,Tmp,609,13.9,c
WP2-f5,Tmp,700.0041667,13.3,c
WP2-f5,Tmp,791.0041667,15.2,c
WP3-f1,Tmp,0,17.1,c
WP3-f1,Tmp,2.091666667,17.1,c
WP3-f1,Tmp,6.104166667,17.1,c
WP3-f1,Tmp,10.04583333,17.1,c
WP3-f1,Tmp,14.10625,17.1,c
WP3-f1,Tmp,21.05208333,17.1,c
WP3-f1,Tmp,27.98125,17,c
WP3-f1,Tmp,57.125,17.2,c
WP3-f1,Tmp,84.04583333,17.3,c
WP3-f1,Tmp,112.0145833,17.1,c
WP3-f1,Tmp,161.0125,16.4,c
WP3-f1,Tmp,224.0416667,15.1,c
WP3-f1,Tmp,280.0125,14.7,c
WP3-f1,Tmp,336.01875,14.8,c
WP3-f1,Tmp,455.0166667,15.8,c
WP3-f1,Tmp,518.01875,15.8,c
WP3-f1,Tmp,700.0166667,14.9,c
WP3-f2,Tmp,0,17,c
WP3-f2,Tmp,2.064583333,17,c
WP3-f2,Tmp,6.135416667,17.2,c
WP3-f2,Tmp,10.04375,18.1,c
WP3-f2,Tmp,14.10416667,18.9,c
WP3-f2,Tmp,21.04583333,20.1,c
WP3-f2,Tmp,27.97916667,17,c
WP3-f2,Tmp,57.14375,19.8,c
WP3-f2,Tmp,84.04375,15.3,c
WP3-f2,Tmp,112.01875,13.8,c
WP3-f2,Tmp,161.0583333,7.6,c
WP3-f2,Tmp,224.0520833,6.2,c
WP3-f2,Tmp,280.0520833,10.7,c
WP3-f2,Tmp,336.0479167,17,c
WP3-f2,Tmp,455.0416667,17,c
WP3-f2,Tmp,518.0520833,18.2,c
WP3-f2,Tmp,574.0416667,8.7,c
WP3-f2,Tmp,644.05,11.6,c
WP3-f2,Tmp,700.0479167,18,c
WP3-f2,Tmp,756.0125,19.9,c
WP3-f2,Tmp,826.0041667,14.3,c
WP3-f3,Tmp,0,16.8,c
WP3-f3,Tmp,2.058333333,16.7,c
WP3-f3,Tmp,6.13125,17.7,c
WP3-f3,Tmp,10.02291667,19.3,c
WP3-f3,Tmp,14.1,20.1,c
WP3-f3,Tmp,21.02291667,21.4,c
WP3-f3,Tmp,27.97291667,16.7,c
WP3-f3,Tmp,35.04583333,20.3,c
WP3-f3,Tmp,42.04791667,20.4,c
WP3-f3,Tmp,57.1375,19.5,c
WP3-f3,Tmp,70.05416667,17.1,c
WP3-f3,Tmp,84.02291667,14.1,c
WP3-f3,Tmp,98.04791667,13.4,c
WP3-f3,Tmp,112.0166667,12.4,c
WP3-f3,Tmp,126.05625,11,c
WP3-f3,Tmp,140.0041667,6.8,c
WP3-f3,Tmp,161.04375,5.1,c
WP3-f3,Tmp,196.0229167,1.5,c
WP3-f3,Tmp,224.0479167,6.3,c
WP3-f3,Tmp,252.0166667,10.1,c
WP3-f3,Tmp,280.0229167,10.8,c
WP3-f3,Tmp,308.05625,11.7,c
WP3-f3,Tmp,336.0458333,19,c
WP3-f3,Tmp,364.0458333,18.4,c
WP3-f3,Tmp,419.0125,22.6,c
WP3-f3,Tmp,490.0166667,9.1,c
WP3-f3,Tmp,518.05,8.6,c
WP3-f3,Tmp,574.0229167,7.2,c
WP3-f3,Tmp,618.00625,9.1,c
WP3-f3,Tmp,617.9770833,9.1,c
WP3-f3,Tmp,644.0458333,12.5,c
WP3-f3,Tmp,700.04375,19.8,c
WP3-f3,Tmp,756.0166667,20.2,c
WP3-f3,Tmp,826.00625,12.4,c
WP3-f4,Tmp,0,16.5,c
WP3-f4,Tmp,2.052083333,16.6,c
WP3-f4,Tmp,6.127083333,17.3,c
WP3-f4,Tmp,10.01458333,18.7,c
WP3-f4,Tmp,14.05208333,19.9,c
WP3-f4,Tmp,21.01875,21.6,c
WP3-f4,Tmp,27.96875,16.5,c
WP3-f4,Tmp,35.02291667,20.7,c
WP3-f4,Tmp,42.04375,20.6,c
WP3-f4,Tmp,57.14791667,19.9,c
WP3-f4,Tmp,70.05,17.3,c
WP3-f4,Tmp,84.02083333,14.1,c
WP3-f4,Tmp,98.04375,13.5,c
WP3-f4,Tmp,112.0125,12.6,c
WP3-f4,Tmp,126.0541667,11.5,c
WP3-f4,Tmp,140.0020833,7.2,c
WP3-f4,Tmp,161.0229167,5.3,c
WP3-f4,Tmp,196.0208333,1.4,c
WP3-f4,Tmp,224.04375,5.8,c
WP3-f4,Tmp,252.0145833,10,c
WP3-f4,Tmp,280.01875,10.7,c
WP3-f4,Tmp,308.0541667,11.6,c
WP3-f4,Tmp,336.0416667,19,c
WP3-f4,Tmp,364.0145833,18.5,c
WP3-f4,Tmp,419.0083333,22.4,c
WP3-f4,Tmp,490.0125,9.3,c
WP3-f4,Tmp,518.0416667,8.6,c
WP3-f4,Tmp,574.01875,7.2,c
WP3-f4,Tmp,644.0416667,12.3,c
WP3-f4,Tmp,700.0416667,19.7,c
WP3-f4,Tmp,756.0104167,20.2,c
WP3-f4,Tmp,826.0083333,12.4,c
WP3-f5,Tmp,0,16.3,c
WP3-f5,Tmp,2.0625,16.5,c
WP3-f5,Tmp,6.10625,16.9,c
WP3-f5,Tmp,10.01041667,17.8,c
WP3-f5,Tmp,14.04791667,19,c
WP3-f5,Tmp,21.01458333,20.6,c
WP3-f5,Tmp,27.96458333,16.4,c
WP3-f5,Tmp,57.13333333,20.1,c
WP3-f5,Tmp,84.01666667,15,c
WP3-f5,Tmp,112.0104167,13.4,c
WP3-f5,Tmp,161.01875,6.4,c
WP3-f5,Tmp,224.0229167,5.2,c
WP3-f5,Tmp,280.0145833,10.4,c
WP3-f5,Tmp,336.0229167,17.8,c
WP3-f5,Tmp,455.0229167,16.8,c
WP3-f5,Tmp,518.0229167,9.5,c
WP3-f5,Tmp,574.0166667,8,c
WP3-f5,Tmp,644.0208333,11.7,c
WP3-f5,Tmp,700.0208333,19,c
WP3-f5,Tmp,756.00625,20.2,c
WP3-f5,Tmp,826.0125,13.6,c
WP4-f1,Tmp,0,17,c
WP4-f1,Tmp,27.93333333,17,c
WP4-f1,Tmp,56.0125,17,c
WP4-f1,Tmp,70,17.2,c
WP4-f1,Tmp,98.00833333,17.7,c
WP4-f1,Tmp,126.0208333,17.2,c
WP4-f1,Tmp,196.0041667,13.6,c
WP4-f1,Tmp,308.0104167,11.1,c
WP4-f1,Tmp,517.98125,16,c
WP4-f1,Tmp,700,12.6,c
WP4-f5,Tmp,0,16.3,c
WP4-f5,Tmp,21,16.4,c
WP4-f5,Tmp,27.93333333,16.4,c
WP4-f5,Tmp,35.00208333,16.4,c
WP4-f5,Tmp,41.97916667,16.4,c
WP4-f5,Tmp,56.00416667,16.7,c
WP4-f5,Tmp,69.98125,17.5,c
WP4-f5,Tmp,98.00416667,19,c
WP4-f5,Tmp,126.01875,18.3,c
WP4-f5,Tmp,196.0020833,12.2,c
WP4-f5,Tmp,336,9.7,c
WP4-f5,Tmp,489.98125,18.9,c
WP4-f5,Tmp,518,16.5,c
WP4-f5,Tmp,608.9770833,10.3,c
WP4-f5,Tmp,699.98125,10.8,c
WP4-f5,Tmp,791,18.2,c
PP1-f1,Tmp,0,17,c
PP1-f1,Tmp,57.17291667,17,c
PP1-f1,Tmp,85.13125,16.9,c
PP1-f1,Tmp,112.0979167,16.9,c
PP1-f1,Tmp,161.0895833,16.7,c
PP1-f1,Tmp,252.04375,16.9,c
PP1-f1,Tmp,336.0645833,17,c
PP1-f1,Tmp,490.0833333,12,c
PP1-f1,Tmp,518.0958333,15.1,c
PP1-f1,Tmp,609.0125,14.8,c
PP1-f1,Tmp,700.1,15.6,c
PP1-f1,Tmp,791.0145833,15.7,c
PP1-f2,Tmp,0,16.8,c
PP1-f2,Tmp,57.17083333,16.6,c
PP1-f2,Tmp,85.14375,16.5,c
PP1-f2,Tmp,98.0875,16.5,c
PP1-f2,Tmp,112.0875,16.4,c
PP1-f2,Tmp,126.0833333,16.4,c
PP1-f2,Tmp,140.0520833,16.5,c
PP1-f2,Tmp,161.0916667,16.3,c
PP1-f2,Tmp,196.0604167,16.4,c
PP1-f2,Tmp,224.0645833,16.4,c
PP1-f2,Tmp,252.0416667,16.5,c
PP1-f2,Tmp,280.0833333,16.4,c
PP1-f2,Tmp,308.0833333,16.4,c
PP1-f2,Tmp,336.0833333,16.4,c
PP1-f2,Tmp,364.0833333,16.4,c
PP1-f2,Tmp,455.05,16.5,c
PP1-f2,Tmp,518.0895833,16.4,c
PP1-f2,Tmp,609.0104167,15.6,c
PP1-f2,Tmp,618.0583333,16.4,c
PP1-f2,Tmp,618.0916667,16.4,c
PP1-f2,Tmp,700.0854167,16.4,c
PP1-f2,Tmp,791.0416667,16.4,c
PP1-f3,Tmp,0,16.6,c
PP1-f3,Tmp,57.16666667,16.4,c
PP1-f3,Tmp,85.1375,16.5,c
PP1-f3,Tmp,98.06458333,16.3,c
PP1-f3,Tmp,112.0854167,16.2,c
PP1-f3,Tmp,161.0854167,16.1,c
PP1-f3,Tmp,252.0229167,16.2,c
PP1-f3,Tmp,336.0604167,16.4,c
PP1-f3,Tmp,490.05,16.3,c
PP1-f3,Tmp,518.09375,16.4,c
PP1-f3,Tmp,609.00625,15.8,c
PP1-f3,Tmp,618.0541667,16.3,c
PP1-f3,Tmp,618.0833333,16.3,c
PP1-f3,Tmp,700.0645833,16.4,c
PP1-f3,Tmp,791.01875,16.4,c
IP2-f1,Tmp,0,17.3,c
IP2-f1,Tmp,2.047916667,17.3,c
IP2-f1,Tmp,6.058333333,17.3,c
IP2-f1,Tmp,10.00625,17.3,c
IP2-f1,Tmp,14.02083333,17.3,c
IP2-f1,Tmp,21.01041667,17.3,c
IP2-f1,Tmp,28.05208333,17.3,c
IP2-f1,Tmp,42.02083333,17.3,c
IP2-f1,Tmp,56.04166667,17.2,c
IP2-f1,Tmp,70.04375,17.3,c
IP2-f1,Tmp,84.0125,17.3,c
IP2-f1,Tmp,112.00625,17.3,c
IP2-f1,Tmp,161.0104167,17.3,c
IP2-f1,Tmp,224.01875,17.2,c
IP2-f1,Tmp,280.0104167,16.9,c
IP2-f1,Tmp,336.0125,16.7,c
IP2-f1,Tmp,455.0145833,16.4,c
IP2-f1,Tmp,518.0208333,16.5,c
IP2-f1,Tmp,700.0145833,16.2,c
IP2-f5,Tmp,0,16.4,c
IP2-f5,Tmp,2.045833333,17.5,c
IP2-f5,Tmp,6.05625,18.9,c
IP2-f5,Tmp,10.00416667,19.5,c
IP2-f5,Tmp,14.04166667,20.8,c
IP2-f5,Tmp,21.00625,20.6,c
IP2-f5,Tmp,28.05,20.4,c
IP2-f5,Tmp,455.0125,15.8,c
PP1,Tmp,1.00625,17,c
PP1,Tmp,28.09166667,16.9,c
PP1,Tmp,57.175,17.3,c
PP1,Tmp,85.14791667,16.5,c
PP1,Tmp,98.09166667,17,c
PP1,Tmp,112.0916667,16.7,c
PP1,Tmp,126.0875,16.3,c
PP1,Tmp,140.05625,15.9,c
PP1,Tmp,161.0979167,16,c
PP1,Tmp,196.0645833,16.1,c
PP1,Tmp,224.0854167,16.6,c
PP1,Tmp,252.0479167,16.8,c
PP1,Tmp,280.0854167,16.9,c
PP1,Tmp,308.0875,16.9,c
PP1,Tmp,336.0895833,16.9,c
PP1,Tmp,364.0854167,16.8,c
PP1,Tmp,419.0583333,17,c
PP1,Tmp,490.0541667,13,c
PP1,Tmp,518.0979167,5.7,c
PP1,Tmp,574.0541667,14.8,c
PP1,Tmp,644.0916667,15.8,c
PP1,Tmp,700.0875,16.3,c
PP1,Tmp,756.0479167,15.9,c
PP1,Tmp,826.0520833,14.7,c
influent,Tmp,2.095833333,17.9,c
influent,Tmp,6.047916667,19.7,c
influent,Tmp,10.06458333,20.3,c
influent,Tmp,14.13125,22.2,c
influent,Tmp,21.0625,21,c
influent,Tmp,28.0625,21.2,c
influent,Tmp,35.08333333,20.7,c
influent,Tmp,42.06458333,22,c
influent,Tmp,56.06458333,18.1,c
influent,Tmp,70.09583333,16.3,c
influent,Tmp,85.16666667,14.8,c
influent,Tmp,98.09791667,14.3,c
influent,Tmp,112.0958333,13.7,c
influent,Tmp,126.0958333,11.2,c
influent,Tmp,140.0583333,7.8,c
influent,Tmp,161.1,5,c
influent,Tmp,196.0854167,1.9,c
influent,Tmp,224.0875,6.9,c
influent,Tmp,252.0583333,10.9,c
influent,Tmp,280.0979167,11.7,c
influent,Tmp,308.0916667,16.1,c
influent,Tmp,336.09375,22.8,c
influent,Tmp,364.0916667,19.5,c
influent,Tmp,392.0520833,21.5,c
influent,Tmp,419.9354167,21.3,c
influent,Tmp,455,17.9,c
influent,Tmp,490.0604167,10.8,c
influent,Tmp,518.1,8.3,c
influent,Tmp,546.0479167,8.2,c
influent,Tmp,574.0583333,9,c
influent,Tmp,609.01875,9,c
influent,Tmp,644.0958333,9.5,c
influent,Tmp,672.0229167,18.3,c
influent,Tmp,700.1020833,19.8,c
influent,Tmp,728.01875,19.6,c
influent,Tmp,756.0458333,20.8,c
influent,Tmp,791.05,18.8,c
influent,Tmp,826.05625,12.7,c
influent,Tmp,854.0166667,8.9,c
WP1-f1,pH,0,6.9,unitless
WP1-f1,pH,112.0520833,6.9,unitless
WP1-f1,pH,140.0145833,6.9,unitless
WP1-f1,pH,196.0541667,6.8,unitless
WP1-f1,pH,280.0625,6.95,unitless
WP1-f1,pH,364.0604167,6.8,unitless
WP1-f1,pH,700.05625,6.75,unitless
WP1-f2,pH,0,6.7,unitless
WP1-f2,pH,112.05,6.8,unitless
WP1-f2,pH,126.0625,6.75,unitless
WP1-f2,pH,140.0208333,6.8,unitless
WP1-f2,pH,196.05625,6.65,unitless
WP1-f2,pH,252.0104167,6.5,unitless
WP1-f2,pH,336.05625,6.55,unitless
WP1-f2,pH,455.0458333,6.6,unitless
WP1-f2,pH,518.0583333,6.7,unitless
WP1-f2,pH,574.0479167,6.6,unitless
WP1-f2,pH,618.0166667,6.5,unitless
WP1-f2,pH,644.0875,6.45,unitless
WP1-f2,pH,700.0625,6.5,unitless
WP1-f2,pH,756.0416667,6.55,unitless
WP1-f2,pH,826.0208333,6.55,unitless
WP1-f3,pH,0,6.6,unitless
WP1-f3,pH,6.141666667,6.6,unitless
WP1-f3,pH,10.05416667,6.6,unitless
WP1-f3,pH,14.12708333,6.6,unitless
WP1-f3,pH,21.05625,6.55,unitless
WP1-f3,pH,28.00833333,6.6,unitless
WP1-f3,pH,35.05625,6.6,unitless
WP1-f3,pH,42.06041667,6.6,unitless
WP1-f3,pH,57.125,6.6,unitless
WP1-f3,pH,70.0875,6.7,unitless
WP1-f3,pH,85.13333333,6.65,unitless
WP1-f3,pH,98.05833333,6.7,unitless
WP1-f3,pH,112.0479167,6.75,unitless
WP1-f3,pH,140.0166667,6.8,unitless
WP1-f3,pH,196.0520833,6.8,unitless
WP1-f3,pH,252.00625,6.6,unitless
WP1-f3,pH,308.0625,6.7,unitless
WP1-f3,pH,364.0583333,6.6,unitless
WP1-f3,pH,419.0458333,6.6,unitless
WP1-f3,pH,490.04375,6.65,unitless
WP1-f3,pH,518.0604167,6.7,unitless
WP1-f3,pH,609,6.55,unitless
WP1-f3,pH,700.0583333,6.5,unitless
WP1-f3,pH,791.0104167,6.7,unitless
WP1-f4,pH,0,6.6,unitless
WP1-f4,pH,28.00625,6.6,unitless
WP1-f4,pH,35.05208333,6.6,unitless
WP1-f4,pH,42.05625,6.6,unitless
WP1-f4,pH,56.05,6.6,unitless
WP1-f4,pH,70.0625,6.65,unitless
WP1-f4,pH,84.06458333,6.55,unitless
WP1-f4,pH,98.05416667,6.5,unitless
WP1-f4,pH,112.04375,6.45,unitless
WP1-f4,pH,126.0604167,6.4,unitless
WP1-f4,pH,140.0104167,6.45,unitless
WP1-f4,pH,161.0645833,6.55,unitless
WP1-f4,pH,196.0479167,6.8,unitless
WP1-f4,pH,224.0604167,6.75,unitless
WP1-f4,pH,252.0041667,6.7,unitless
WP1-f4,pH,280.0604167,6.55,unitless
WP1-f4,pH,308.0604167,6.7,unitless
WP1-f4,pH,336.0520833,6.65,unitless
WP1-f4,pH,364.05625,6.6,unitless
WP1-f4,pH,419.0416667,6.7,unitless
WP1-f4,pH,490.0229167,6.6,unitless
WP1-f4,pH,518.0833333,6.65,unitless
WP1-f4,pH,574.0458333,6.7,unitless
WP1-f4,pH,644.0833333,6.55,unitless
WP1-f4,pH,700.0541667,6.5,unitless
WP1-f4,pH,756.0229167,6.4,unitless
WP1-f4,pH,826.0166667,6.5,unitless
WP1-f5,pH,0,6.65,unitless
WP1-f5,pH,112.0416667,6.65,unitless
WP1-f5,pH,140.0083333,6.7,unitless
WP1-f5,pH,196.0458333,6.65,unitless
WP1-f5,pH,280.05625,6.55,unitless
WP1-f5,pH,364.05,6.6,unitless
WP1-f5,pH,518.0875,6.6,unitless
WP1-f5,pH,618.0125,6.65,unitless
WP1-f5,pH,618.0416667,6.65,unitless
WP1-f5,pH,700.0520833,6.4,unitless
WP2-f1,pH,0,6.8,unitless
WP2-f1,pH,70.02083333,6.9,unitless
WP2-f1,pH,126.04375,6.9,unitless
WP2-f1,pH,196,6.85,unitless
WP2-f1,pH,308.0208333,7,unitless
WP2-f1,pH,699.975,6.8,unitless
WP2-f2,pH,0,6.6,unitless
WP2-f2,pH,28.04583333,6.8,unitless
WP2-f2,pH,42.0125,6.85,unitless
WP2-f2,pH,70.01875,6.8,unitless
WP2-f2,pH,98.02083333,6.55,unitless
WP2-f2,pH,126.0958333,6.6,unitless
WP2-f2,pH,196.0166667,6.55,unitless
WP2-f2,pH,308.01875,6.65,unitless
WP2-f2,pH,455.0083333,6.65,unitless
WP2-f2,pH,518.00625,6.65,unitless
WP2-f2,pH,574.0104167,6.35,unitless
WP2-f2,pH,644.0125,6.55,unitless
WP2-f2,pH,700.0125,6.55,unitless
WP2-f2,pH,756.0020833,6.6,unitless
WP2-f2,pH,826,6.45,unitless
WP2-f3,pH,0,6.6,unitless
WP2-f3,pH,6.089583333,6.6,unitless
WP2-f3,pH,14.01041667,6.8,unitless
WP2-f3,pH,20.97708333,6.9,unitless
WP2-f3,pH,28.04166667,6.9,unitless
WP2-f3,pH,56.02083333,6.95,unitless
WP2-f3,pH,84.00416667,6.75,unitless
WP2-f3,pH,111.98125,6.7,unitless
WP2-f3,pH,161.0020833,6.45,unitless
WP2-f3,pH,224.0166667,6.9,unitless
WP2-f3,pH,280.00625,6.65,unitless
WP2-f3,pH,336.0083333,6.6,unitless
WP2-f3,pH,419.0208333,6.8,unitless
WP2-f3,pH,490.00625,6.7,unitless
WP2-f3,pH,518.0083333,6.7,unitless
WP2-f3,pH,608.98125,6.65,unitless
WP2-f3,pH,700.0083333,6.7,unitless
WP2-f3,pH,791.0458333,6.5,unitless
WP2-f4,pH,0,6.6,unitless
WP2-f4,pH,6.083333333,6.6,unitless
WP2-f4,pH,9.979166667,6.6,unitless
WP2-f4,pH,14.00416667,6.7,unitless
WP2-f4,pH,20.97291667,6.65,unitless
WP2-f4,pH,28.01875,6.6,unitless
WP2-f4,pH,35.01041667,6.65,unitless
WP2-f4,pH,42.00625,6.8,unitless
WP2-f4,pH,56.01666667,6.9,unitless
WP2-f4,pH,70.01041667,6.95,unitless
WP2-f4,pH,84,6.95,unitless
WP2-f4,pH,98.01666667,6.7,unitless
WP2-f4,pH,112,6.65,unitless
WP2-f4,pH,126.0479167,6.7,unitless
WP2-f4,pH,139.9791667,6.8,unitless
WP2-f4,pH,161.00625,6.55,unitless
WP2-f4,pH,196.0125,6.55,unitless
WP2-f4,pH,224.0145833,6.7,unitless
WP2-f4,pH,252,6.65,unitless
WP2-f4,pH,280.0020833,6.5,unitless
WP2-f4,pH,308.0166667,6.7,unitless
WP2-f4,pH,336.00625,6.65,unitless
WP2-f4,pH,364.00625,6.6,unitless
WP2-f4,pH,419.0166667,6.8,unitless
WP2-f4,pH,490.0041667,6.7,unitless
WP2-f4,pH,518.0125,6.7,unitless
WP2-f4,pH,574.0083333,6.45,unitless
WP2-f4,pH,644.0166667,6.65,unitless
WP2-f4,pH,700.0979167,6.6,unitless
WP2-f4,pH,756,6.65,unitless
WP2-f4,pH,825.9791667,6.45,unitless
WP2-f5,pH,0,6.55,unitless
WP2-f5,pH,28.01458333,6.55,unitless
WP2-f5,pH,42.00208333,6.55,unitless
WP2-f5,pH,70.00625,6.55,unitless
WP2-f5,pH,98.0125,6.55,unitless
WP2-f5,pH,126.0416667,6.5,unitless
WP2-f5,pH,196.0104167,6.6,unitless
WP2-f5,pH,308.0125,6.55,unitless
WP2-f5,pH,455.00625,6.55,unitless
WP2-f5,pH,518.0166667,6.6,unitless
WP2-f5,pH,609,6.4,unitless
WP2-f5,pH,700.0041667,6.45,unitless
WP2-f5,pH,791.0041667,6.35,unitless
WP3-f1,pH,0,6.75,unitless
WP3-f1,pH,10.04583333,6.85,unitless
WP3-f1,pH,14.10625,6.85,unitless
WP3-f1,pH,21.05208333,6.85,unitless
WP3-f1,pH,27.98125,6.85,unitless
WP3-f1,pH,57.125,6.85,unitless
WP3-f1,pH,84.04583333,6.9,unitless
WP3-f1,pH,112.0145833,6.9,unitless
WP3-f1,pH,161.0125,6.9,unitless
WP3-f1,pH,224.0416667,6.85,unitless
WP3-f1,pH,280.0125,6.85,unitless
WP3-f1,pH,336.01875,6.85,unitless
WP3-f1,pH,455.0166667,6.8,unitless
WP3-f1,pH,700.0166667,6.8,unitless
WP3-f2,pH,0,6.6,unitless
WP3-f2,pH,2.064583333,6.7,unitless
WP3-f2,pH,6.135416667,6.8,unitless
WP3-f2,pH,10.04375,6.8,unitless
WP3-f2,pH,14.10416667,6.85,unitless
WP3-f2,pH,21.04583333,6.9,unitless
WP3-f2,pH,27.97916667,6.85,unitless
WP3-f2,pH,57.14375,6.9,unitless
WP3-f2,pH,84.04375,6.55,unitless
WP3-f2,pH,112.01875,6.6,unitless
WP3-f2,pH,161.0583333,6.35,unitless
WP3-f2,pH,224.0520833,6.7,unitless
WP3-f2,pH,280.0520833,6.6,unitless
WP3-f2,pH,336.0479167,6.6,unitless
WP3-f2,pH,455.0416667,6.7,unitless
WP3-f2,pH,518.0520833,6.6,unitless
WP3-f2,pH,574.0416667,6.4,unitless
WP3-f2,pH,644.05,6.6,unitless
WP3-f2,pH,700.0479167,6.65,unitless
WP3-f2,pH,756.0125,6.6,unitless
WP3-f2,pH,826.0041667,6.45,unitless
WP3-f3,pH,0,6.55,unitless
WP3-f3,pH,2.058333333,6.55,unitless
WP3-f3,pH,6.13125,6.9,unitless
WP3-f3,pH,10.02291667,6.9,unitless
WP3-f3,pH,14.1,6.9,unitless
WP3-f3,pH,21.02291667,6.95,unitless
WP3-f3,pH,27.97291667,6.9,unitless
WP3-f3,pH,35.04583333,6.9,unitless
WP3-f3,pH,42.04791667,6.95,unitless
WP3-f3,pH,57.1375,6.95,unitless
WP3-f3,pH,70.05416667,6.8,unitless
WP3-f3,pH,84.02291667,6.65,unitless
WP3-f3,pH,98.04791667,6.65,unitless
WP3-f3,pH,112.0166667,6.7,unitless
WP3-f3,pH,126.05625,6.75,unitless
WP3-f3,pH,140.0041667,6.7,unitless
WP3-f3,pH,161.04375,6.55,unitless
WP3-f3,pH,196.0229167,6.85,unitless
WP3-f3,pH,224.0479167,6.7,unitless
WP3-f3,pH,252.0166667,6.6,unitless
WP3-f3,pH,280.0229167,6.65,unitless
WP3-f3,pH,308.05625,6.8,unitless
WP3-f3,pH,336.0458333,6.55,unitless
WP3-f3,pH,364.0458333,6.65,unitless
WP3-f3,pH,419.0125,6.8,unitless
WP3-f3,pH,490.0166667,6.65,unitless
WP3-f3,pH,518.05,6.7,unitless
WP3-f3,pH,574.0229167,6.65,unitless
WP3-f3,pH,618.00625,6.75,unitless
WP3-f3,pH,617.9770833,6.75,unitless
WP3-f3,pH,644.0458333,6.7,unitless
WP3-f3,pH,700.04375,6.7,unitless
WP3-f3,pH,756.0166667,6.65,unitless
WP3-f3,pH,826.00625,6.6,unitless
WP3-f4,pH,0,6.6,unitless
WP3-f4,pH,2.052083333,6.6,unitless
WP3-f4,pH,6.127083333,6.85,unitless
WP3-f4,pH,10.01458333,6.85,unitless
WP3-f4,pH,14.05208333,6.8,unitless
WP3-f4,pH,21.01875,6.9,unitless
WP3-f4,pH,27.96875,6.95,unitless
WP3-f4,pH,35.02291667,7,unitless
WP3-f4,pH,42.04375,7,unitless
WP3-f4,pH,57.14791667,7,unitless
WP3-f4,pH,70.05,6.95,unitless
WP3-f4,pH,84.02083333,6.8,unitless
WP3-f4,pH,98.04375,6.7,unitless
WP3-f4,pH,112.0125,6.8,unitless
WP3-f4,pH,126.0541667,6.75,unitless
WP3-f4,pH,140.0020833,6.65,unitless
WP3-f4,pH,161.0229167,6.5,unitless
WP3-f4,pH,196.0208333,6.7,unitless
WP3-f4,pH,224.04375,6.8,unitless
WP3-f4,pH,252.0145833,6.65,unitless
WP3-f4,pH,280.01875,6.7,unitless
WP3-f4,pH,308.0541667,6.8,unitless
WP3-f4,pH,336.0416667,6.65,unitless
WP3-f4,pH,364.0145833,6.65,unitless
WP3-f4,pH,419.0083333,6.7,unitless
WP3-f4,pH,490.0125,6.65,unitless
WP3-f4,pH,518.0416667,6.75,unitless
WP3-f4,pH,574.01875,6.65,unitless
WP3-f4,pH,644.0416667,6.75,unitless
WP3-f4,pH,700.0416667,6.75,unitless
WP3-f4,pH,756.0104167,6.7,unitless
WP3-f4,pH,826.0083333,6.65,unitless
WP3-f5,pH,0,6.55,unitless
WP3-f5,pH,6.10625,6.7,unitless
WP3-f5,pH,10.01041667,6.75,unitless
WP3-f5,pH,14.04791667,6.7,unitless
WP3-f5,pH,21.01458333,6.75,unitless
WP3-f5,pH,27.96458333,6.8,unitless
WP3-f5,pH,57.13333333,6.95,unitless
WP3-f5,pH,84.01666667,6.8,unitless
WP3-f5,pH,112.0104167,6.75,unitless
WP3-f5,pH,161.01875,6.55,unitless
WP3-f5,pH,280.0145833,6.7,unitless
WP3-f5,pH,336.0229167,6.65,unitless
WP3-f5,pH,455.0229167,6.7,unitless
WP3-f5,pH,518.0229167,6.8,unitless
WP3-f5,pH,574.0166667,6.6,unitless
WP3-f5,pH,644.0208333,6.75,unitless
WP3-f5,pH,700.0208333,6.7,unitless
WP3-f5,pH,756.00625,6.7,unitless
WP3-f5,pH,826.0125,6.65,unitless
WP4-f1,pH,0,6.8,unitless
WP4-f1,pH,517.98125,6.75,unitless
WP4-f1,pH,700,6.45,unitless
WP4-f5,pH,0,6.6,unitless
WP4-f5,pH,196.0020833,6.75,unitless
WP4-f5,pH,336,6.6,unitless
WP4-f5,pH,489.98125,6.65,unitless
WP4-f5,pH,518,6.75,unitless
WP4-f5,pH,608.9770833,6.65,unitless
WP4-f5,pH,699.98125,6.65,unitless
WP4-f5,pH,791,6.65,unitless
PP1-f1,pH,0,6.75,unitless
PP1-f1,pH,112.0979167,6.8,unitless
PP1-f1,pH,161.0895833,6.7,unitless
PP1-f1,pH,252.04375,6.7,unitless
PP1-f1,pH,336.0645833,6.65,unitless
PP1-f1,pH,609.0125,6.75,unitless
PP1-f1,pH,700.1,6.7,unitless
PP1-f1,pH,791.0145833,6.7,unitless
PP1-f2,pH,0,6.55,unitless
PP1-f2,pH,85.14375,6.65,unitless
PP1-f2,pH,98.0875,6.6,unitless
PP1-f2,pH,112.0875,6.6,unitless
PP1-f2,pH,126.0833333,6.6,unitless
PP1-f2,pH,140.0520833,6.6,unitless
PP1-f2,pH,161.0916667,6.6,unitless
PP1-f2,pH,196.0604167,6.6,unitless
PP1-f2,pH,224.0645833,6.6,unitless
PP1-f2,pH,252.0416667,6.6,unitless
PP1-f2,pH,280.0833333,6.55,unitless
PP1-f2,pH,308.0833333,6.65,unitless
PP1-f2,pH,336.0833333,6.6,unitless
PP1-f2,pH,364.0833333,6.55,unitless
PP1-f2,pH,455.05,6.55,unitless
PP1-f2,pH,518.0895833,6.65,unitless
PP1-f2,pH,609.0104167,6.5,unitless
PP1-f2,pH,618.0583333,6.65,unitless
PP1-f2,pH,618.0916667,6.65,unitless
PP1-f2,pH,700.0854167,6.65,unitless
PP1-f2,pH,791.0416667,6.65,unitless
PP1-f3,pH,0,6.6,unitless
PP1-f3,pH,98.06458333,6.55,unitless
PP1-f3,pH,112.0854167,6.55,unitless
PP1-f3,pH,161.0854167,6.55,unitless
PP1-f3,pH,252.0229167,6.55,unitless
PP1-f3,pH,336.0604167,6.55,unitless
PP1-f3,pH,490.05,6.55,unitless
PP1-f3,pH,518.09375,6.6,unitless
PP1-f3,pH,609.00625,6.4,unitless
PP1-f3,pH,618.0541667,6.6,unitless
PP1-f3,pH,618.0833333,6.65,unitless
PP1-f3,pH,700.0645833,6.35,unitless
PP1-f3,pH,791.01875,6.3,unitless
IP2-f1,pH,0,6.9,unitless
IP2-f1,pH,14.02083333,6.8,unitless
IP2-f1,pH,28.05208333,6.8,unitless
IP2-f1,pH,56.04166667,6.85,unitless
IP2-f1,pH,112.00625,6.8,unitless
IP2-f1,pH,161.0104167,6.85,unitless
IP2-f1,pH,224.01875,6.8,unitless
IP2-f1,pH,280.0104167,6.75,unitless
IP2-f1,pH,336.0125,6.8,unitless
IP2-f1,pH,455.0145833,6.75,unitless
IP2-f1,pH,518.0208333,6.8,unitless
IP2-f1,pH,700.0145833,6.25,unitless
IP2-f5,pH,0,6.75,unitless
IP2-f5,pH,455.0125,6.95,unitless
PP1,pH,1.00625,6.55,unitless
PP1,pH,28.09166667,6.55,unitless
PP1,pH,85.14791667,6.55,unitless
PP1,pH,98.09166667,6.55,unitless
PP1,pH,112.0916667,6.55,unitless
PP1,pH,126.0875,6.55,unitless
PP1,pH,140.05625,6.6,unitless
PP1,pH,161.0979167,6.55,unitless
PP1,pH,196.0645833,6.6,unitless
PP1,pH,224.0854167,6.6,unitless
PP1,pH,252.0479167,6.55,unitless
PP1,pH,280.0854167,6.55,unitless
PP1,pH,308.0875,6.6,unitless
PP1,pH,336.0895833,6.6,unitless
PP1,pH,364.0854167,6.5,unitless
PP1,pH,419.0583333,6.55,unitless
PP1,pH,490.0541667,6.6,unitless
PP1,pH,518.0979167,6.6,unitless
PP1,pH,574.0541667,6.55,unitless
PP1,pH,644.0916667,6.65,unitless
PP1,pH,700.0875,6.45,unitless
PP1,pH,756.0479167,6.45,unitless
PP1,pH,826.0520833,6.65,unitless
influent,pH,2.095833333,7.3,unitless
influent,pH,6.047916667,7.35,unitless
influent,pH,10.06458333,7.3,unitless
influent,pH,14.13125,7.3,unitless
influent,pH,21.0625,7.25,unitless
influent,pH,28.0625,7.3,unitless
influent,pH,35.08333333,7.35,unitless
influent,pH,42.06458333,7.25,unitless
influent,pH,56.06458333,7.2,unitless
influent,pH,70.09583333,7.05,unitless
influent,pH,85.16666667,7.05,unitless
influent,pH,98.09791667,7,unitless
influent,pH,112.0958333,7.1,unitless
influent,pH,126.0958333,7,unitless
influent,pH,140.0583333,7,unitless
influent,pH,161.1,6.85,unitless
influent,pH,196.0854167,7,unitless
influent,pH,224.0875,7.1,unitless
influent,pH,252.0583333,6.85,unitless
influent,pH,280.0979167,7.1,unitless
influent,pH,308.0916667,7.15,unitless
influent,pH,336.09375,6.95,unitless
influent,pH,364.0916667,7.05,unitless
influent,pH,392.0520833,6.9,unitless
influent,pH,419.9354167,7.1,unitless
influent,pH,455,6.95,unitless
influent,pH,490.0604167,6.95,unitless
influent,pH,518.1,6.8,unitless
influent,pH,546.0479167,6.75,unitless
influent,pH,574.0583333,6.85,unitless
influent,pH,609.01875,6.95,unitless
influent,pH,644.0958333,6.85,unitless
influent,pH,672.0229167,6.85,unitless
influent,pH,700.1020833,6.95,unitless
influent,pH,728.01875,7.1,unitless
influent,pH,756.0458333,6.95,unitless
influent,pH,791.05,6.95,unitless
influent,pH,826.05625,6.8,unitless
influent,pH,854.0166667,6.8,unitless
