time,value,obsid,variable
2.10000e+00,1.77146e-03,influent,Ca
6.05000e+00,1.82136e-03,influent,Ca
1.00600e+01,1.84631e-03,influent,Ca
1.41300e+01,1.92116e-03,influent,Ca
2.10600e+01,1.82136e-03,influent,Ca
2.80600e+01,1.94611e-03,influent,Ca
3.50800e+01,1.94611e-03,influent,Ca
4.20600e+01,1.99601e-03,influent,Ca
5.60600e+01,1.67166e-03,influent,Ca
7.01000e+01,1.64671e-03,influent,Ca
8.51700e+01,1.62176e-03,influent,Ca
9.81000e+01,1.64671e-03,influent,Ca
1.12100e+02,1.72156e-03,influent,Ca
1.26100e+02,1.64671e-03,influent,Ca
1.40060e+02,1.69661e-03,influent,Ca
1.61100e+02,1.44711e-03,influent,Ca
1.96090e+02,1.87126e-03,influent,Ca
2.24090e+02,1.69661e-03,influent,Ca
2.52060e+02,1.42216e-03,influent,Ca
2.80100e+02,1.67166e-03,influent,Ca
3.08090e+02,1.64671e-03,influent,Ca
3.36090e+02,1.42216e-03,influent,Ca
3.64090e+02,1.34731e-03,influent,Ca
3.92050e+02,1.42216e-03,influent,Ca
4.19940e+02,1.49701e-03,influent,Ca
4.55000e+02,1.87126e-03,influent,Ca
4.90060e+02,1.62176e-03,influent,Ca
5.18100e+02,1.74651e-03,influent,Ca
5.46050e+02,1.49701e-03,influent,Ca
5.74060e+02,1.52196e-03,influent,Ca
6.09020e+02,1.82136e-03,influent,Ca
6.44100e+02,1.54691e-03,influent,Ca
6.72020e+02,1.32236e-03,influent,Ca
7.00100e+02,1.52196e-03,influent,Ca
7.28020e+02,1.52196e-03,influent,Ca
7.56050e+02,1.57186e-03,influent,Ca
7.91050e+02,1.59681e-03,influent,Ca
8.26060e+02,1.57186e-03,influent,Ca
8.54020e+02,1.19761e-03,influent,Ca
1.01000e+00,1.97106e-03,pp1,Ca
9.80900e+01,1.82136e-03,pp1,Ca
1.12090e+02,1.87126e-03,pp1,Ca
1.26090e+02,1.89621e-03,pp1,Ca
1.40060e+02,1.84631e-03,pp1,Ca
1.61100e+02,1.87126e-03,pp1,Ca
1.96060e+02,1.74651e-03,pp1,Ca
2.24090e+02,1.79641e-03,pp1,Ca
2.52050e+02,1.77146e-03,pp1,Ca
2.80090e+02,1.69661e-03,pp1,Ca
3.08090e+02,1.69661e-03,pp1,Ca
3.36090e+02,1.72156e-03,pp1,Ca
3.64090e+02,1.64671e-03,pp1,Ca
4.19060e+02,1.62176e-03,pp1,Ca
4.90050e+02,1.47206e-03,pp1,Ca
5.18100e+02,1.54691e-03,pp1,Ca
5.74050e+02,1.67166e-03,pp1,Ca
6.44090e+02,1.67166e-03,pp1,Ca
7.00090e+02,1.57186e-03,pp1,Ca
7.56050e+02,1.62176e-03,pp1,Ca
8.26050e+02,1.64671e-03,pp1,Ca
0.00000e+00,1.89621e-03,pp1f1,Ca
3.36060e+02,1.69661e-03,pp1f1,Ca
5.18100e+02,1.47206e-03,pp1-f1,Ca
6.09010e+02,1.37225e-03,pp1-f1,Ca
7.00100e+02,1.62176e-03,pp1-f1,Ca
7.91010e+02,1.77146e-03,pp1-f1,Ca
0.00000e+00,1.92116e-03,pp1-f2,Ca
9.80900e+01,1.77146e-03,pp1-f2,Ca
1.12090e+02,1.87126e-03,pp1-f2,Ca
1.26080e+02,1.89621e-03,pp1-f2,Ca
1.40050e+02,1.84631e-03,pp1-f2,Ca
1.61090e+02,1.89621e-03,pp1-f2,Ca
1.96060e+02,1.79641e-03,pp1-f2,Ca
2.24060e+02,1.84631e-03,pp1-f2,Ca
2.52040e+02,1.84631e-03,pp1-f2,Ca
2.80080e+02,1.79641e-03,pp1-f2,Ca
3.08080e+02,1.82136e-03,pp1-f2,Ca
3.36080e+02,1.89621e-03,pp1-f2,Ca
3.64080e+02,1.82136e-03,pp1-f2,Ca
4.55050e+02,1.92116e-03,pp1-f2,Ca
5.18090e+02,1.77146e-03,pp1-f2,Ca
6.09010e+02,1.62176e-03,pp1-f2,Ca
6.18060e+02,1.62176e-03,pp1-f2,Ca
6.18090e+02,1.62176e-03,pp1-f2,Ca
7.00090e+02,1.49701e-03,pp1-f2,Ca
7.91040e+02,1.39721e-03,pp1-f2,Ca
0.00000e+00,1.89621e-03,pp1-f3,Ca
3.36060e+02,1.89621e-03,pp1-f3,Ca
5.18090e+02,1.49701e-03,pp1-f3,Ca
6.09010e+02,1.52196e-03,pp1-f3,Ca
6.18050e+02,1.52196e-03,pp1-f3,Ca
6.18080e+02,1.59681e-03,pp1-f3,Ca
7.00060e+02,1.49701e-03,pp1-f3,Ca
7.91020e+02,1.74651e-03,pp1-f3,Ca
0.00000e+00,1.74651e-03,wp1-f1,Ca
3.64060e+02,1.62176e-03,wp1-f1,Ca
0.00000e+00,1.72156e-03,wp1-f2,Ca
1.40020e+02,1.57186e-03,wp1-f2,Ca
1.96060e+02,1.47206e-03,wp1-f2,Ca
2.52010e+02,1.79641e-03,wp1-f2,Ca
3.36060e+02,1.69661e-03,wp1-f2,Ca
5.18060e+02,1.84631e-03,wp1-f2,Ca
5.74050e+02,1.74651e-03,wp1-f2,Ca
6.18020e+02,1.42216e-03,wp1-f2,Ca
6.44090e+02,1.67166e-03,wp1-f2,Ca
7.00060e+02,1.42216e-03,wp1-f2,Ca
7.56040e+02,1.52196e-03,wp1-f2,Ca
8.26020e+02,1.72156e-03,wp1-f2,Ca
0.00000e+00,1.87126e-03,wp1-f3,Ca
6.14000e+00,1.87126e-03,wp1-f3,Ca
1.00500e+01,1.92116e-03,wp1-f3,Ca
1.41300e+01,1.87126e-03,wp1-f3,Ca
2.10600e+01,1.84631e-03,wp1-f3,Ca
2.80100e+01,1.84631e-03,wp1-f3,Ca
3.50600e+01,1.94611e-03,wp1-f3,Ca
4.20600e+01,1.92116e-03,wp1-f3,Ca
5.71200e+01,1.77146e-03,wp1-f3,Ca
7.00900e+01,1.64671e-03,wp1-f3,Ca
8.51300e+01,1.77146e-03,wp1-f3,Ca
9.80600e+01,1.54691e-03,wp1-f3,Ca
1.12050e+02,1.57186e-03,wp1-f3,Ca
1.40020e+02,1.49701e-03,wp1-f3,Ca
1.96050e+02,1.54691e-03,wp1-f3,Ca
2.52010e+02,1.82136e-03,wp1-f3,Ca
3.08060e+02,1.49701e-03,wp1-f3,Ca
3.64060e+02,1.47206e-03,wp1-f3,Ca
4.19050e+02,1.34731e-03,wp1-f3,Ca
4.90040e+02,1.59681e-03,wp1-f3,Ca
5.18060e+02,1.79641e-03,wp1-f3,Ca
6.09000e+02,1.47206e-03,wp1-f3,Ca
7.00060e+02,1.42216e-03,wp1-f3,Ca
7.91010e+02,1.69661e-03,wp1-f3,Ca
0.00000e+00,1.84631e-03,wp1-f4,Ca
4.20600e+01,1.99601e-03,wp1-f4,Ca
5.60500e+01,1.84631e-03,wp1-f4,Ca
7.00600e+01,1.52196e-03,wp1-f4,Ca
8.40600e+01,1.59681e-03,wp1-f4,Ca
9.80500e+01,1.39721e-03,wp1-f4,Ca
1.12040e+02,1.34731e-03,wp1-f4,Ca
1.26060e+02,1.24751e-03,wp1-f4,Ca
1.40010e+02,1.22255e-03,wp1-f4,Ca
1.61060e+02,1.52196e-03,wp1-f4,Ca
1.96050e+02,1.52196e-03,wp1-f4,Ca
2.24060e+02,1.42216e-03,wp1-f4,Ca
2.52000e+02,1.77146e-03,wp1-f4,Ca
2.80060e+02,1.67166e-03,wp1-f4,Ca
3.08060e+02,1.37225e-03,wp1-f4,Ca
3.36050e+02,1.62176e-03,wp1-f4,Ca
3.64060e+02,1.44711e-03,wp1-f4,Ca
4.19040e+02,1.42216e-03,wp1-f4,Ca
4.90020e+02,1.57186e-03,wp1-f4,Ca
5.18080e+02,1.82136e-03,wp1-f4,Ca
5.74050e+02,1.87126e-03,wp1-f4,Ca
6.44080e+02,1.67166e-03,wp1-f4,Ca
7.00050e+02,1.44711e-03,wp1-f4,Ca
7.56020e+02,1.49701e-03,wp1-f4,Ca
8.26020e+02,1.77146e-03,wp1-f4,Ca
0.00000e+00,2.04591e-03,wp1-f5,Ca
1.96050e+02,2.09581e-03,wp1-f5,Ca
2.80060e+02,0.00000e+00,wp1-f5,Ca
3.64050e+02,0.00000e+00,wp1-f5,Ca
5.18090e+02,0.00000e+00,wp1-f5,Ca
6.18010e+02,1.94611e-03,wp1-f5,Ca
6.18040e+02,1.92116e-03,wp1-f5,Ca
7.00050e+02,1.89621e-03,wp1-f5,Ca
6.99980e+02,1.79641e-03,wp2-f1,Ca
0.00000e+00,1.79641e-03,wp2-f2,Ca
5.18010e+02,1.77146e-03,wp2-f2,Ca
5.74010e+02,1.47206e-03,wp2-f2,Ca
6.44010e+02,1.49701e-03,wp2-f2,Ca
7.00010e+02,1.44711e-03,wp2-f2,Ca
7.56000e+02,1.57186e-03,wp2-f2,Ca
8.26000e+02,1.29740e-03,wp2-f2,Ca
0.00000e+00,1.84631e-03,wp2-f3,Ca
1.61000e+02,1.37225e-03,wp2-f3,Ca
4.90010e+02,1.72156e-03,wp2-f3,Ca
5.18010e+02,1.77146e-03,wp2-f3,Ca
6.08980e+02,1.84631e-03,wp2-f3,Ca
7.00010e+02,1.47206e-03,wp2-f3,Ca
7.91050e+02,1.72156e-03,wp2-f3,Ca
0.00000e+00,1.87126e-03,wp2-f4,Ca
6.08000e+00,1.87126e-03,wp2-f4,Ca
9.98000e+00,1.89621e-03,wp2-f4,Ca
1.40000e+01,1.62176e-03,wp2-f4,Ca
2.09700e+01,1.52196e-03,wp2-f4,Ca
2.80200e+01,1.57186e-03,wp2-f4,Ca
3.50100e+01,1.77146e-03,wp2-f4,Ca
4.20100e+01,1.87126e-03,wp2-f4,Ca
5.60200e+01,1.92116e-03,wp2-f4,Ca
7.00100e+01,1.84631e-03,wp2-f4,Ca
8.40000e+01,1.67166e-03,wp2-f4,Ca
9.80200e+01,1.62176e-03,wp2-f4,Ca
1.12000e+02,1.57186e-03,wp2-f4,Ca
1.26050e+02,1.67166e-03,wp2-f4,Ca
1.39980e+02,1.67166e-03,wp2-f4,Ca
1.61010e+02,1.39721e-03,wp2-f4,Ca
1.96010e+02,1.62176e-03,wp2-f4,Ca
2.24010e+02,1.92116e-03,wp2-f4,Ca
2.52000e+02,1.52196e-03,wp2-f4,Ca
2.80000e+02,1.64671e-03,wp2-f4,Ca
3.08020e+02,1.67166e-03,wp2-f4,Ca
3.36010e+02,1.34731e-03,wp2-f4,Ca
3.64010e+02,1.34731e-03,wp2-f4,Ca
4.19020e+02,1.54691e-03,wp2-f4,Ca
4.90000e+02,1.74651e-03,wp2-f4,Ca
5.18010e+02,1.77146e-03,wp2-f4,Ca
5.74010e+02,1.44711e-03,wp2-f4,Ca
6.44020e+02,1.52196e-03,wp2-f4,Ca
7.00100e+02,1.47206e-03,wp2-f4,Ca
7.56000e+02,1.57186e-03,wp2-f4,Ca
8.25980e+02,1.29740e-03,wp2-f4,Ca
0.00000e+00,1.74651e-03,wp2-f5,Ca
1.96010e+02,1.67166e-03,wp2-f5,Ca
5.18020e+02,1.62176e-03,wp2-f5,Ca
6.09000e+02,1.72156e-03,wp2-f5,Ca
7.00000e+02,1.59681e-03,wp2-f5,Ca
7.91000e+02,1.69661e-03,wp2-f5,Ca
0.00000e+00,1.69661e-03,wp3-f1,Ca
1.61010e+02,1.64671e-03,wp3-f1,Ca
7.00020e+02,1.64671e-03,wp3-f1,Ca
0.00000e+00,1.87126e-03,wp3-f2,Ca
1.61060e+02,1.39721e-03,wp3-f2,Ca
5.18050e+02,1.74651e-03,wp3-f2,Ca
5.74040e+02,1.59681e-03,wp3-f2,Ca
6.44050e+02,1.49701e-03,wp3-f2,Ca
7.00050e+02,1.49701e-03,wp3-f2,Ca
7.56010e+02,1.52196e-03,wp3-f2,Ca
8.26000e+02,1.39721e-03,wp3-f2,Ca
0.00000e+00,1.89621e-03,wp3-f3,Ca
2.06000e+00,1.84631e-03,wp3-f3,Ca
6.13000e+00,1.47206e-03,wp3-f3,Ca
1.00200e+01,1.77146e-03,wp3-f3,Ca
1.41000e+01,1.84631e-03,wp3-f3,Ca
2.10200e+01,1.84631e-03,wp3-f3,Ca
2.79700e+01,1.92116e-03,wp3-f3,Ca
3.50500e+01,1.89621e-03,wp3-f3,Ca
4.20500e+01,1.89621e-03,wp3-f3,Ca
5.71400e+01,1.84631e-03,wp3-f3,Ca
7.00500e+01,1.64671e-03,wp3-f3,Ca
8.40200e+01,1.62176e-03,wp3-f3,Ca
9.80500e+01,1.59681e-03,wp3-f3,Ca
1.12020e+02,1.72156e-03,wp3-f3,Ca
1.26060e+02,1.72156e-03,wp3-f3,Ca
1.40000e+02,1.67166e-03,wp3-f3,Ca
1.61040e+02,1.42216e-03,wp3-f3,Ca
1.96020e+02,1.89621e-03,wp3-f3,Ca
2.24050e+02,1.89621e-03,wp3-f3,Ca
2.52020e+02,1.34731e-03,wp3-f3,Ca
2.80020e+02,1.67166e-03,wp3-f3,Ca
3.08060e+02,1.62176e-03,wp3-f3,Ca
3.36050e+02,1.39721e-03,wp3-f3,Ca
3.64050e+02,1.32236e-03,wp3-f3,Ca
4.19010e+02,1.64671e-03,wp3-f3,Ca
4.90020e+02,1.67166e-03,wp3-f3,Ca
5.18050e+02,1.74651e-03,wp3-f3,Ca
5.74020e+02,1.64671e-03,wp3-f3,Ca
6.18010e+02,1.69661e-03,wp3-f3,Ca
6.17980e+02,1.67166e-03,wp3-f3,Ca
6.44050e+02,1.49701e-03,wp3-f3,Ca
7.00040e+02,1.49701e-03,wp3-f3,Ca
7.56020e+02,1.49701e-03,wp3-f3,Ca
8.26010e+02,1.42216e-03,wp3-f3,Ca
0.00000e+00,2.02096e-03,wp3-f4,Ca
2.05000e+00,1.94611e-03,wp3-f4,Ca
6.13000e+00,1.62176e-03,wp3-f4,Ca
1.00100e+01,1.74651e-03,wp3-f4,Ca
1.40500e+01,1.77146e-03,wp3-f4,Ca
2.10200e+01,1.84631e-03,wp3-f4,Ca
2.79700e+01,1.99601e-03,wp3-f4,Ca
3.50200e+01,1.94611e-03,wp3-f4,Ca
4.20400e+01,1.89621e-03,wp3-f4,Ca
5.71500e+01,1.94611e-03,wp3-f4,Ca
7.00500e+01,1.72156e-03,wp3-f4,Ca
8.40200e+01,1.67166e-03,wp3-f4,Ca
9.80400e+01,1.64671e-03,wp3-f4,Ca
1.12010e+02,1.79641e-03,wp3-f4,Ca
1.26050e+02,1.72156e-03,wp3-f4,Ca
1.40000e+02,1.72156e-03,wp3-f4,Ca
1.61020e+02,1.49701e-03,wp3-f4,Ca
1.96020e+02,1.94611e-03,wp3-f4,Ca
2.24040e+02,1.92116e-03,wp3-f4,Ca
2.52010e+02,1.37225e-03,wp3-f4,Ca
2.80020e+02,1.74651e-03,wp3-f4,Ca
3.08050e+02,1.59681e-03,wp3-f4,Ca
3.36040e+02,1.39721e-03,wp3-f4,Ca
3.64010e+02,1.39721e-03,wp3-f4,Ca
4.19010e+02,1.62176e-03,wp3-f4,Ca
4.90010e+02,1.62176e-03,wp3-f4,Ca
5.18040e+02,1.72156e-03,wp3-f4,Ca
5.74020e+02,1.62176e-03,wp3-f4,Ca
6.44040e+02,1.52196e-03,wp3-f4,Ca
7.00040e+02,1.52196e-03,wp3-f4,Ca
7.56010e+02,1.52196e-03,wp3-f4,Ca
8.26010e+02,1.44711e-03,wp3-f4,Ca
0.00000e+00,1.84631e-03,wp3-f5,Ca
1.61020e+02,1.44711e-03,wp3-f5,Ca
5.74020e+02,1.64671e-03,wp3-f5,Ca
7.00020e+02,1.49701e-03,wp3-f5,Ca
8.26010e+02,1.47206e-03,wp3-f5,Ca
0.00000e+00,2.04591e-03,wp4-f1,Ca
0.00000e+00,1.94611e-03,wp4-f5,Ca
5.18000e+02,1.77146e-03,wp4-f5,Ca
6.08980e+02,1.39721e-03,wp4-f5,Ca
6.99980e+02,1.34731e-03,wp4-f5,Ca
7.91000e+02,1.57186e-03,wp4-f5,Ca
2.10000e+00,8.00000e-02,influent,Cl
6.05000e+00,8.40000e-02,influent,Cl
1.00600e+01,8.70000e-02,influent,Cl
1.41300e+01,9.80000e-02,influent,Cl
2.10600e+01,9.40000e-02,influent,Cl
2.80600e+01,1.00000e-01,influent,Cl
3.50800e+01,9.50000e-02,influent,Cl
4.20600e+01,9.40000e-02,influent,Cl
5.60600e+01,9.20000e-02,influent,Cl
7.01000e+01,8.90000e-02,influent,Cl
8.51700e+01,8.00000e-02,influent,Cl
9.81000e+01,8.60000e-02,influent,Cl
1.12100e+02,9.60000e-02,influent,Cl
1.26100e+02,8.80000e-02,influent,Cl
1.40060e+02,8.50000e-02,influent,Cl
1.61100e+02,6.00000e-02,influent,Cl
1.96090e+02,7.50000e-02,influent,Cl
2.24090e+02,7.20000e-02,influent,Cl
2.52060e+02,5.70000e-02,influent,Cl
2.80100e+02,6.50000e-02,influent,Cl
3.08090e+02,7.50000e-02,influent,Cl
3.36090e+02,6.40000e-02,influent,Cl
3.64090e+02,7.20000e-02,influent,Cl
3.92050e+02,7.40000e-02,influent,Cl
4.19940e+02,7.60000e-02,influent,Cl
4.55000e+02,9.10000e-02,influent,Cl
4.90060e+02,8.50000e-02,influent,Cl
5.18100e+02,7.90000e-02,influent,Cl
5.46050e+02,6.80000e-02,influent,Cl
5.74060e+02,6.40000e-02,influent,Cl
6.09020e+02,6.50000e-02,influent,Cl
6.44100e+02,7.10000e-02,influent,Cl
6.72020e+02,6.10000e-02,influent,Cl
7.00100e+02,7.40000e-02,influent,Cl
7.28020e+02,6.50000e-02,influent,Cl
7.56050e+02,9.20000e-02,influent,Cl
7.91050e+02,8.30000e-02,influent,Cl
8.26060e+02,7.70000e-02,influent,Cl
8.54020e+02,7.20000e-02,influent,Cl
1.01000e+00,6.00000e-03,pp1,Cl
2.80900e+01,1.00000e-02,pp1,Cl
5.71800e+01,6.00000e-03,pp1,Cl
8.51500e+01,6.00000e-03,pp1,Cl
9.80900e+01,7.00000e-03,pp1,Cl
1.12090e+02,7.00000e-03,pp1,Cl
1.26090e+02,9.00000e-03,pp1,Cl
1.40060e+02,9.00000e-03,pp1,Cl
1.61100e+02,1.80000e-02,pp1,Cl
1.96060e+02,3.00000e-02,pp1,Cl
2.24090e+02,3.20000e-02,pp1,Cl
2.52050e+02,3.80000e-02,pp1,Cl
2.80090e+02,3.90000e-02,pp1,Cl
3.08090e+02,4.10000e-02,pp1,Cl
3.36090e+02,3.90000e-02,pp1,Cl
3.64090e+02,4.00000e-02,pp1,Cl
4.19060e+02,3.70000e-02,pp1,Cl
4.90050e+02,3.80000e-02,pp1,Cl
5.18100e+02,4.30000e-02,pp1,Cl
5.74050e+02,4.60000e-02,pp1,Cl
6.44090e+02,5.50000e-02,pp1,Cl
7.00090e+02,5.40000e-02,pp1,Cl
7.56050e+02,5.60000e-02,pp1,Cl
8.26050e+02,5.20000e-02,pp1,Cl
0.00000e+00,1.10000e-02,pp1-f1,Cl
5.71700e+01,6.00000e-03,pp1-f1,Cl
8.51300e+01,7.00000e-03,pp1-f1,Cl
1.12100e+02,8.00000e-03,pp1-f1,Cl
1.61090e+02,8.00000e-03,pp1-f1,Cl
2.52040e+02,5.30000e-02,pp1-f1,Cl
3.36060e+02,5.40000e-02,pp1-f1,Cl
4.90080e+02,6.00000e-02,pp1-f1,Cl
5.18100e+02,6.50000e-02,pp1-f1,Cl
6.09010e+02,5.50000e-02,pp1-f1,Cl
7.00100e+02,6.80000e-02,pp1-f1,Cl
7.91010e+02,5.70000e-02,pp1-f1,Cl
0.00000e+00,5.00000e-03,pp1-f2,Cl
5.71700e+01,7.00000e-03,pp1-f2,Cl
8.51400e+01,6.00000e-03,pp1-f2,Cl
9.80900e+01,7.00000e-03,pp1-f2,Cl
1.12090e+02,7.00000e-03,pp1-f2,Cl
1.26080e+02,7.00000e-03,pp1-f2,Cl
1.40050e+02,5.00000e-03,pp1-f2,Cl
1.61090e+02,7.00000e-03,pp1-f2,Cl
1.96060e+02,8.00000e-03,pp1-f2,Cl
2.24060e+02,6.00000e-03,pp1-f2,Cl
2.52040e+02,8.00000e-03,pp1-f2,Cl
2.80080e+02,6.00000e-03,pp1-f2,Cl
3.08080e+02,8.00000e-03,pp1-f2,Cl
3.36080e+02,6.00000e-03,pp1-f2,Cl
3.64080e+02,6.00000e-03,pp1-f2,Cl
4.55050e+02,9.00000e-03,pp1-f2,Cl
5.18090e+02,1.70000e-02,pp1-f2,Cl
6.09010e+02,4.50000e-02,pp1-f2,Cl
6.18060e+02,4.80000e-02,pp1-f2,Cl
6.18090e+02,4.70000e-02,pp1-f2,Cl
7.00090e+02,6.20000e-02,pp1-f2,Cl
7.91040e+02,6.80000e-02,pp1-f2,Cl
0.00000e+00,5.00000e-03,pp1-f3,Cl
5.71700e+01,7.00000e-03,pp1-f3,Cl
8.51400e+01,6.00000e-03,pp1-f3,Cl
9.80600e+01,7.00000e-03,pp1-f3,Cl
1.12090e+02,9.00000e-03,pp1-f3,Cl
1.61090e+02,7.00000e-03,pp1-f3,Cl
2.52020e+02,7.00000e-03,pp1-f3,Cl
3.36060e+02,6.00000e-03,pp1-f3,Cl
4.90050e+02,4.50000e-02,pp1-f3,Cl
5.18090e+02,4.60000e-02,pp1-f3,Cl
6.09010e+02,3.70000e-02,pp1-f3,Cl
6.18050e+02,4.10000e-02,pp1-f3,Cl
6.18080e+02,3.70000e-02,pp1-f3,Cl
7.00060e+02,4.50000e-02,pp1-f3,Cl
7.91020e+02,3.40000e-02,pp1-f3,Cl
0.00000e+00,1.30000e-02,wp1-f1,Cl
2.81000e+01,1.50000e-02,wp1-f1,Cl
5.60500e+01,1.30000e-02,wp1-f1,Cl
7.00900e+01,1.40000e-02,wp1-f1,Cl
8.40900e+01,1.40000e-02,wp1-f1,Cl
1.12050e+02,1.30000e-02,wp1-f1,Cl
1.40010e+02,7.00000e-03,wp1-f1,Cl
1.96050e+02,1.30000e-02,wp1-f1,Cl
2.80060e+02,1.20000e-02,wp1-f1,Cl
3.64060e+02,1.20000e-02,wp1-f1,Cl
5.18050e+02,1.30000e-02,wp1-f1,Cl
7.00060e+02,1.60000e-02,wp1-f1,Cl
0.00000e+00,1.20000e-02,wp1-f2,Cl
2.80100e+01,1.10000e-02,wp1-f2,Cl
5.60500e+01,7.50000e-02,wp1-f2,Cl
7.00900e+01,9.10000e-02,wp1-f2,Cl
8.40900e+01,9.20000e-02,wp1-f2,Cl
9.80600e+01,9.20000e-02,wp1-f2,Cl
1.12050e+02,8.70000e-02,wp1-f2,Cl
1.26060e+02,8.00000e-02,wp1-f2,Cl
1.40020e+02,7.30000e-02,wp1-f2,Cl
1.96060e+02,7.10000e-02,wp1-f2,Cl
2.52010e+02,7.50000e-02,wp1-f2,Cl
3.36060e+02,6.60000e-02,wp1-f2,Cl
4.55050e+02,7.10000e-02,wp1-f2,Cl
5.18060e+02,9.80000e-02,wp1-f2,Cl
5.74050e+02,7.60000e-02,wp1-f2,Cl
6.18020e+02,6.00000e-02,wp1-f2,Cl
6.44090e+02,6.90000e-02,wp1-f2,Cl
7.00060e+02,6.90000e-02,wp1-f2,Cl
7.56040e+02,7.90000e-02,wp1-f2,Cl
8.26020e+02,8.70000e-02,wp1-f2,Cl
0.00000e+00,5.00000e-03,wp1-f3,Cl
2.09000e+00,5.00000e-03,wp1-f3,Cl
6.14000e+00,6.00000e-03,wp1-f3,Cl
1.00500e+01,7.00000e-03,wp1-f3,Cl
1.41300e+01,9.00000e-03,wp1-f3,Cl
2.10600e+01,7.00000e-03,wp1-f3,Cl
2.80100e+01,8.00000e-03,wp1-f3,Cl
3.50600e+01,1.90000e-02,wp1-f3,Cl
4.20600e+01,3.20000e-02,wp1-f3,Cl
5.71200e+01,5.90000e-02,wp1-f3,Cl
7.00900e+01,9.20000e-02,wp1-f3,Cl
8.51300e+01,9.60000e-02,wp1-f3,Cl
9.80600e+01,9.50000e-02,wp1-f3,Cl
1.12050e+02,8.90000e-02,wp1-f3,Cl
1.40020e+02,7.30000e-02,wp1-f3,Cl
1.96050e+02,7.60000e-02,wp1-f3,Cl
2.52010e+02,7.20000e-02,wp1-f3,Cl
3.08060e+02,6.00000e-02,wp1-f3,Cl
3.64060e+02,7.00000e-02,wp1-f3,Cl
4.19050e+02,6.40000e-02,wp1-f3,Cl
4.90040e+02,7.70000e-02,wp1-f3,Cl
5.18060e+02,9.30000e-02,wp1-f3,Cl
6.09000e+02,5.60000e-02,wp1-f3,Cl
7.00060e+02,7.20000e-02,wp1-f3,Cl
7.91010e+02,7.30000e-02,wp1-f3,Cl
0.00000e+00,5.00000e-03,wp1-f4,Cl
2.80100e+01,9.00000e-03,wp1-f4,Cl
3.50500e+01,6.00000e-03,wp1-f4,Cl
4.20600e+01,1.00000e-02,wp1-f4,Cl
5.60500e+01,6.10000e-02,wp1-f4,Cl
7.00600e+01,9.30000e-02,wp1-f4,Cl
8.40600e+01,9.70000e-02,wp1-f4,Cl
9.80500e+01,9.70000e-02,wp1-f4,Cl
1.12040e+02,9.30000e-02,wp1-f4,Cl
1.26060e+02,8.70000e-02,wp1-f4,Cl
1.40010e+02,7.20000e-02,wp1-f4,Cl
1.61060e+02,8.30000e-02,wp1-f4,Cl
1.96050e+02,8.40000e-02,wp1-f4,Cl
2.24060e+02,6.00000e-02,wp1-f4,Cl
2.52000e+02,7.10000e-02,wp1-f4,Cl
2.80060e+02,7.00000e-02,wp1-f4,Cl
3.08060e+02,5.90000e-02,wp1-f4,Cl
3.36050e+02,6.50000e-02,wp1-f4,Cl
3.64060e+02,7.00000e-02,wp1-f4,Cl
4.19040e+02,6.30000e-02,wp1-f4,Cl
4.90020e+02,7.90000e-02,wp1-f4,Cl
5.18080e+02,9.70000e-02,wp1-f4,Cl
5.74050e+02,7.70000e-02,wp1-f4,Cl
6.44080e+02,7.00000e-02,wp1-f4,Cl
7.00050e+02,7.10000e-02,wp1-f4,Cl
7.56020e+02,8.10000e-02,wp1-f4,Cl
8.26020e+02,9.00000e-02,wp1-f4,Cl
0.00000e+00,5.00000e-03,wp1-f5,Cl
2.80000e+01,1.00000e-02,wp1-f5,Cl
5.60500e+01,6.00000e-03,wp1-f5,Cl
7.00600e+01,8.00000e-03,wp1-f5,Cl
8.40600e+01,8.00000e-03,wp1-f5,Cl
9.80500e+01,9.00000e-03,wp1-f5,Cl
1.12040e+02,7.00000e-03,wp1-f5,Cl
1.40010e+02,8.00000e-03,wp1-f5,Cl
1.96050e+02,1.00000e-02,wp1-f5,Cl
2.80060e+02,1.00000e-02,wp1-f5,Cl
3.64050e+02,8.00000e-03,wp1-f5,Cl
5.18090e+02,1.50000e-02,wp1-f5,Cl
6.18010e+02,1.30000e-02,wp1-f5,Cl
6.18040e+02,1.30000e-02,wp1-f5,Cl
7.00050e+02,2.20000e-02,wp1-f5,Cl
0.00000e+00,1.50000e-02,wp2-f1,Cl
1.40200e+01,1.40000e-02,wp2-f1,Cl
2.79300e+01,1.40000e-02,wp2-f1,Cl
4.20200e+01,1.10000e-02,wp2-f1,Cl
7.00200e+01,1.40000e-02,wp2-f1,Cl
1.26040e+02,1.30000e-02,wp2-f1,Cl
1.96000e+02,1.30000e-02,wp2-f1,Cl
3.08020e+02,1.40000e-02,wp2-f1,Cl
4.90010e+02,1.10000e-02,wp2-f1,Cl
5.17980e+02,1.30000e-02,wp2-f1,Cl
6.99980e+02,1.70000e-02,wp2-f1,Cl
0.00000e+00,1.00000e-02,wp2-f2,Cl
6.06000e+00,2.20000e-02,wp2-f2,Cl
1.00000e+01,8.00000e-02,wp2-f2,Cl
1.40100e+01,8.80000e-02,wp2-f2,Cl
2.09800e+01,9.00000e-02,wp2-f2,Cl
2.80500e+01,9.60000e-02,wp2-f2,Cl
3.50200e+01,9.60000e-02,wp2-f2,Cl
4.20100e+01,9.50000e-02,wp2-f2,Cl
7.00200e+01,1.00000e-01,wp2-f2,Cl
9.80200e+01,7.90000e-02,wp2-f2,Cl
1.26100e+02,9.10000e-02,wp2-f2,Cl
1.96020e+02,6.60000e-02,wp2-f2,Cl
3.08020e+02,6.90000e-02,wp2-f2,Cl
4.55010e+02,8.80000e-02,wp2-f2,Cl
5.18010e+02,7.70000e-02,wp2-f2,Cl
5.74010e+02,5.80000e-02,wp2-f2,Cl
6.44010e+02,7.00000e-02,wp2-f2,Cl
7.00010e+02,6.80000e-02,wp2-f2,Cl
7.56000e+02,8.80000e-02,wp2-f2,Cl
8.26000e+02,8.00000e-02,wp2-f2,Cl
0.00000e+00,9.00000e-03,wp2-f3,Cl
6.09000e+00,5.40000e-02,wp2-f3,Cl
1.40100e+01,8.80000e-02,wp2-f3,Cl
2.09800e+01,9.10000e-02,wp2-f3,Cl
2.80400e+01,9.90000e-02,wp2-f3,Cl
5.60200e+01,9.70000e-02,wp2-f3,Cl
8.40000e+01,7.90000e-02,wp2-f3,Cl
1.11980e+02,8.90000e-02,wp2-f3,Cl
1.61000e+02,6.20000e-02,wp2-f3,Cl
2.24020e+02,6.90000e-02,wp2-f3,Cl
2.80010e+02,6.60000e-02,wp2-f3,Cl
3.36010e+02,7.00000e-02,wp2-f3,Cl
4.19020e+02,7.00000e-02,wp2-f3,Cl
4.90010e+02,8.80000e-02,wp2-f3,Cl
5.18010e+02,7.60000e-02,wp2-f3,Cl
6.08980e+02,6.50000e-02,wp2-f3,Cl
7.00010e+02,6.90000e-02,wp2-f3,Cl
7.91050e+02,8.10000e-02,wp2-f3,Cl
0.00000e+00,8.00000e-03,wp2-f4,Cl
2.02000e+00,5.00000e-03,wp2-f4,Cl
6.08000e+00,6.00000e-03,wp2-f4,Cl
9.98000e+00,4.50000e-02,wp2-f4,Cl
1.40000e+01,8.60000e-02,wp2-f4,Cl
2.09700e+01,9.00000e-02,wp2-f4,Cl
2.80200e+01,9.70000e-02,wp2-f4,Cl
3.50100e+01,9.50000e-02,wp2-f4,Cl
4.20100e+01,9.60000e-02,wp2-f4,Cl
5.60200e+01,9.60000e-02,wp2-f4,Cl
7.00100e+01,1.00000e-01,wp2-f4,Cl
8.40000e+01,8.10000e-02,wp2-f4,Cl
9.80200e+01,8.00000e-02,wp2-f4,Cl
1.12000e+02,8.40000e-02,wp2-f4,Cl
1.26050e+02,9.30000e-02,wp2-f4,Cl
1.39980e+02,8.00000e-02,wp2-f4,Cl
1.61010e+02,6.20000e-02,wp2-f4,Cl
1.96010e+02,6.60000e-02,wp2-f4,Cl
2.24010e+02,7.10000e-02,wp2-f4,Cl
2.52000e+02,5.70000e-02,wp2-f4,Cl
2.80000e+02,6.40000e-02,wp2-f4,Cl
3.08020e+02,7.40000e-02,wp2-f4,Cl
3.36010e+02,6.50000e-02,wp2-f4,Cl
3.64010e+02,7.00000e-02,wp2-f4,Cl
4.19020e+02,6.70000e-02,wp2-f4,Cl
4.90000e+02,9.00000e-02,wp2-f4,Cl
5.18010e+02,8.10000e-02,wp2-f4,Cl
5.74010e+02,6.10000e-02,wp2-f4,Cl
6.44020e+02,6.90000e-02,wp2-f4,Cl
7.00100e+02,6.90000e-02,wp2-f4,Cl
7.56000e+02,8.70000e-02,wp2-f4,Cl
8.25980e+02,7.60000e-02,wp2-f4,Cl
0.00000e+00,6.00000e-03,wp2-f5,Cl
6.06000e+00,6.00000e-03,wp2-f5,Cl
1.40000e+01,1.10000e-02,wp2-f5,Cl
2.80100e+01,1.20000e-02,wp2-f5,Cl
4.20000e+01,8.00000e-03,wp2-f5,Cl
7.00100e+01,1.10000e-02,wp2-f5,Cl
9.80100e+01,1.30000e-02,wp2-f5,Cl
1.26040e+02,2.20000e-02,wp2-f5,Cl
1.96010e+02,3.60000e-02,wp2-f5,Cl
3.08010e+02,4.70000e-02,wp2-f5,Cl
4.55010e+02,5.40000e-02,wp2-f5,Cl
5.18020e+02,5.70000e-02,wp2-f5,Cl
6.09000e+02,5.70000e-02,wp2-f5,Cl
7.00000e+02,6.50000e-02,wp2-f5,Cl
7.91000e+02,6.00000e-02,wp2-f5,Cl
0.00000e+00,1.30000e-02,wp3-f1,Cl
2.09000e+00,1.10000e-02,wp3-f1,Cl
6.10000e+00,1.20000e-02,wp3-f1,Cl
1.00500e+01,1.30000e-02,wp3-f1,Cl
1.41100e+01,1.50000e-02,wp3-f1,Cl
2.10500e+01,1.40000e-02,wp3-f1,Cl
2.79800e+01,1.60000e-02,wp3-f1,Cl
5.71200e+01,1.20000e-02,wp3-f1,Cl
8.40500e+01,1.40000e-02,wp3-f1,Cl
1.12010e+02,1.30000e-02,wp3-f1,Cl
1.61010e+02,1.30000e-02,wp3-f1,Cl
2.24040e+02,1.10000e-02,wp3-f1,Cl
2.80010e+02,1.30000e-02,wp3-f1,Cl
3.36020e+02,1.30000e-02,wp3-f1,Cl
4.55020e+02,1.60000e-02,wp3-f1,Cl
5.18020e+02,1.60000e-02,wp3-f1,Cl
7.00020e+02,1.90000e-02,wp3-f1,Cl
0.00000e+00,6.00000e-03,wp3-f2,Cl
2.06000e+00,8.00000e-03,wp3-f2,Cl
6.14000e+00,8.40000e-02,wp3-f2,Cl
1.00400e+01,8.50000e-02,wp3-f2,Cl
1.41000e+01,9.20000e-02,wp3-f2,Cl
2.10500e+01,9.50000e-02,wp3-f2,Cl
2.79800e+01,9.90000e-02,wp3-f2,Cl
5.71400e+01,9.70000e-02,wp3-f2,Cl
8.40400e+01,7.90000e-02,wp3-f2,Cl
1.12020e+02,9.50000e-02,wp3-f2,Cl
1.61060e+02,6.00000e-02,wp3-f2,Cl
2.24050e+02,6.90000e-02,wp3-f2,Cl
2.80050e+02,6.70000e-02,wp3-f2,Cl
3.36050e+02,6.60000e-02,wp3-f2,Cl
4.55040e+02,8.80000e-02,wp3-f2,Cl
5.18050e+02,7.70000e-02,wp3-f2,Cl
5.74040e+02,6.40000e-02,wp3-f2,Cl
6.44050e+02,7.00000e-02,wp3-f2,Cl
7.00050e+02,7.20000e-02,wp3-f2,Cl
7.56010e+02,8.60000e-02,wp3-f2,Cl
8.26000e+02,7.90000e-02,wp3-f2,Cl
0.00000e+00,7.00000e-03,wp3-f3,Cl
2.06000e+00,5.00000e-03,wp3-f3,Cl
6.13000e+00,8.40000e-02,wp3-f3,Cl
1.00200e+01,8.50000e-02,wp3-f3,Cl
1.41000e+01,9.20000e-02,wp3-f3,Cl
2.10200e+01,9.50000e-02,wp3-f3,Cl
2.79700e+01,1.00000e-01,wp3-f3,Cl
3.50500e+01,9.50000e-02,wp3-f3,Cl
4.20500e+01,8.90000e-02,wp3-f3,Cl
5.71400e+01,9.70000e-02,wp3-f3,Cl
7.00500e+01,9.20000e-02,wp3-f3,Cl
8.40200e+01,7.90000e-02,wp3-f3,Cl
9.80500e+01,8.20000e-02,wp3-f3,Cl
1.12020e+02,9.50000e-02,wp3-f3,Cl
1.26060e+02,8.90000e-02,wp3-f3,Cl
1.40000e+02,8.60000e-02,wp3-f3,Cl
1.61040e+02,6.00000e-02,wp3-f3,Cl
1.96020e+02,7.20000e-02,wp3-f3,Cl
2.24050e+02,6.80000e-02,wp3-f3,Cl
2.52020e+02,5.70000e-02,wp3-f3,Cl
2.80020e+02,6.60000e-02,wp3-f3,Cl
3.08060e+02,6.40000e-02,wp3-f3,Cl
3.36050e+02,6.60000e-02,wp3-f3,Cl
3.64050e+02,7.40000e-02,wp3-f3,Cl
4.19010e+02,7.10000e-02,wp3-f3,Cl
4.90020e+02,8.60000e-02,wp3-f3,Cl
5.18050e+02,7.50000e-02,wp3-f3,Cl
5.74020e+02,6.30000e-02,wp3-f3,Cl
6.18010e+02,6.80000e-02,wp3-f3,Cl
6.17980e+02,6.80000e-02,wp3-f3,Cl
6.44050e+02,7.10000e-02,wp3-f3,Cl
7.00040e+02,7.00000e-02,wp3-f3,Cl
7.56020e+02,8.90000e-02,wp3-f3,Cl
8.26010e+02,8.10000e-02,wp3-f3,Cl
0.00000e+00,7.00000e-03,wp3-f4,Cl
2.05000e+00,5.00000e-03,wp3-f4,Cl
6.13000e+00,8.30000e-02,wp3-f4,Cl
1.00100e+01,8.40000e-02,wp3-f4,Cl
1.40500e+01,9.20000e-02,wp3-f4,Cl
2.10200e+01,9.40000e-02,wp3-f4,Cl
2.79700e+01,1.00000e-01,wp3-f4,Cl
3.50200e+01,9.50000e-02,wp3-f4,Cl
4.20400e+01,8.90000e-02,wp3-f4,Cl
5.71500e+01,9.70000e-02,wp3-f4,Cl
7.00500e+01,9.00000e-02,wp3-f4,Cl
8.40200e+01,7.80000e-02,wp3-f4,Cl
9.80400e+01,8.10000e-02,wp3-f4,Cl
1.12010e+02,9.50000e-02,wp3-f4,Cl
1.26050e+02,9.00000e-02,wp3-f4,Cl
1.40000e+02,8.60000e-02,wp3-f4,Cl
1.61020e+02,6.00000e-02,wp3-f4,Cl
1.96020e+02,7.10000e-02,wp3-f4,Cl
2.24040e+02,6.90000e-02,wp3-f4,Cl
2.52010e+02,5.70000e-02,wp3-f4,Cl
2.80020e+02,6.70000e-02,wp3-f4,Cl
3.08050e+02,6.40000e-02,wp3-f4,Cl
3.36040e+02,6.80000e-02,wp3-f4,Cl
3.64010e+02,7.30000e-02,wp3-f4,Cl
4.19010e+02,7.40000e-02,wp3-f4,Cl
4.90010e+02,8.60000e-02,wp3-f4,Cl
5.18040e+02,7.50000e-02,wp3-f4,Cl
5.74020e+02,6.30000e-02,wp3-f4,Cl
6.44040e+02,7.00000e-02,wp3-f4,Cl
7.00040e+02,7.20000e-02,wp3-f4,Cl
7.56010e+02,8.70000e-02,wp3-f4,Cl
8.26010e+02,8.10000e-02,wp3-f4,Cl
0.00000e+00,8.00000e-03,wp3-f5,Cl
2.06000e+00,5.00000e-03,wp3-f5,Cl
6.11000e+00,7.30000e-02,wp3-f5,Cl
1.00100e+01,8.00000e-02,wp3-f5,Cl
1.40500e+01,8.80000e-02,wp3-f5,Cl
2.10100e+01,9.20000e-02,wp3-f5,Cl
2.79600e+01,1.00000e-01,wp3-f5,Cl
5.71300e+01,9.70000e-02,wp3-f5,Cl
8.40200e+01,7.90000e-02,wp3-f5,Cl
1.12010e+02,9.20000e-02,wp3-f5,Cl
1.61020e+02,6.10000e-02,wp3-f5,Cl
2.24020e+02,6.80000e-02,wp3-f5,Cl
2.80010e+02,6.60000e-02,wp3-f5,Cl
3.36020e+02,6.60000e-02,wp3-f5,Cl
4.55020e+02,8.80000e-02,wp3-f5,Cl
5.18020e+02,7.80000e-02,wp3-f5,Cl
5.74020e+02,6.20000e-02,wp3-f5,Cl
6.44020e+02,7.00000e-02,wp3-f5,Cl
7.00020e+02,6.90000e-02,wp3-f5,Cl
7.56010e+02,8.70000e-02,wp3-f5,Cl
8.26010e+02,7.90000e-02,wp3-f5,Cl
0.00000e+00,1.40000e-02,wp4-f1,Cl
2.79300e+01,9.00000e-03,wp4-f1,Cl
5.60100e+01,1.10000e-02,wp4-f1,Cl
7.00000e+01,1.20000e-02,wp4-f1,Cl
9.80100e+01,1.30000e-02,wp4-f1,Cl
1.26020e+02,1.20000e-02,wp4-f1,Cl
1.96000e+02,1.30000e-02,wp4-f1,Cl
3.08010e+02,1.30000e-02,wp4-f1,Cl
5.17980e+02,1.30000e-02,wp4-f1,Cl
7.00000e+02,1.60000e-02,wp4-f1,Cl
0.00000e+00,1.00000e-02,wp4-f5,Cl
2.10000e+01,7.00000e-03,wp4-f5,Cl
2.79300e+01,8.00000e-03,wp4-f5,Cl
3.50000e+01,1.50000e-02,wp4-f5,Cl
4.19800e+01,4.90000e-02,wp4-f5,Cl
5.60000e+01,8.80000e-02,wp4-f5,Cl
6.99800e+01,9.70000e-02,wp4-f5,Cl
9.80000e+01,9.70000e-02,wp4-f5,Cl
1.26020e+02,8.10000e-02,wp4-f5,Cl
1.96000e+02,6.40000e-02,wp4-f5,Cl
2.10000e+00,2.68625e-07,influent,Fe2
6.05000e+00,2.68625e-07,influent,Fe2
1.00600e+01,2.68625e-07,influent,Fe2
1.41300e+01,2.68625e-07,influent,Fe2
2.10600e+01,2.68625e-07,influent,Fe2
2.80600e+01,2.68625e-07,influent,Fe2
3.50800e+01,2.68625e-07,influent,Fe2
4.20600e+01,2.68625e-07,influent,Fe2
5.60600e+01,2.68625e-07,influent,Fe2
7.01000e+01,2.68625e-07,influent,Fe2
8.51700e+01,2.68625e-07,influent,Fe2
9.81000e+01,2.68625e-07,influent,Fe2
1.12100e+02,2.68625e-07,influent,Fe2
1.26100e+02,2.68625e-07,influent,Fe2
1.40060e+02,4.47708e-05,influent,Fe2
1.61100e+02,2.68625e-07,influent,Fe2
1.96090e+02,2.68625e-07,influent,Fe2
2.24090e+02,2.68625e-07,influent,Fe2
2.52060e+02,2.68625e-07,influent,Fe2
2.80100e+02,2.68625e-07,influent,Fe2
3.08090e+02,2.68625e-07,influent,Fe2
3.36090e+02,2.68625e-07,influent,Fe2
3.64090e+02,2.68625e-07,influent,Fe2
3.92050e+02,5.37249e-07,influent,Fe2
4.19940e+02,5.37249e-07,influent,Fe2
4.55000e+02,5.37249e-07,influent,Fe2
4.90060e+02,5.37249e-07,influent,Fe2
5.18100e+02,5.37249e-07,influent,Fe2
5.46050e+02,5.37249e-07,influent,Fe2
5.74060e+02,5.55158e-06,influent,Fe2
6.09020e+02,5.37249e-07,influent,Fe2
6.44100e+02,5.37249e-07,influent,Fe2
6.72020e+02,5.37249e-07,influent,Fe2
7.00100e+02,5.37249e-07,influent,Fe2
7.28020e+02,5.37249e-07,influent,Fe2
7.56050e+02,5.37249e-07,influent,Fe2
7.91050e+02,5.37249e-07,influent,Fe2
8.26060e+02,5.37249e-07,influent,Fe2
8.54020e+02,5.37249e-07,influent,Fe2
1.01000e+00,1.19986e-04,pp1,Fe2
2.80900e+01,1.02077e-04,pp1,Fe2
8.51500e+01,1.02077e-04,pp1,Fe2
9.80900e+01,1.05659e-04,pp1,Fe2
1.12090e+02,1.05659e-04,pp1,Fe2
1.26090e+02,1.09241e-04,pp1,Fe2
1.40060e+02,1.03868e-04,pp1,Fe2
1.61100e+02,1.05659e-04,pp1,Fe2
1.96060e+02,9.67049e-05,pp1,Fe2
2.24090e+02,9.67049e-05,pp1,Fe2
2.52050e+02,9.31232e-05,pp1,Fe2
2.80090e+02,8.77507e-05,pp1,Fe2
3.08090e+02,8.77507e-05,pp1,Fe2
3.36090e+02,9.31232e-05,pp1,Fe2
3.64090e+02,8.77507e-05,pp1,Fe2
4.19060e+02,8.77507e-05,pp1,Fe2
4.90050e+02,8.59599e-05,pp1,Fe2
5.18100e+02,8.59599e-05,pp1,Fe2
5.74050e+02,8.77507e-05,pp1,Fe2
6.44090e+02,8.41691e-05,pp1,Fe2
7.00090e+02,7.87966e-05,pp1,Fe2
7.56050e+02,7.70057e-05,pp1,Fe2
8.26050e+02,8.05874e-05,pp1,Fe2
0.00000e+00,9.13324e-05,pp1-f1,Fe2
1.12100e+02,9.84957e-05,pp1-f1,Fe2
1.61090e+02,1.00287e-04,pp1-f1,Fe2
2.52040e+02,5.37249e-05,pp1-f1,Fe2
3.36060e+02,8.59599e-05,pp1-f1,Fe2
4.90080e+02,8.77507e-05,pp1-f1,Fe2
5.18100e+02,8.23782e-05,pp1-f1,Fe2
6.09010e+02,7.16332e-05,pp1-f1,Fe2
7.00100e+02,6.62607e-05,pp1-f1,Fe2
7.91010e+02,6.44699e-05,pp1-f1,Fe2
0.00000e+00,1.23567e-04,pp1-f2,Fe2
8.51400e+01,1.07450e-04,pp1-f2,Fe2
9.80900e+01,9.84957e-05,pp1-f2,Fe2
1.12090e+02,1.00287e-04,pp1-f2,Fe2
1.26080e+02,1.03868e-04,pp1-f2,Fe2
1.40050e+02,1.00287e-04,pp1-f2,Fe2
1.61090e+02,1.03868e-04,pp1-f2,Fe2
1.96060e+02,9.67049e-05,pp1-f2,Fe2
2.24060e+02,1.02077e-04,pp1-f2,Fe2
2.52040e+02,1.00287e-04,pp1-f2,Fe2
2.80080e+02,9.67049e-05,pp1-f2,Fe2
3.08080e+02,9.84957e-05,pp1-f2,Fe2
3.36080e+02,1.03868e-04,pp1-f2,Fe2
3.64080e+02,1.00287e-04,pp1-f2,Fe2
4.55050e+02,1.02077e-04,pp1-f2,Fe2
5.18090e+02,1.00287e-04,pp1-f2,Fe2
6.09010e+02,8.95415e-05,pp1-f2,Fe2
6.18060e+02,9.31232e-05,pp1-f2,Fe2
6.18090e+02,9.13324e-05,pp1-f2,Fe2
7.00090e+02,8.59599e-05,pp1-f2,Fe2
7.91040e+02,7.70057e-05,pp1-f2,Fe2
0.00000e+00,1.27149e-04,pp1-f3,Fe2
9.80600e+01,1.02077e-04,pp1-f3,Fe2
1.12090e+02,1.02077e-04,pp1-f3,Fe2
1.61090e+02,1.05659e-04,pp1-f3,Fe2
2.52020e+02,1.03868e-04,pp1-f3,Fe2
3.36060e+02,1.05659e-04,pp1-f3,Fe2
4.90050e+02,8.95415e-05,pp1-f3,Fe2
5.18090e+02,8.77507e-05,pp1-f3,Fe2
6.09010e+02,8.59599e-05,pp1-f3,Fe2
6.18050e+02,8.77507e-05,pp1-f3,Fe2
6.18080e+02,8.95415e-05,pp1-f3,Fe2
7.00060e+02,8.59599e-05,pp1-f3,Fe2
7.91020e+02,9.67049e-05,pp1-f3,Fe2
0.00000e+00,8.77507e-05,wp1-f1,Fe2
1.12050e+02,9.13324e-05,wp1-f1,Fe2
1.40010e+02,8.41691e-05,wp1-f1,Fe2
1.96050e+02,7.87966e-05,wp1-f1,Fe2
2.80060e+02,7.70057e-05,wp1-f1,Fe2
3.64060e+02,7.70057e-05,wp1-f1,Fe2
5.18050e+02,8.05874e-05,wp1-f1,Fe2
7.00060e+02,7.87966e-05,wp1-f1,Fe2
0.00000e+00,9.31232e-05,wp1-f2,Fe2
1.12050e+02,2.68625e-07,wp1-f2,Fe2
1.26060e+02,1.25358e-06,wp1-f2,Fe2
1.40020e+02,6.80516e-06,wp1-f2,Fe2
1.96060e+02,4.65616e-06,wp1-f2,Fe2
2.52010e+02,2.14900e-05,wp1-f2,Fe2
3.36060e+02,1.96991e-05,wp1-f2,Fe2
4.55050e+02,1.68338e-05,wp1-f2,Fe2
5.18060e+02,1.68338e-05,wp1-f2,Fe2
5.74050e+02,1.96991e-05,wp1-f2,Fe2
6.18020e+02,1.96991e-05,wp1-f2,Fe2
6.44090e+02,2.32808e-05,wp1-f2,Fe2
7.00060e+02,1.77292e-05,wp1-f2,Fe2
7.56040e+02,1.57593e-05,wp1-f2,Fe2
8.26020e+02,1.50430e-05,wp1-f2,Fe2
0.00000e+00,1.27149e-04,wp1-f3,Fe2
6.14000e+00,1.14613e-04,wp1-f3,Fe2
1.00500e+01,1.16404e-04,wp1-f3,Fe2
1.41300e+01,1.12822e-04,wp1-f3,Fe2
2.10600e+01,1.11032e-04,wp1-f3,Fe2
2.80100e+01,1.11032e-04,wp1-f3,Fe2
3.50600e+01,1.11032e-04,wp1-f3,Fe2
4.20600e+01,1.12822e-04,wp1-f3,Fe2
5.71200e+01,8.59599e-05,wp1-f3,Fe2
7.00900e+01,3.93983e-05,wp1-f3,Fe2
8.51300e+01,5.55158e-06,wp1-f3,Fe2
9.80600e+01,8.59599e-06,wp1-f3,Fe2
1.12050e+02,5.55158e-06,wp1-f3,Fe2
1.40020e+02,3.93983e-06,wp1-f3,Fe2
1.96050e+02,2.14900e-06,wp1-f3,Fe2
2.52010e+02,1.07450e-06,wp1-f3,Fe2
3.08060e+02,1.07450e-06,wp1-f3,Fe2
3.64060e+02,1.25358e-06,wp1-f3,Fe2
4.19050e+02,6.80516e-06,wp1-f3,Fe2
4.90040e+02,8.77507e-06,wp1-f3,Fe2
5.18060e+02,7.70057e-06,wp1-f3,Fe2
6.09000e+02,8.95415e-07,wp1-f3,Fe2
7.00060e+02,8.95415e-07,wp1-f3,Fe2
7.91010e+02,7.16332e-07,wp1-f3,Fe2
0.00000e+00,1.18195e-04,wp1-f4,Fe2
2.80100e+01,1.03868e-04,wp1-f4,Fe2
3.50500e+01,1.03868e-04,wp1-f4,Fe2
4.20600e+01,1.12822e-04,wp1-f4,Fe2
5.60500e+01,1.07450e-04,wp1-f4,Fe2
7.00600e+01,6.98424e-05,wp1-f4,Fe2
8.40600e+01,1.46848e-05,wp1-f4,Fe2
9.80500e+01,8.05874e-06,wp1-f4,Fe2
1.12040e+02,6.26791e-06,wp1-f4,Fe2
1.26060e+02,3.76074e-06,wp1-f4,Fe2
1.40010e+02,7.16332e-07,wp1-f4,Fe2
1.61060e+02,5.37249e-07,wp1-f4,Fe2
1.96050e+02,5.37249e-07,wp1-f4,Fe2
2.24060e+02,7.16332e-07,wp1-f4,Fe2
2.52000e+02,2.68625e-07,wp1-f4,Fe2
2.80060e+02,7.16332e-07,wp1-f4,Fe2
3.08060e+02,2.68625e-07,wp1-f4,Fe2
3.36050e+02,2.68625e-07,wp1-f4,Fe2
3.64060e+02,7.16332e-07,wp1-f4,Fe2
4.19040e+02,5.19341e-06,wp1-f4,Fe2
4.90020e+02,7.87966e-06,wp1-f4,Fe2
5.18080e+02,6.26791e-06,wp1-f4,Fe2
5.74050e+02,5.37249e-07,wp1-f4,Fe2
6.44080e+02,5.37249e-07,wp1-f4,Fe2
7.00050e+02,7.16332e-07,wp1-f4,Fe2
7.56020e+02,3.04441e-06,wp1-f4,Fe2
8.26020e+02,4.65616e-06,wp1-f4,Fe2
0.00000e+00,1.75501e-04,wp1-f5,Fe2
1.12040e+02,1.75501e-04,wp1-f5,Fe2
1.40010e+02,1.77292e-04,wp1-f5,Fe2
1.96050e+02,1.96991e-04,wp1-f5,Fe2
2.80060e+02,1.64756e-04,wp1-f5,Fe2
3.64050e+02,1.54011e-04,wp1-f5,Fe2
5.18090e+02,1.36103e-04,wp1-f5,Fe2
6.18010e+02,1.46848e-04,wp1-f5,Fe2
6.18040e+02,1.36103e-04,wp1-f5,Fe2
7.00050e+02,1.28940e-04,wp1-f5,Fe2
0.00000e+00,1.07450e-04,wp2-f1,Fe2
7.00200e+01,1.12822e-04,wp2-f1,Fe2
1.26040e+02,9.49140e-05,wp2-f1,Fe2
1.96000e+02,9.49140e-05,wp2-f1,Fe2
3.08020e+02,8.41691e-05,wp2-f1,Fe2
4.90010e+02,8.05874e-05,wp2-f1,Fe2
5.17980e+02,8.59599e-05,wp2-f1,Fe2
6.99980e+02,8.41691e-05,wp2-f1,Fe2
0.00000e+00,1.00287e-04,wp2-f2,Fe2
2.80500e+01,6.62607e-06,wp2-f2,Fe2
4.20100e+01,1.43266e-06,wp2-f2,Fe2
7.00200e+01,2.68625e-07,wp2-f2,Fe2
9.80200e+01,8.95415e-07,wp2-f2,Fe2
1.26100e+02,1.43266e-06,wp2-f2,Fe2
1.96020e+02,2.68625e-07,wp2-f2,Fe2
3.08020e+02,1.61175e-06,wp2-f2,Fe2
4.55010e+02,5.19341e-06,wp2-f2,Fe2
5.18010e+02,2.32808e-06,wp2-f2,Fe2
5.74010e+02,8.41691e-06,wp2-f2,Fe2
6.44010e+02,1.79083e-06,wp2-f2,Fe2
7.00010e+02,3.04441e-06,wp2-f2,Fe2
7.56000e+02,6.80516e-06,wp2-f2,Fe2
8.26000e+02,3.76074e-06,wp2-f2,Fe2
0.00000e+00,1.11032e-04,wp2-f3,Fe2
6.09000e+00,9.31232e-05,wp2-f3,Fe2
1.40100e+01,4.83524e-05,wp2-f3,Fe2
2.09800e+01,1.96991e-05,wp2-f3,Fe2
2.80400e+01,2.14900e-06,wp2-f3,Fe2
5.60200e+01,5.37249e-07,wp2-f3,Fe2
8.40000e+01,2.68625e-07,wp2-f3,Fe2
1.11980e+02,2.68625e-07,wp2-f3,Fe2
1.61000e+02,2.68625e-07,wp2-f3,Fe2
2.24020e+02,2.68625e-07,wp2-f3,Fe2
2.80010e+02,2.68625e-07,wp2-f3,Fe2
3.36010e+02,2.68625e-07,wp2-f3,Fe2
4.19020e+02,5.37249e-07,wp2-f3,Fe2
4.90010e+02,5.37249e-07,wp2-f3,Fe2
5.18010e+02,5.37249e-07,wp2-f3,Fe2
6.08980e+02,5.37249e-07,wp2-f3,Fe2
7.00010e+02,5.37249e-07,wp2-f3,Fe2
7.91050e+02,5.37249e-07,wp2-f3,Fe2
0.00000e+00,1.03868e-04,wp2-f4,Fe2
6.08000e+00,9.31232e-05,wp2-f4,Fe2
9.98000e+00,1.02077e-04,wp2-f4,Fe2
1.40000e+01,8.05874e-05,wp2-f4,Fe2
2.09700e+01,5.01433e-05,wp2-f4,Fe2
2.80200e+01,2.68625e-05,wp2-f4,Fe2
3.50100e+01,2.50716e-06,wp2-f4,Fe2
4.20100e+01,5.37249e-07,wp2-f4,Fe2
5.60200e+01,2.68625e-07,wp2-f4,Fe2
7.00100e+01,2.68625e-07,wp2-f4,Fe2
8.40000e+01,2.68625e-07,wp2-f4,Fe2
9.80200e+01,7.16332e-07,wp2-f4,Fe2
1.12000e+02,7.16332e-07,wp2-f4,Fe2
1.26050e+02,2.68625e-07,wp2-f4,Fe2
1.39980e+02,2.68625e-07,wp2-f4,Fe2
1.61010e+02,2.68625e-07,wp2-f4,Fe2
1.96010e+02,2.68625e-07,wp2-f4,Fe2
2.24010e+02,2.68625e-07,wp2-f4,Fe2
2.52000e+02,2.68625e-07,wp2-f4,Fe2
2.80000e+02,2.68625e-07,wp2-f4,Fe2
3.08020e+02,2.68625e-07,wp2-f4,Fe2
3.36010e+02,2.68625e-07,wp2-f4,Fe2
3.64010e+02,2.68625e-07,wp2-f4,Fe2
4.19020e+02,5.37249e-07,wp2-f4,Fe2
4.90000e+02,5.37249e-07,wp2-f4,Fe2
5.18010e+02,5.37249e-07,wp2-f4,Fe2
5.74010e+02,5.37249e-07,wp2-f4,Fe2
6.44020e+02,5.37249e-07,wp2-f4,Fe2
7.00100e+02,5.37249e-07,wp2-f4,Fe2
7.56000e+02,5.37249e-07,wp2-f4,Fe2
8.25980e+02,5.37249e-07,wp2-f4,Fe2
0.00000e+00,1.03868e-04,wp2-f5,Fe2
2.80100e+01,1.07450e-04,wp2-f5,Fe2
4.20000e+01,1.09241e-04,wp2-f5,Fe2
7.00100e+01,1.25358e-04,wp2-f5,Fe2
9.80100e+01,1.03868e-04,wp2-f5,Fe2
1.26040e+02,1.02077e-04,wp2-f5,Fe2
1.96010e+02,9.49140e-05,wp2-f5,Fe2
3.08010e+02,9.13324e-05,wp2-f5,Fe2
4.55010e+02,9.13324e-05,wp2-f5,Fe2
5.18020e+02,8.41691e-05,wp2-f5,Fe2
6.09000e+02,8.59599e-05,wp2-f5,Fe2
7.00000e+02,8.23782e-05,wp2-f5,Fe2
7.91000e+02,9.13324e-05,wp2-f5,Fe2
0.00000e+00,7.87966e-05,wp3-f1,Fe2
1.00500e+01,7.34241e-05,wp3-f1,Fe2
1.41100e+01,7.16332e-05,wp3-f1,Fe2
2.10500e+01,7.34241e-05,wp3-f1,Fe2
2.79800e+01,7.34241e-05,wp3-f1,Fe2
5.71200e+01,6.80516e-05,wp3-f1,Fe2
8.40500e+01,7.87966e-05,wp3-f1,Fe2
1.12010e+02,8.23782e-05,wp3-f1,Fe2
1.61010e+02,6.98424e-05,wp3-f1,Fe2
2.24040e+02,7.34241e-05,wp3-f1,Fe2
2.80010e+02,7.34241e-05,wp3-f1,Fe2
3.36020e+02,7.34241e-05,wp3-f1,Fe2
4.55020e+02,7.87966e-05,wp3-f1,Fe2
5.18020e+02,7.16332e-05,wp3-f1,Fe2
7.00020e+02,7.70057e-05,wp3-f1,Fe2
0.00000e+00,1.03868e-04,wp3-f2,Fe2
2.06000e+00,1.02077e-04,wp3-f2,Fe2
6.14000e+00,6.44699e-05,wp3-f2,Fe2
1.00400e+01,3.22350e-05,wp3-f2,Fe2
1.41000e+01,1.54011e-05,wp3-f2,Fe2
2.10500e+01,3.40258e-06,wp3-f2,Fe2
2.79800e+01,1.61175e-06,wp3-f2,Fe2
5.71400e+01,7.16332e-07,wp3-f2,Fe2
8.40400e+01,7.16332e-07,wp3-f2,Fe2
1.12020e+02,2.68625e-07,wp3-f2,Fe2
1.61060e+02,2.68625e-07,wp3-f2,Fe2
2.24050e+02,2.68625e-07,wp3-f2,Fe2
2.80050e+02,2.68625e-07,wp3-f2,Fe2
3.36050e+02,2.68625e-07,wp3-f2,Fe2
4.55040e+02,5.37249e-07,wp3-f2,Fe2
5.18050e+02,5.37249e-07,wp3-f2,Fe2
5.74040e+02,5.37249e-07,wp3-f2,Fe2
6.44050e+02,5.37249e-07,wp3-f2,Fe2
7.00050e+02,5.37249e-07,wp3-f2,Fe2
7.56010e+02,5.37249e-07,wp3-f2,Fe2
8.26000e+02,5.37249e-07,wp3-f2,Fe2
0.00000e+00,1.21777e-04,wp3-f3,Fe2
2.06000e+00,1.14613e-04,wp3-f3,Fe2
6.13000e+00,5.55158e-05,wp3-f3,Fe2
1.00200e+01,3.40258e-05,wp3-f3,Fe2
1.41000e+01,1.70129e-05,wp3-f3,Fe2
2.10200e+01,4.65616e-06,wp3-f3,Fe2
2.79700e+01,2.68625e-06,wp3-f3,Fe2
3.50500e+01,1.61175e-06,wp3-f3,Fe2
4.20500e+01,1.25358e-06,wp3-f3,Fe2
5.71400e+01,5.37249e-07,wp3-f3,Fe2
7.00500e+01,7.16332e-07,wp3-f3,Fe2
8.40200e+01,5.37249e-07,wp3-f3,Fe2
9.80500e+01,8.95415e-07,wp3-f3,Fe2
1.12020e+02,2.68625e-07,wp3-f3,Fe2
1.26060e+02,2.68625e-07,wp3-f3,Fe2
1.40000e+02,2.68625e-07,wp3-f3,Fe2
1.61040e+02,2.68625e-07,wp3-f3,Fe2
1.96020e+02,2.68625e-07,wp3-f3,Fe2
2.24050e+02,2.68625e-07,wp3-f3,Fe2
2.52020e+02,2.68625e-07,wp3-f3,Fe2
2.80020e+02,2.68625e-07,wp3-f3,Fe2
3.08060e+02,2.68625e-07,wp3-f3,Fe2
3.36050e+02,2.68625e-07,wp3-f3,Fe2
3.64050e+02,2.68625e-07,wp3-f3,Fe2
4.19010e+02,5.37249e-07,wp3-f3,Fe2
4.90020e+02,5.37249e-07,wp3-f3,Fe2
5.18050e+02,5.37249e-07,wp3-f3,Fe2
5.74020e+02,5.37249e-07,wp3-f3,Fe2
6.18010e+02,5.37249e-07,wp3-f3,Fe2
6.17980e+02,5.37249e-07,wp3-f3,Fe2
6.44050e+02,5.37249e-07,wp3-f3,Fe2
7.00040e+02,5.37249e-07,wp3-f3,Fe2
7.56020e+02,5.37249e-07,wp3-f3,Fe2
8.26010e+02,5.37249e-07,wp3-f3,Fe2
0.00000e+00,1.02077e-04,wp3-f4,Fe2
2.05000e+00,8.41691e-05,wp3-f4,Fe2
6.13000e+00,5.37249e-05,wp3-f4,Fe2
1.00100e+01,5.55158e-05,wp3-f4,Fe2
1.40500e+01,2.86533e-05,wp3-f4,Fe2
2.10200e+01,4.29799e-06,wp3-f4,Fe2
2.79700e+01,1.43266e-06,wp3-f4,Fe2
3.50200e+01,7.16332e-07,wp3-f4,Fe2
4.20400e+01,7.16332e-07,wp3-f4,Fe2
5.71500e+01,5.37249e-07,wp3-f4,Fe2
7.00500e+01,5.37249e-07,wp3-f4,Fe2
8.40200e+01,5.37249e-07,wp3-f4,Fe2
9.80400e+01,2.68625e-07,wp3-f4,Fe2
1.12010e+02,5.37249e-07,wp3-f4,Fe2
1.26050e+02,2.68625e-07,wp3-f4,Fe2
1.40000e+02,2.68625e-07,wp3-f4,Fe2
1.61020e+02,2.68625e-07,wp3-f4,Fe2
1.96020e+02,2.68625e-07,wp3-f4,Fe2
2.24040e+02,2.68625e-07,wp3-f4,Fe2
2.52010e+02,2.68625e-07,wp3-f4,Fe2
2.80020e+02,2.68625e-07,wp3-f4,Fe2
3.08050e+02,2.68625e-07,wp3-f4,Fe2
3.36040e+02,2.68625e-07,wp3-f4,Fe2
3.64010e+02,2.68625e-07,wp3-f4,Fe2
4.19010e+02,5.37249e-07,wp3-f4,Fe2
4.90010e+02,5.37249e-07,wp3-f4,Fe2
5.18040e+02,5.37249e-07,wp3-f4,Fe2
5.74020e+02,5.37249e-07,wp3-f4,Fe2
6.44040e+02,5.37249e-07,wp3-f4,Fe2
7.00040e+02,5.37249e-07,wp3-f4,Fe2
7.56010e+02,5.37249e-07,wp3-f4,Fe2
8.26010e+02,5.37249e-07,wp3-f4,Fe2
0.00000e+00,1.05659e-04,wp3-f5,Fe2
6.11000e+00,6.80516e-05,wp3-f5,Fe2
1.00100e+01,5.90974e-05,wp3-f5,Fe2
1.40500e+01,3.04441e-05,wp3-f5,Fe2
2.10100e+01,2.50716e-06,wp3-f5,Fe2
2.79600e+01,1.61175e-06,wp3-f5,Fe2
5.71300e+01,1.07450e-06,wp3-f5,Fe2
8.40200e+01,7.16332e-07,wp3-f5,Fe2
1.12010e+02,8.95415e-07,wp3-f5,Fe2
1.61020e+02,7.16332e-07,wp3-f5,Fe2
2.80010e+02,2.68625e-07,wp3-f5,Fe2
3.36020e+02,2.68625e-07,wp3-f5,Fe2
4.55020e+02,5.37249e-07,wp3-f5,Fe2
5.18020e+02,5.37249e-07,wp3-f5,Fe2
5.74020e+02,5.37249e-07,wp3-f5,Fe2
6.44020e+02,8.95415e-07,wp3-f5,Fe2
7.00020e+02,1.79083e-06,wp3-f5,Fe2
7.56010e+02,5.37249e-07,wp3-f5,Fe2
8.26010e+02,5.37249e-07,wp3-f5,Fe2
0.00000e+00,3.22350e-05,wp4-f1,Fe2
5.17980e+02,6.62607e-05,wp4-f1,Fe2
7.00000e+02,7.16332e-05,wp4-f1,Fe2
0.00000e+00,9.49140e-05,wp4-f5,Fe2
1.96000e+02,2.68625e-07,wp4-f5,Fe2
3.36000e+02,2.68625e-07,wp4-f5,Fe2
4.89980e+02,3.22350e-05,wp4-f5,Fe2
5.18000e+02,2.68625e-05,wp4-f5,Fe2
6.08980e+02,5.37249e-07,wp4-f5,Fe2
6.99980e+02,5.37249e-07,wp4-f5,Fe2
7.91000e+02,1.32521e-05,wp4-f5,Fe2
2.10000e+00,2.04918e-03,influent,HCO3
6.05000e+00,2.04918e-03,influent,HCO3
1.00600e+01,2.13115e-03,influent,HCO3
1.41300e+01,2.21311e-03,influent,HCO3
2.10600e+01,2.21311e-03,influent,HCO3
2.80600e+01,2.21311e-03,influent,HCO3
3.50800e+01,2.29508e-03,influent,HCO3
4.20600e+01,2.13115e-03,influent,HCO3
5.60600e+01,1.80328e-03,influent,HCO3
7.01000e+01,1.63934e-03,influent,HCO3
8.51700e+01,1.55738e-03,influent,HCO3
9.81000e+01,1.72131e-03,influent,HCO3
1.12100e+02,1.96721e-03,influent,HCO3
1.26100e+02,1.96721e-03,influent,HCO3
1.40060e+02,1.88525e-03,influent,HCO3
1.61100e+02,1.42623e-03,influent,HCO3
1.96090e+02,2.37705e-03,influent,HCO3
2.24090e+02,2.21311e-03,influent,HCO3
2.52060e+02,1.45902e-03,influent,HCO3
2.80100e+02,1.96721e-03,influent,HCO3
3.08090e+02,1.96721e-03,influent,HCO3
3.36090e+02,1.49180e-03,influent,HCO3
3.64090e+02,1.50820e-03,influent,HCO3
3.92050e+02,1.55738e-03,influent,HCO3
4.19940e+02,1.88525e-03,influent,HCO3
4.55000e+02,2.21311e-03,influent,HCO3
4.90060e+02,2.13115e-03,influent,HCO3
5.18100e+02,2.04918e-03,influent,HCO3
5.46050e+02,1.50820e-03,influent,HCO3
5.74060e+02,1.62295e-03,influent,HCO3
6.09020e+02,2.04918e-03,influent,HCO3
6.44100e+02,1.59016e-03,influent,HCO3
6.72020e+02,1.52459e-03,influent,HCO3
7.00100e+02,1.80328e-03,influent,HCO3
7.28020e+02,1.80328e-03,influent,HCO3
7.56050e+02,1.80328e-03,influent,HCO3
7.91050e+02,1.88525e-03,influent,HCO3
8.26060e+02,1.60656e-03,influent,HCO3
8.54020e+02,1.14754e-03,influent,HCO3
1.01000e+00,5.40984e-03,pp1,HCO3
2.80900e+01,5.40984e-03,pp1,HCO3
8.51500e+01,5.40984e-03,pp1,HCO3
9.80900e+01,5.40984e-03,pp1,HCO3
1.12090e+02,5.24590e-03,pp1,HCO3
1.26090e+02,5.40984e-03,pp1,HCO3
1.40060e+02,5.24590e-03,pp1,HCO3
1.61100e+02,4.91803e-03,pp1,HCO3
1.96060e+02,4.42623e-03,pp1,HCO3
2.24090e+02,4.09836e-03,pp1,HCO3
2.52050e+02,3.93443e-03,pp1,HCO3
2.80090e+02,3.77049e-03,pp1,HCO3
3.08090e+02,3.60656e-03,pp1,HCO3
3.36090e+02,3.60656e-03,pp1,HCO3
3.64090e+02,3.60656e-03,pp1,HCO3
4.19060e+02,3.52459e-03,pp1,HCO3
4.90050e+02,3.36066e-03,pp1,HCO3
5.18100e+02,3.27869e-03,pp1,HCO3
5.74050e+02,3.11475e-03,pp1,HCO3
6.44090e+02,3.19672e-03,pp1,HCO3
7.00090e+02,2.95082e-03,pp1,HCO3
7.56050e+02,3.03279e-03,pp1,HCO3
8.26050e+02,2.95082e-03,pp1,HCO3
0.00000e+00,5.73771e-03,pp1-f1,HCO3
1.12100e+02,5.40984e-03,pp1-f1,HCO3
1.61090e+02,5.40984e-03,pp1-f1,HCO3
2.52040e+02,3.36066e-03,pp1-f1,HCO3
3.36060e+02,3.11475e-03,pp1-f1,HCO3
4.90080e+02,2.04918e-03,pp1-f1,HCO3
5.18100e+02,1.96721e-03,pp1-f1,HCO3
6.09010e+02,1.88525e-03,pp1-f1,HCO3
7.00100e+02,2.37705e-03,pp1-f1,HCO3
7.91010e+02,2.13115e-03,pp1-f1,HCO3
0.00000e+00,5.24590e-03,pp1-f2,HCO3
8.51400e+01,5.40984e-03,pp1-f2,HCO3
9.80900e+01,5.40984e-03,pp1-f2,HCO3
1.12090e+02,5.57377e-03,pp1-f2,HCO3
1.26080e+02,5.57377e-03,pp1-f2,HCO3
1.40050e+02,5.57377e-03,pp1-f2,HCO3
1.61090e+02,5.57377e-03,pp1-f2,HCO3
1.96060e+02,5.40984e-03,pp1-f2,HCO3
2.24060e+02,5.40984e-03,pp1-f2,HCO3
2.52040e+02,5.40984e-03,pp1-f2,HCO3
2.80080e+02,5.40984e-03,pp1-f2,HCO3
3.08080e+02,5.24590e-03,pp1-f2,HCO3
3.36080e+02,5.40984e-03,pp1-f2,HCO3
3.64080e+02,5.40984e-03,pp1-f2,HCO3
4.55050e+02,5.40984e-03,pp1-f2,HCO3
5.18090e+02,5.08197e-03,pp1-f2,HCO3
6.09010e+02,3.44262e-03,pp1-f2,HCO3
6.18060e+02,3.44262e-03,pp1-f2,HCO3
6.18090e+02,3.44262e-03,pp1-f2,HCO3
7.00090e+02,2.70492e-03,pp1-f2,HCO3
7.91040e+02,1.63934e-03,pp1-f2,HCO3
0.00000e+00,5.40984e-03,pp1-f3,HCO3
9.80600e+01,5.40984e-03,pp1-f3,HCO3
1.12090e+02,5.24590e-03,pp1-f3,HCO3
1.61090e+02,5.40984e-03,pp1-f3,HCO3
2.52020e+02,5.40984e-03,pp1-f3,HCO3
3.36060e+02,5.24590e-03,pp1-f3,HCO3
4.90050e+02,3.19672e-03,pp1-f3,HCO3
5.18090e+02,3.27869e-03,pp1-f3,HCO3
6.09010e+02,3.27869e-03,pp1-f3,HCO3
6.18050e+02,3.27869e-03,pp1-f3,HCO3
6.18080e+02,3.52459e-03,pp1-f3,HCO3
7.00060e+02,3.11475e-03,pp1-f3,HCO3
7.91020e+02,3.60656e-03,pp1-f3,HCO3
0.00000e+00,5.73771e-03,wp1-f1,HCO3
1.12050e+02,5.73771e-03,wp1-f1,HCO3
1.40010e+02,5.73771e-03,wp1-f1,HCO3
1.96050e+02,5.73771e-03,wp1-f1,HCO3
2.80060e+02,5.57377e-03,wp1-f1,HCO3
3.64060e+02,5.73771e-03,wp1-f1,HCO3
5.18050e+02,5.57377e-03,wp1-f1,HCO3
7.00060e+02,5.40984e-03,wp1-f1,HCO3
0.00000e+00,5.57377e-03,wp1-f2,HCO3
1.12050e+02,1.72131e-03,wp1-f2,HCO3
1.26060e+02,1.57377e-03,wp1-f2,HCO3
1.40020e+02,1.57377e-03,wp1-f2,HCO3
1.96060e+02,1.32787e-03,wp1-f2,HCO3
2.52010e+02,1.72131e-03,wp1-f2,HCO3
3.36060e+02,1.47541e-03,wp1-f2,HCO3
4.55050e+02,1.40984e-03,wp1-f2,HCO3
5.18060e+02,1.96721e-03,wp1-f2,HCO3
5.74050e+02,1.63934e-03,wp1-f2,HCO3
6.18020e+02,1.18033e-03,wp1-f2,HCO3
6.44090e+02,1.47541e-03,wp1-f2,HCO3
7.00060e+02,1.14754e-03,wp1-f2,HCO3
7.56040e+02,1.44262e-03,wp1-f2,HCO3
8.26020e+02,1.62295e-03,wp1-f2,HCO3
0.00000e+00,5.24590e-03,wp1-f3,HCO3
6.14000e+00,5.40984e-03,wp1-f3,HCO3
1.00500e+01,5.40984e-03,wp1-f3,HCO3
1.41300e+01,5.40984e-03,wp1-f3,HCO3
2.10600e+01,5.40984e-03,wp1-f3,HCO3
2.80100e+01,5.24590e-03,wp1-f3,HCO3
3.50600e+01,4.75410e-03,wp1-f3,HCO3
4.20600e+01,4.26230e-03,wp1-f3,HCO3
5.71200e+01,3.11475e-03,wp1-f3,HCO3
7.00900e+01,1.80328e-03,wp1-f3,HCO3
8.51300e+01,1.72131e-03,wp1-f3,HCO3
9.80600e+01,1.63934e-03,wp1-f3,HCO3
1.12050e+02,1.60656e-03,wp1-f3,HCO3
1.40020e+02,1.47541e-03,wp1-f3,HCO3
1.96050e+02,1.54098e-03,wp1-f3,HCO3
2.52010e+02,1.96721e-03,wp1-f3,HCO3
3.08060e+02,1.32787e-03,wp1-f3,HCO3
3.64060e+02,1.42623e-03,wp1-f3,HCO3
4.19050e+02,1.24590e-03,wp1-f3,HCO3
4.90040e+02,1.72131e-03,wp1-f3,HCO3
5.18060e+02,1.96721e-03,wp1-f3,HCO3
6.09000e+02,1.45902e-03,wp1-f3,HCO3
7.00060e+02,1.32787e-03,wp1-f3,HCO3
7.91010e+02,1.54098e-03,wp1-f3,HCO3
0.00000e+00,5.40984e-03,wp1-f4,HCO3
2.80100e+01,5.24590e-03,wp1-f4,HCO3
3.50500e+01,5.40984e-03,wp1-f4,HCO3
4.20600e+01,5.40984e-03,wp1-f4,HCO3
5.60500e+01,2.86885e-03,wp1-f4,HCO3
7.00600e+01,1.63934e-03,wp1-f4,HCO3
8.40600e+01,1.63934e-03,wp1-f4,HCO3
9.80500e+01,1.55738e-03,wp1-f4,HCO3
1.12040e+02,1.37705e-03,wp1-f4,HCO3
1.26060e+02,1.18033e-03,wp1-f4,HCO3
1.40010e+02,1.09836e-03,wp1-f4,HCO3
1.61060e+02,1.40984e-03,wp1-f4,HCO3
1.96050e+02,1.63934e-03,wp1-f4,HCO3
2.24060e+02,1.63934e-03,wp1-f4,HCO3
2.52000e+02,1.96721e-03,wp1-f4,HCO3
2.80060e+02,1.96721e-03,wp1-f4,HCO3
3.08060e+02,1.32787e-03,wp1-f4,HCO3
3.36050e+02,1.63934e-03,wp1-f4,HCO3
3.64060e+02,1.45902e-03,wp1-f4,HCO3
4.19040e+02,1.32787e-03,wp1-f4,HCO3
4.90020e+02,1.62295e-03,wp1-f4,HCO3
5.18080e+02,1.96721e-03,wp1-f4,HCO3
5.74050e+02,1.88525e-03,wp1-f4,HCO3
6.44080e+02,1.59016e-03,wp1-f4,HCO3
7.00050e+02,1.26230e-03,wp1-f4,HCO3
7.56020e+02,1.39344e-03,wp1-f4,HCO3
8.26020e+02,1.63934e-03,wp1-f4,HCO3
0.00000e+00,5.73771e-03,wp1-f5,HCO3
1.12040e+02,5.90164e-03,wp1-f5,HCO3
1.40010e+02,5.90164e-03,wp1-f5,HCO3
1.96050e+02,5.73771e-03,wp1-f5,HCO3
2.80060e+02,5.73771e-03,wp1-f5,HCO3
3.64050e+02,5.57377e-03,wp1-f5,HCO3
5.18090e+02,5.24590e-03,wp1-f5,HCO3
6.18010e+02,5.57377e-03,wp1-f5,HCO3
6.18040e+02,5.40984e-03,wp1-f5,HCO3
7.00050e+02,4.91803e-03,wp1-f5,HCO3
0.00000e+00,5.90164e-03,wp2-f1,HCO3
7.00200e+01,5.90164e-03,wp2-f1,HCO3
1.26040e+02,5.90164e-03,wp2-f1,HCO3
1.96000e+02,5.90164e-03,wp2-f1,HCO3
3.08020e+02,5.90164e-03,wp2-f1,HCO3
4.90010e+02,6.06557e-03,wp2-f1,HCO3
5.17980e+02,6.06557e-03,wp2-f1,HCO3
6.99980e+02,5.90164e-03,wp2-f1,HCO3
0.00000e+00,5.40984e-03,wp2-f2,HCO3
2.80500e+01,1.88525e-03,wp2-f2,HCO3
4.20100e+01,1.96721e-03,wp2-f2,HCO3
7.00200e+01,1.60656e-03,wp2-f2,HCO3
9.80200e+01,1.18033e-03,wp2-f2,HCO3
1.26100e+02,1.59016e-03,wp2-f2,HCO3
1.96020e+02,1.80328e-03,wp2-f2,HCO3
3.08020e+02,1.54098e-03,wp2-f2,HCO3
4.55010e+02,1.88525e-03,wp2-f2,HCO3
5.18010e+02,1.88525e-03,wp2-f2,HCO3
5.74010e+02,9.34426e-04,wp2-f2,HCO3
6.44010e+02,1.42623e-03,wp2-f2,HCO3
7.00010e+02,1.42623e-03,wp2-f2,HCO3
7.56000e+02,1.47541e-03,wp2-f2,HCO3
8.26000e+02,9.34426e-04,wp2-f2,HCO3
0.00000e+00,5.40984e-03,wp2-f3,HCO3
6.09000e+00,3.03279e-03,wp2-f3,HCO3
1.40100e+01,1.72131e-03,wp2-f3,HCO3
2.09800e+01,1.88525e-03,wp2-f3,HCO3
2.80400e+01,1.96721e-03,wp2-f3,HCO3
5.60200e+01,1.88525e-03,wp2-f3,HCO3
8.40000e+01,1.37705e-03,wp2-f3,HCO3
1.11980e+02,1.80328e-03,wp2-f3,HCO3
1.61000e+02,1.11475e-03,wp2-f3,HCO3
2.24020e+02,2.21311e-03,wp2-f3,HCO3
2.80010e+02,1.72131e-03,wp2-f3,HCO3
3.36010e+02,1.13115e-03,wp2-f3,HCO3
4.19020e+02,1.72131e-03,wp2-f3,HCO3
4.90010e+02,1.96721e-03,wp2-f3,HCO3
5.18010e+02,1.96721e-03,wp2-f3,HCO3
6.08980e+02,1.96721e-03,wp2-f3,HCO3
7.00010e+02,1.54098e-03,wp2-f3,HCO3
7.91050e+02,1.72131e-03,wp2-f3,HCO3
0.00000e+00,5.40984e-03,wp2-f4,HCO3
6.08000e+00,5.57377e-03,wp2-f4,HCO3
9.98000e+00,3.60656e-03,wp2-f4,HCO3
1.40000e+01,1.72131e-03,wp2-f4,HCO3
2.09700e+01,1.63934e-03,wp2-f4,HCO3
2.80200e+01,1.63934e-03,wp2-f4,HCO3
3.50100e+01,1.72131e-03,wp2-f4,HCO3
4.20100e+01,1.88525e-03,wp2-f4,HCO3
5.60200e+01,1.96721e-03,wp2-f4,HCO3
7.00100e+01,1.80328e-03,wp2-f4,HCO3
8.40000e+01,1.54098e-03,wp2-f4,HCO3
9.80200e+01,1.40984e-03,wp2-f4,HCO3
1.12000e+02,1.49180e-03,wp2-f4,HCO3
1.26050e+02,1.72131e-03,wp2-f4,HCO3
1.39980e+02,1.63934e-03,wp2-f4,HCO3
1.61010e+02,1.19672e-03,wp2-f4,HCO3
1.96010e+02,1.80328e-03,wp2-f4,HCO3
2.24010e+02,2.13115e-03,wp2-f4,HCO3
2.52000e+02,1.40984e-03,wp2-f4,HCO3
2.80000e+02,1.59016e-03,wp2-f4,HCO3
3.08020e+02,1.59016e-03,wp2-f4,HCO3
3.36010e+02,1.14754e-03,wp2-f4,HCO3
3.64010e+02,1.00000e-03,wp2-f4,HCO3
4.19020e+02,1.60656e-03,wp2-f4,HCO3
4.90000e+02,1.88525e-03,wp2-f4,HCO3
5.18010e+02,2.70492e-03,wp2-f4,HCO3
5.74010e+02,1.06557e-03,wp2-f4,HCO3
6.44020e+02,1.88525e-03,wp2-f4,HCO3
7.00100e+02,1.50820e-03,wp2-f4,HCO3
7.56000e+02,1.60656e-03,wp2-f4,HCO3
8.25980e+02,1.00000e-03,wp2-f4,HCO3
0.00000e+00,5.08197e-03,wp2-f5,HCO3
2.80100e+01,5.08197e-03,wp2-f5,HCO3
4.20000e+01,5.08197e-03,wp2-f5,HCO3
7.00100e+01,5.08197e-03,wp2-f5,HCO3
9.80100e+01,5.08197e-03,wp2-f5,HCO3
1.26040e+02,4.75410e-03,wp2-f5,HCO3
1.96010e+02,4.09836e-03,wp2-f5,HCO3
3.08010e+02,3.44262e-03,wp2-f5,HCO3
4.55010e+02,5.90164e-03,wp2-f5,HCO3
5.18020e+02,1.96721e-03,wp2-f5,HCO3
6.09000e+02,2.62295e-03,wp2-f5,HCO3
7.00000e+02,2.45902e-03,wp2-f5,HCO3
7.91000e+02,2.45902e-03,wp2-f5,HCO3
0.00000e+00,5.73771e-03,wp3-f1,HCO3
1.00500e+01,5.73771e-03,wp3-f1,HCO3
1.41100e+01,5.73771e-03,wp3-f1,HCO3
2.10500e+01,5.73771e-03,wp3-f1,HCO3
2.79800e+01,5.73771e-03,wp3-f1,HCO3
5.71200e+01,5.73771e-03,wp3-f1,HCO3
8.40500e+01,5.73771e-03,wp3-f1,HCO3
1.12010e+02,5.73771e-03,wp3-f1,HCO3
1.61010e+02,5.73771e-03,wp3-f1,HCO3
2.24040e+02,5.73771e-03,wp3-f1,HCO3
2.80010e+02,5.73771e-03,wp3-f1,HCO3
3.36020e+02,5.73771e-03,wp3-f1,HCO3
4.55020e+02,5.57377e-03,wp3-f1,HCO3
5.18020e+02,5.57377e-03,wp3-f1,HCO3
7.00020e+02,5.40984e-03,wp3-f1,HCO3
0.00000e+00,5.40984e-03,wp3-f2,HCO3
2.06000e+00,5.40984e-03,wp3-f2,HCO3
6.14000e+00,1.72131e-03,wp3-f2,HCO3
1.00400e+01,1.80328e-03,wp3-f2,HCO3
1.41000e+01,1.88525e-03,wp3-f2,HCO3
2.10500e+01,2.04918e-03,wp3-f2,HCO3
2.79800e+01,2.04918e-03,wp3-f2,HCO3
5.71400e+01,1.88525e-03,wp3-f2,HCO3
8.40400e+01,1.22951e-03,wp3-f2,HCO3
1.12020e+02,1.55738e-03,wp3-f2,HCO3
1.61060e+02,1.00000e-03,wp3-f2,HCO3
2.24050e+02,1.96721e-03,wp3-f2,HCO3
2.80050e+02,1.80328e-03,wp3-f2,HCO3
3.36050e+02,1.19672e-03,wp3-f2,HCO3
4.55040e+02,2.04918e-03,wp3-f2,HCO3
5.18050e+02,1.63934e-03,wp3-f2,HCO3
5.74040e+02,1.26230e-03,wp3-f2,HCO3
6.44050e+02,1.88525e-03,wp3-f2,HCO3
7.00050e+02,1.52459e-03,wp3-f2,HCO3
7.56010e+02,1.44262e-03,wp3-f2,HCO3
8.26000e+02,1.06557e-03,wp3-f2,HCO3
0.00000e+00,5.40984e-03,wp3-f3,HCO3
2.06000e+00,5.40984e-03,wp3-f3,HCO3
6.13000e+00,1.80328e-03,wp3-f3,HCO3
1.00200e+01,1.80328e-03,wp3-f3,HCO3
1.41000e+01,1.96721e-03,wp3-f3,HCO3
2.10200e+01,2.04918e-03,wp3-f3,HCO3
2.79700e+01,1.96721e-03,wp3-f3,HCO3
3.50500e+01,1.96721e-03,wp3-f3,HCO3
4.20500e+01,1.80328e-03,wp3-f3,HCO3
5.71400e+01,1.80328e-03,wp3-f3,HCO3
7.00500e+01,1.44262e-03,wp3-f3,HCO3
8.40200e+01,1.26230e-03,wp3-f3,HCO3
9.80500e+01,1.40984e-03,wp3-f3,HCO3
1.12020e+02,1.72131e-03,wp3-f3,HCO3
1.26060e+02,1.80328e-03,wp3-f3,HCO3
1.40000e+02,1.59016e-03,wp3-f3,HCO3
1.61040e+02,1.24590e-03,wp3-f3,HCO3
1.96020e+02,2.29508e-03,wp3-f3,HCO3
2.24050e+02,1.96721e-03,wp3-f3,HCO3
2.52020e+02,1.14754e-03,wp3-f3,HCO3
2.80020e+02,1.63934e-03,wp3-f3,HCO3
3.08060e+02,1.80328e-03,wp3-f3,HCO3
3.36050e+02,1.19672e-03,wp3-f3,HCO3
3.64050e+02,1.18033e-03,wp3-f3,HCO3
4.19010e+02,1.63934e-03,wp3-f3,HCO3
4.90020e+02,1.88525e-03,wp3-f3,HCO3
5.18050e+02,1.88525e-03,wp3-f3,HCO3
5.74020e+02,1.52459e-03,wp3-f3,HCO3
6.18010e+02,1.88525e-03,wp3-f3,HCO3
6.17980e+02,1.88525e-03,wp3-f3,HCO3
6.44050e+02,1.47541e-03,wp3-f3,HCO3
7.00040e+02,1.50820e-03,wp3-f3,HCO3
7.56020e+02,1.49180e-03,wp3-f3,HCO3
8.26010e+02,1.31148e-03,wp3-f3,HCO3
0.00000e+00,5.57377e-03,wp3-f4,HCO3
2.05000e+00,5.57377e-03,wp3-f4,HCO3
6.13000e+00,1.88525e-03,wp3-f4,HCO3
1.00100e+01,1.80328e-03,wp3-f4,HCO3
1.40500e+01,1.88525e-03,wp3-f4,HCO3
2.10200e+01,2.04918e-03,wp3-f4,HCO3
2.79700e+01,2.13115e-03,wp3-f4,HCO3
3.50200e+01,2.13115e-03,wp3-f4,HCO3
4.20400e+01,1.88525e-03,wp3-f4,HCO3
5.71500e+01,1.96721e-03,wp3-f4,HCO3
7.00500e+01,1.63934e-03,wp3-f4,HCO3
8.40200e+01,1.42623e-03,wp3-f4,HCO3
9.80400e+01,1.49180e-03,wp3-f4,HCO3
1.12010e+02,1.72131e-03,wp3-f4,HCO3
1.26050e+02,1.80328e-03,wp3-f4,HCO3
1.40000e+02,1.59016e-03,wp3-f4,HCO3
1.61020e+02,1.21312e-03,wp3-f4,HCO3
1.96020e+02,2.04918e-03,wp3-f4,HCO3
2.24040e+02,2.13115e-03,wp3-f4,HCO3
2.52010e+02,1.18033e-03,wp3-f4,HCO3
2.80020e+02,1.80328e-03,wp3-f4,HCO3
3.08050e+02,1.88525e-03,wp3-f4,HCO3
3.36040e+02,1.29508e-03,wp3-f4,HCO3
3.64010e+02,1.32787e-03,wp3-f4,HCO3
4.19010e+02,1.80328e-03,wp3-f4,HCO3
4.90010e+02,1.88525e-03,wp3-f4,HCO3
5.18040e+02,1.88525e-03,wp3-f4,HCO3
5.74020e+02,1.52459e-03,wp3-f4,HCO3
6.44040e+02,1.52459e-03,wp3-f4,HCO3
7.00040e+02,1.60656e-03,wp3-f4,HCO3
7.56010e+02,1.57377e-03,wp3-f4,HCO3
8.26010e+02,1.36066e-03,wp3-f4,HCO3
0.00000e+00,5.24590e-03,wp3-f5,HCO3
6.11000e+00,2.21311e-03,wp3-f5,HCO3
1.00100e+01,1.96721e-03,wp3-f5,HCO3
1.40500e+01,1.80328e-03,wp3-f5,HCO3
2.10100e+01,1.96721e-03,wp3-f5,HCO3
2.79600e+01,1.96721e-03,wp3-f5,HCO3
5.71300e+01,1.96721e-03,wp3-f5,HCO3
8.40200e+01,1.52459e-03,wp3-f5,HCO3
1.12010e+02,1.80328e-03,wp3-f5,HCO3
1.61020e+02,1.26230e-03,wp3-f5,HCO3
2.80010e+02,1.80328e-03,wp3-f5,HCO3
3.36020e+02,1.32787e-03,wp3-f5,HCO3
4.55020e+02,1.96721e-03,wp3-f5,HCO3
5.18020e+02,1.96721e-03,wp3-f5,HCO3
5.74020e+02,1.39344e-03,wp3-f5,HCO3
6.44020e+02,1.54098e-03,wp3-f5,HCO3
7.00020e+02,1.55738e-03,wp3-f5,HCO3
7.56010e+02,1.57377e-03,wp3-f5,HCO3
8.26010e+02,1.32787e-03,wp3-f5,HCO3
0.00000e+00,6.22951e-03,wp4-f1,HCO3
5.17980e+02,5.90164e-03,wp4-f1,HCO3
7.00000e+02,5.57377e-03,wp4-f1,HCO3
0.00000e+00,5.57377e-03,wp4-f5,HCO3
1.96000e+02,1.42623e-03,wp4-f5,HCO3
3.36000e+02,1.57377e-03,wp4-f5,HCO3
4.89980e+02,1.88525e-03,wp4-f5,HCO3
5.18000e+02,1.88525e-03,wp4-f5,HCO3
6.08980e+02,1.40984e-03,wp4-f5,HCO3
6.99980e+02,1.32787e-03,wp4-f5,HCO3
7.91000e+02,1.57377e-03,wp4-f5,HCO3
2.10000e+00,1.78340e-03,influent,Na
6.05000e+00,1.82690e-03,influent,Na
1.00600e+01,1.87039e-03,influent,Na
1.41300e+01,2.13138e-03,influent,Na
2.10600e+01,2.04439e-03,influent,Na
2.80600e+01,2.21837e-03,influent,Na
3.50800e+01,2.21837e-03,influent,Na
4.20600e+01,2.26187e-03,influent,Na
5.60600e+01,1.95739e-03,influent,Na
7.01000e+01,1.78340e-03,influent,Na
8.51700e+01,1.65291e-03,influent,Na
9.81000e+01,1.78340e-03,influent,Na
1.12100e+02,2.04439e-03,influent,Na
1.26100e+02,1.91389e-03,influent,Na
1.40060e+02,1.78340e-03,influent,Na
1.61100e+02,1.00044e-03,influent,Na
1.96090e+02,1.26143e-03,influent,Na
2.24090e+02,1.56591e-03,influent,Na
2.52060e+02,8.69951e-04,influent,Na
2.80100e+02,1.13094e-03,influent,Na
3.08090e+02,1.34842e-03,influent,Na
3.36090e+02,1.13094e-03,influent,Na
3.64090e+02,1.34842e-03,influent,Na
3.92050e+02,1.26143e-03,influent,Na
4.19940e+02,2.04439e-03,influent,Na
4.55000e+02,2.00089e-03,influent,Na
4.90060e+02,1.73990e-03,influent,Na
5.18100e+02,1.26143e-03,influent,Na
5.46050e+02,1.04394e-03,influent,Na
5.74060e+02,1.08744e-03,influent,Na
6.09020e+02,1.26143e-03,influent,Na
6.44100e+02,1.13094e-03,influent,Na
6.72020e+02,1.04394e-03,influent,Na
7.00100e+02,1.13094e-03,influent,Na
7.28020e+02,1.26143e-03,influent,Na
7.56050e+02,1.69640e-03,influent,Na
7.91050e+02,1.82690e-03,influent,Na
8.26060e+02,1.26143e-03,influent,Na
8.54020e+02,1.00044e-03,influent,Na
1.01000e+00,6.08966e-04,pp1,Na
9.80900e+01,6.08966e-04,pp1,Na
1.12090e+02,6.08966e-04,pp1,Na
1.26090e+02,6.52463e-04,pp1,Na
1.40060e+02,6.52463e-04,pp1,Na
1.61100e+02,7.39458e-04,pp1,Na
1.96060e+02,8.69951e-04,pp1,Na
2.24090e+02,9.56946e-04,pp1,Na
2.52050e+02,1.04394e-03,pp1,Na
2.80090e+02,1.04394e-03,pp1,Na
3.08090e+02,1.04394e-03,pp1,Na
3.36090e+02,1.08744e-03,pp1,Na
3.64090e+02,1.00044e-03,pp1,Na
4.19060e+02,1.00044e-03,pp1,Na
4.90050e+02,9.13449e-04,pp1,Na
5.18100e+02,9.56946e-04,pp1,Na
5.74050e+02,1.04394e-03,pp1,Na
6.44090e+02,1.17443e-03,pp1,Na
7.00090e+02,1.17443e-03,pp1,Na
7.56050e+02,1.00044e-03,pp1,Na
8.26050e+02,1.00044e-03,pp1,Na
0.00000e+00,6.95961e-04,pp1-f1,Na
3.36060e+02,1.39192e-03,pp1-f1,Na
5.18100e+02,1.13094e-03,pp1-f1,Na
6.09010e+02,1.13094e-03,pp1-f1,Na
7.00100e+02,1.34842e-03,pp1-f1,Na
7.91010e+02,1.08744e-03,pp1-f1,Na
0.00000e+00,6.08966e-04,pp1-f2,Na
9.80900e+01,7.39458e-04,pp1-f2,Na
1.12090e+02,6.95961e-04,pp1-f2,Na
1.26080e+02,6.95961e-04,pp1-f2,Na
1.40050e+02,6.52463e-04,pp1-f2,Na
1.61090e+02,6.95961e-04,pp1-f2,Na
1.96060e+02,6.52463e-04,pp1-f2,Na
2.24060e+02,6.52463e-04,pp1-f2,Na
2.52040e+02,6.52463e-04,pp1-f2,Na
2.80080e+02,6.52463e-04,pp1-f2,Na
3.08080e+02,6.95961e-04,pp1-f2,Na
3.36080e+02,6.95961e-04,pp1-f2,Na
3.64080e+02,6.95961e-04,pp1-f2,Na
4.55050e+02,6.95961e-04,pp1-f2,Na
5.18090e+02,6.95961e-04,pp1-f2,Na
6.09010e+02,9.56946e-04,pp1-f2,Na
6.18060e+02,1.08744e-03,pp1-f2,Na
6.18090e+02,1.04394e-03,pp1-f2,Na
7.00090e+02,9.13449e-04,pp1-f2,Na
7.91040e+02,1.30493e-03,pp1-f2,Na
0.00000e+00,6.08966e-04,pp1-f3,Na
3.36060e+02,6.52463e-04,pp1-f3,Na
5.18090e+02,1.13094e-03,pp1-f3,Na
6.09010e+02,9.56946e-04,pp1-f3,Na
6.18050e+02,1.04394e-03,pp1-f3,Na
6.18080e+02,1.00044e-03,pp1-f3,Na
7.00060e+02,8.69951e-04,pp1-f3,Na
7.91020e+02,8.69951e-04,pp1-f3,Na
0.00000e+00,1.13094e-03,wp1-f1,Na
3.64060e+02,1.00044e-03,wp1-f1,Na
0.00000e+00,1.08744e-03,wp1-f2,Na
1.40020e+02,1.60941e-03,wp1-f2,Na
1.96060e+02,1.39192e-03,wp1-f2,Na
2.52010e+02,1.26143e-03,wp1-f2,Na
3.36060e+02,1.13094e-03,wp1-f2,Na
5.18060e+02,2.04439e-03,wp1-f2,Na
5.74050e+02,1.52241e-03,wp1-f2,Na
6.18020e+02,1.04394e-03,wp1-f2,Na
6.44090e+02,1.13094e-03,wp1-f2,Na
7.00060e+02,1.13094e-03,wp1-f2,Na
7.56040e+02,1.13094e-03,wp1-f2,Na
8.26020e+02,1.60941e-03,wp1-f2,Na
0.00000e+00,6.08966e-04,wp1-f3,Na
6.14000e+00,6.52463e-04,wp1-f3,Na
1.00500e+01,6.08966e-04,wp1-f3,Na
1.41300e+01,6.08966e-04,wp1-f3,Na
2.10600e+01,6.08966e-04,wp1-f3,Na
2.80100e+01,6.08966e-04,wp1-f3,Na
3.50600e+01,6.08966e-04,wp1-f3,Na
4.20600e+01,9.56946e-04,wp1-f3,Na
5.71200e+01,1.13094e-03,wp1-f3,Na
7.00900e+01,1.91389e-03,wp1-f3,Na
8.51300e+01,2.08788e-03,wp1-f3,Na
9.80600e+01,2.08788e-03,wp1-f3,Na
1.12050e+02,1.95739e-03,wp1-f3,Na
1.40020e+02,1.65291e-03,wp1-f3,Na
1.96050e+02,1.56591e-03,wp1-f3,Na
2.52010e+02,1.21793e-03,wp1-f3,Na
3.08060e+02,1.04394e-03,wp1-f3,Na
3.64060e+02,1.17443e-03,wp1-f3,Na
4.19050e+02,1.08744e-03,wp1-f3,Na
4.90040e+02,1.47892e-03,wp1-f3,Na
5.18060e+02,1.91389e-03,wp1-f3,Na
6.09000e+02,1.04394e-03,wp1-f3,Na
7.00060e+02,1.13094e-03,wp1-f3,Na
7.91010e+02,1.47892e-03,wp1-f3,Na
0.00000e+00,6.52463e-04,wp1-f4,Na
4.20600e+01,6.52463e-04,wp1-f4,Na
5.60500e+01,9.13449e-04,wp1-f4,Na
7.00600e+01,2.00089e-03,wp1-f4,Na
8.40600e+01,2.21837e-03,wp1-f4,Na
9.80500e+01,2.13138e-03,wp1-f4,Na
1.12040e+02,2.04439e-03,wp1-f4,Na
1.26060e+02,1.91389e-03,wp1-f4,Na
1.40010e+02,1.60941e-03,wp1-f4,Na
1.61060e+02,1.78340e-03,wp1-f4,Na
1.96050e+02,1.82690e-03,wp1-f4,Na
2.24060e+02,1.08744e-03,wp1-f4,Na
2.52000e+02,1.08744e-03,wp1-f4,Na
2.80060e+02,1.39192e-03,wp1-f4,Na
3.08060e+02,1.04394e-03,wp1-f4,Na
3.36050e+02,1.00044e-03,wp1-f4,Na
3.64060e+02,1.26143e-03,wp1-f4,Na
4.19040e+02,1.21793e-03,wp1-f4,Na
4.90020e+02,1.56591e-03,wp1-f4,Na
5.18080e+02,1.95739e-03,wp1-f4,Na
5.74050e+02,1.60941e-03,wp1-f4,Na
6.44080e+02,1.08744e-03,wp1-f4,Na
7.00050e+02,1.13094e-03,wp1-f4,Na
7.56020e+02,1.21793e-03,wp1-f4,Na
8.26020e+02,1.65291e-03,wp1-f4,Na
0.00000e+00,6.95961e-04,wp1-f5,Na
1.96050e+02,6.95961e-04,wp1-f5,Na
6.18010e+02,7.82956e-04,wp1-f5,Na
6.18040e+02,7.82956e-04,wp1-f5,Na
7.00050e+02,7.39458e-04,wp1-f5,Na
0.00000e+00,1.30493e-03,wp2-f1,Na
6.99980e+02,1.13094e-03,wp2-f1,Na
0.00000e+00,6.95961e-04,wp2-f2,Na
5.18010e+02,1.52241e-03,wp2-f2,Na
5.74010e+02,8.69951e-04,wp2-f2,Na
6.44010e+02,1.26143e-03,wp2-f2,Na
7.00010e+02,1.04394e-03,wp2-f2,Na
7.56000e+02,1.52241e-03,wp2-f2,Na
8.26000e+02,1.56591e-03,wp2-f2,Na
0.00000e+00,6.08966e-04,wp2-f3,Na
1.61000e+02,1.04394e-03,wp2-f3,Na
4.90010e+02,1.78340e-03,wp2-f3,Na
5.18010e+02,1.60941e-03,wp2-f3,Na
6.08980e+02,1.26143e-03,wp2-f3,Na
7.00010e+02,1.08744e-03,wp2-f3,Na
7.91050e+02,1.87039e-03,wp2-f3,Na
0.00000e+00,6.52463e-04,wp2-f4,Na
6.08000e+00,6.95961e-04,wp2-f4,Na
9.98000e+00,7.39458e-04,wp2-f4,Na
1.40000e+01,1.73990e-03,wp2-f4,Na
2.09700e+01,1.95739e-03,wp2-f4,Na
2.80200e+01,2.08788e-03,wp2-f4,Na
3.50100e+01,2.00089e-03,wp2-f4,Na
4.20100e+01,2.17488e-03,wp2-f4,Na
5.60200e+01,2.26187e-03,wp2-f4,Na
7.00100e+01,2.17488e-03,wp2-f4,Na
8.40000e+01,1.73990e-03,wp2-f4,Na
9.80200e+01,1.47892e-03,wp2-f4,Na
1.12000e+02,1.73990e-03,wp2-f4,Na
1.26050e+02,2.04439e-03,wp2-f4,Na
1.39980e+02,1.73990e-03,wp2-f4,Na
1.61010e+02,1.08744e-03,wp2-f4,Na
1.96010e+02,1.00044e-03,wp2-f4,Na
2.24010e+02,1.47892e-03,wp2-f4,Na
2.52000e+02,9.56946e-04,wp2-f4,Na
2.80000e+02,1.00044e-03,wp2-f4,Na
3.08020e+02,1.21793e-03,wp2-f4,Na
3.36010e+02,1.00044e-03,wp2-f4,Na
3.64010e+02,1.21793e-03,wp2-f4,Na
4.19020e+02,1.21793e-03,wp2-f4,Na
4.90000e+02,1.78340e-03,wp2-f4,Na
5.18010e+02,1.56591e-03,wp2-f4,Na
5.74010e+02,8.69951e-04,wp2-f4,Na
6.44020e+02,1.17443e-03,wp2-f4,Na
7.00100e+02,1.08744e-03,wp2-f4,Na
7.56000e+02,1.47892e-03,wp2-f4,Na
8.25980e+02,1.17443e-03,wp2-f4,Na
0.00000e+00,6.52463e-04,wp2-f5,Na
1.96010e+02,9.13449e-04,wp2-f5,Na
5.18020e+02,9.56946e-04,wp2-f5,Na
6.09000e+02,1.17443e-03,wp2-f5,Na
7.00000e+02,1.13094e-03,wp2-f5,Na
7.91000e+02,1.17443e-03,wp2-f5,Na
0.00000e+00,1.26143e-03,wp3-f1,Na
1.61010e+02,1.08744e-03,wp3-f1,Na
7.00020e+02,1.13094e-03,wp3-f1,Na
0.00000e+00,6.95961e-04,wp3-f2,Na
1.61060e+02,1.00044e-03,wp3-f2,Na
5.18050e+02,1.30493e-03,wp3-f2,Na
5.74040e+02,9.13449e-04,wp3-f2,Na
6.44050e+02,1.21793e-03,wp3-f2,Na
7.00050e+02,1.13094e-03,wp3-f2,Na
7.56010e+02,1.39192e-03,wp3-f2,Na
8.26000e+02,1.26143e-03,wp3-f2,Na
0.00000e+00,6.08966e-04,wp3-f3,Na
2.06000e+00,6.08966e-04,wp3-f3,Na
6.13000e+00,1.65291e-03,wp3-f3,Na
1.00200e+01,1.95739e-03,wp3-f3,Na
1.41000e+01,1.95739e-03,wp3-f3,Na
2.10200e+01,1.95739e-03,wp3-f3,Na
2.79700e+01,2.08788e-03,wp3-f3,Na
3.50500e+01,2.08788e-03,wp3-f3,Na
4.20500e+01,2.04439e-03,wp3-f3,Na
5.71400e+01,2.04439e-03,wp3-f3,Na
7.00500e+01,2.26187e-03,wp3-f3,Na
8.40200e+01,1.56591e-03,wp3-f3,Na
9.80500e+01,1.56591e-03,wp3-f3,Na
1.12020e+02,1.95739e-03,wp3-f3,Na
1.26060e+02,1.87039e-03,wp3-f3,Na
1.40000e+02,1.82690e-03,wp3-f3,Na
1.61040e+02,1.00044e-03,wp3-f3,Na
1.96020e+02,1.13094e-03,wp3-f3,Na
2.24050e+02,1.39192e-03,wp3-f3,Na
2.52020e+02,8.69951e-04,wp3-f3,Na
2.80020e+02,1.04394e-03,wp3-f3,Na
3.08060e+02,1.30493e-03,wp3-f3,Na
3.36050e+02,1.17443e-03,wp3-f3,Na
3.64050e+02,1.39192e-03,wp3-f3,Na
4.19010e+02,1.43542e-03,wp3-f3,Na
4.90020e+02,1.69640e-03,wp3-f3,Na
5.18050e+02,1.30493e-03,wp3-f3,Na
5.74020e+02,9.56946e-04,wp3-f3,Na
6.18010e+02,1.39192e-03,wp3-f3,Na
6.17980e+02,1.34842e-03,wp3-f3,Na
6.44050e+02,1.26143e-03,wp3-f3,Na
7.00040e+02,1.08744e-03,wp3-f3,Na
7.56020e+02,1.43542e-03,wp3-f3,Na
8.26010e+02,1.30493e-03,wp3-f3,Na
0.00000e+00,6.95961e-04,wp3-f4,Na
2.05000e+00,6.08966e-04,wp3-f4,Na
6.13000e+00,1.56591e-03,wp3-f4,Na
1.00100e+01,1.91389e-03,wp3-f4,Na
1.40500e+01,1.95739e-03,wp3-f4,Na
2.10200e+01,2.00089e-03,wp3-f4,Na
2.79700e+01,2.08788e-03,wp3-f4,Na
3.50200e+01,2.21837e-03,wp3-f4,Na
4.20400e+01,2.08788e-03,wp3-f4,Na
5.71500e+01,2.13138e-03,wp3-f4,Na
7.00500e+01,2.26187e-03,wp3-f4,Na
8.40200e+01,1.56591e-03,wp3-f4,Na
9.80400e+01,1.56591e-03,wp3-f4,Na
1.12010e+02,2.00089e-03,wp3-f4,Na
1.26050e+02,1.87039e-03,wp3-f4,Na
1.40000e+02,1.82690e-03,wp3-f4,Na
1.61020e+02,1.00044e-03,wp3-f4,Na
1.96020e+02,1.13094e-03,wp3-f4,Na
2.24040e+02,1.39192e-03,wp3-f4,Na
2.52010e+02,8.69951e-04,wp3-f4,Na
2.80020e+02,1.08744e-03,wp3-f4,Na
3.08050e+02,1.30493e-03,wp3-f4,Na
3.36040e+02,1.08744e-03,wp3-f4,Na
3.64010e+02,1.43542e-03,wp3-f4,Na
4.19010e+02,1.47892e-03,wp3-f4,Na
4.90010e+02,1.73990e-03,wp3-f4,Na
5.18040e+02,1.26143e-03,wp3-f4,Na
5.74020e+02,9.13449e-04,wp3-f4,Na
6.44040e+02,1.21793e-03,wp3-f4,Na
7.00040e+02,1.04394e-03,wp3-f4,Na
7.56010e+02,1.43542e-03,wp3-f4,Na
8.26010e+02,1.26143e-03,wp3-f4,Na
0.00000e+00,6.52463e-04,wp3-f5,Na
1.61020e+02,1.08744e-03,wp3-f5,Na
5.74020e+02,9.13449e-04,wp3-f5,Na
7.00020e+02,1.00044e-03,wp3-f5,Na
8.26010e+02,1.39192e-03,wp3-f5,Na
0.00000e+00,1.00044e-03,wp4-f1,Na
0.00000e+00,6.52463e-04,wp4-f5,Na
5.18000e+02,1.87039e-03,wp4-f5,Na
6.08980e+02,9.56946e-04,wp4-f5,Na
6.99980e+02,1.00044e-03,wp4-f5,Na
7.91000e+02,1.47892e-03,wp4-f5,Na
2.10000e+00,2.66130e-04,influent,NO3
6.05000e+00,2.41940e-04,influent,NO3
1.00600e+01,2.41940e-04,influent,NO3
1.41300e+01,2.50000e-04,influent,NO3
2.10600e+01,2.41940e-04,influent,NO3
2.80600e+01,2.58060e-04,influent,NO3
3.50800e+01,2.50000e-04,influent,NO3
4.20600e+01,2.98390e-04,influent,NO3
5.60600e+01,2.41940e-04,influent,NO3
7.01000e+01,2.66130e-04,influent,NO3
8.51700e+01,2.82260e-04,influent,NO3
9.81000e+01,3.38710e-04,influent,NO3
1.12100e+02,3.30650e-04,influent,NO3
1.26100e+02,3.30650e-04,influent,NO3
1.40060e+02,4.03230e-04,influent,NO3
1.61100e+02,4.03230e-04,influent,NO3
1.96090e+02,3.54840e-04,influent,NO3
2.24090e+02,4.67740e-04,influent,NO3
2.52060e+02,4.03230e-04,influent,NO3
2.80100e+02,3.22580e-04,influent,NO3
3.08090e+02,3.22580e-04,influent,NO3
3.36090e+02,3.14520e-04,influent,NO3
3.64090e+02,2.98390e-04,influent,NO3
3.92050e+02,2.41940e-04,influent,NO3
4.19940e+02,2.41940e-04,influent,NO3
4.55000e+02,2.50000e-04,influent,NO3
4.90060e+02,3.62900e-04,influent,NO3
5.18100e+02,3.87100e-04,influent,NO3
5.46050e+02,4.51610e-04,influent,NO3
5.74060e+02,4.03230e-04,influent,NO3
6.09020e+02,5.48390e-04,influent,NO3
6.44100e+02,4.19350e-04,influent,NO3
6.72020e+02,3.54840e-04,influent,NO3
7.00100e+02,3.14520e-04,influent,NO3
7.28020e+02,3.30650e-04,influent,NO3
7.56050e+02,3.46770e-04,influent,NO3
7.91050e+02,3.46770e-04,influent,NO3
8.26060e+02,4.35480e-04,influent,NO3
8.54020e+02,3.79030e-04,influent,NO3
1.01000e+00,4.03230e-06,pp1,NO3
2.80900e+01,4.03230e-06,pp1,NO3
8.51500e+01,4.03230e-06,pp1,NO3
9.80900e+01,4.03230e-06,pp1,NO3
1.12090e+02,4.03230e-06,pp1,NO3
1.26090e+02,4.03230e-06,pp1,NO3
1.40060e+02,4.03230e-06,pp1,NO3
1.61100e+02,4.03230e-06,pp1,NO3
1.96060e+02,4.03230e-06,pp1,NO3
2.24090e+02,4.03230e-06,pp1,NO3
2.52050e+02,4.03230e-06,pp1,NO3
2.80090e+02,4.03230e-06,pp1,NO3
3.08090e+02,4.03230e-06,pp1,NO3
3.36090e+02,4.03230e-06,pp1,NO3
3.64090e+02,4.03230e-06,pp1,NO3
4.19060e+02,0.00000e+00,pp1,NO3
4.90050e+02,0.00000e+00,pp1,NO3
5.18100e+02,0.00000e+00,pp1,NO3
5.74050e+02,0.00000e+00,pp1,NO3
6.44090e+02,0.00000e+00,pp1,NO3
7.00090e+02,0.00000e+00,pp1,NO3
7.56050e+02,0.00000e+00,pp1,NO3
8.26050e+02,0.00000e+00,pp1,NO3
0.00000e+00,4.03230e-06,pp1-f1,NO3
5.17980e+02,0.00000e+00,pp1-f1,NO3
7.00000e+02,0.00000e+00,pp1-f1,NO3
0.00000e+00,4.03230e-06,pp1-f1,NO3
1.96000e+02,1.30650e-04,pp1-f1,NO3
0.00000e+00,4.03230e-06,pp1-f1,NO3
1.12100e+02,4.03230e-06,pp1-f1,NO3
1.61090e+02,4.03230e-06,pp1-f1,NO3
2.52040e+02,4.03230e-06,pp1-f1,NO3
3.36060e+02,4.03230e-06,pp1-f1,NO3
4.90080e+02,0.00000e+00,pp1-f1,NO3
5.18100e+02,0.00000e+00,pp1-f1,NO3
6.09010e+02,0.00000e+00,pp1-f1,NO3
7.00100e+02,0.00000e+00,pp1-f1,NO3
7.91010e+02,0.00000e+00,pp1-f1,NO3
0.00000e+00,4.03230e-06,pp1-f2,NO3
8.51400e+01,4.03230e-06,pp1-f2,NO3
9.80900e+01,4.03230e-06,pp1-f2,NO3
1.12090e+02,4.03230e-06,pp1-f2,NO3
1.26080e+02,4.03230e-06,pp1-f2,NO3
1.40050e+02,4.03230e-06,pp1-f2,NO3
1.61090e+02,4.03230e-06,pp1-f2,NO3
1.96060e+02,4.03230e-06,pp1-f2,NO3
2.24060e+02,2.09680e-05,pp1-f2,NO3
2.52040e+02,4.03230e-06,pp1-f2,NO3
2.80080e+02,4.03230e-06,pp1-f2,NO3
3.08080e+02,4.03230e-06,pp1-f2,NO3
3.36080e+02,4.03230e-06,pp1-f2,NO3
3.64080e+02,4.03230e-06,pp1-f2,NO3
4.55050e+02,0.00000e+00,pp1-f2,NO3
5.18090e+02,0.00000e+00,pp1-f2,NO3
6.09010e+02,0.00000e+00,pp1-f2,NO3
6.18060e+02,0.00000e+00,pp1-f2,NO3
6.18090e+02,0.00000e+00,pp1-f2,NO3
7.00090e+02,0.00000e+00,pp1-f2,NO3
7.91040e+02,0.00000e+00,pp1-f2,NO3
0.00000e+00,4.03230e-06,pp1-f3,NO3
9.80600e+01,4.03230e-06,pp1-f3,NO3
1.12090e+02,4.03230e-06,pp1-f3,NO3
1.61090e+02,4.03230e-06,pp1-f3,NO3
2.52020e+02,4.03230e-06,pp1-f3,NO3
3.36060e+02,4.03230e-05,pp1-f3,NO3
4.90050e+02,0.00000e+00,pp1-f3,NO3
5.18090e+02,0.00000e+00,pp1-f3,NO3
6.09010e+02,0.00000e+00,pp1-f3,NO3
6.18050e+02,0.00000e+00,pp1-f3,NO3
6.18080e+02,0.00000e+00,pp1-f3,NO3
7.00060e+02,0.00000e+00,pp1-f3,NO3
7.91020e+02,0.00000e+00,pp1-f3,NO3
0.00000e+00,4.03230e-06,wp1-f1,NO3
1.12050e+02,4.03230e-06,wp1-f1,NO3
1.40010e+02,4.03230e-06,wp1-f1,NO3
1.96050e+02,4.03230e-06,wp1-f1,NO3
2.80060e+02,4.03230e-06,wp1-f1,NO3
3.64060e+02,4.03230e-06,wp1-f1,NO3
5.18050e+02,0.00000e+00,wp1-f1,NO3
7.00060e+02,0.00000e+00,wp1-f1,NO3
0.00000e+00,4.03230e-06,wp1-f2,NO3
1.12050e+02,1.12900e-05,wp1-f2,NO3
1.26060e+02,4.03230e-06,wp1-f2,NO3
1.40020e+02,4.03230e-06,wp1-f2,NO3
1.96060e+02,9.67740e-06,wp1-f2,NO3
2.52010e+02,4.03230e-06,wp1-f2,NO3
3.36060e+02,4.03230e-06,wp1-f2,NO3
4.55050e+02,0.00000e+00,wp1-f2,NO3
5.18060e+02,0.00000e+00,wp1-f2,NO3
5.74050e+02,0.00000e+00,wp1-f2,NO3
6.18020e+02,0.00000e+00,wp1-f2,NO3
6.44090e+02,0.00000e+00,wp1-f2,NO3
7.00060e+02,0.00000e+00,wp1-f2,NO3
7.56040e+02,0.00000e+00,wp1-f2,NO3
8.26020e+02,0.00000e+00,wp1-f2,NO3
0.00000e+00,4.03230e-06,wp1-f3,NO3
6.14000e+00,4.03230e-06,wp1-f3,NO3
1.00500e+01,4.03230e-06,wp1-f3,NO3
1.41300e+01,4.03230e-06,wp1-f3,NO3
2.10600e+01,4.03230e-06,wp1-f3,NO3
2.80100e+01,4.03230e-06,wp1-f3,NO3
3.50600e+01,2.41940e-05,wp1-f3,NO3
4.20600e+01,2.74190e-05,wp1-f3,NO3
5.71200e+01,4.03230e-05,wp1-f3,NO3
7.00900e+01,9.67740e-05,wp1-f3,NO3
8.51300e+01,7.58060e-05,wp1-f3,NO3
9.80600e+01,4.67740e-05,wp1-f3,NO3
1.12050e+02,8.87100e-05,wp1-f3,NO3
1.40020e+02,1.20970e-04,wp1-f3,NO3
1.96050e+02,1.25810e-04,wp1-f3,NO3
2.52010e+02,2.58060e-04,wp1-f3,NO3
3.08060e+02,2.25810e-04,wp1-f3,NO3
3.64060e+02,3.38710e-05,wp1-f3,NO3
4.19050e+02,0.00000e+00,wp1-f3,NO3
4.90040e+02,0.00000e+00,wp1-f3,NO3
5.18060e+02,5.32260e-05,wp1-f3,NO3
6.09000e+02,3.06450e-04,wp1-f3,NO3
7.00060e+02,2.90320e-04,wp1-f3,NO3
7.91010e+02,1.37100e-04,wp1-f3,NO3
0.00000e+00,4.03230e-06,wp1-f4,NO3
2.80100e+01,4.03230e-06,wp1-f4,NO3
3.50500e+01,4.03230e-06,wp1-f4,NO3
4.20600e+01,1.61290e-05,wp1-f4,NO3
5.60500e+01,1.61290e-05,wp1-f4,NO3
7.00600e+01,4.03230e-06,wp1-f4,NO3
8.40600e+01,1.45160e-05,wp1-f4,NO3
9.80500e+01,8.06450e-06,wp1-f4,NO3
1.12040e+02,9.67740e-06,wp1-f4,NO3
1.26060e+02,2.09680e-05,wp1-f4,NO3
1.40010e+02,2.74190e-05,wp1-f4,NO3
1.61060e+02,9.67740e-05,wp1-f4,NO3
1.96050e+02,5.64520e-05,wp1-f4,NO3
2.24060e+02,1.85480e-04,wp1-f4,NO3
2.52000e+02,2.09680e-04,wp1-f4,NO3
2.80060e+02,2.58060e-04,wp1-f4,NO3
3.08060e+02,2.58060e-04,wp1-f4,NO3
3.36050e+02,1.20970e-04,wp1-f4,NO3
3.64060e+02,4.03230e-06,wp1-f4,NO3
4.19040e+02,0.00000e+00,wp1-f4,NO3
4.90020e+02,0.00000e+00,wp1-f4,NO3
5.18080e+02,0.00000e+00,wp1-f4,NO3
5.74050e+02,6.77420e-05,wp1-f4,NO3
6.44080e+02,6.45160e-05,wp1-f4,NO3
7.00050e+02,0.00000e+00,wp1-f4,NO3
7.56020e+02,0.00000e+00,wp1-f4,NO3
8.26020e+02,0.00000e+00,wp1-f4,NO3
0.00000e+00,4.03230e-06,wp1-f5,NO3
1.12040e+02,4.03230e-06,wp1-f5,NO3
1.40010e+02,4.03230e-06,wp1-f5,NO3
1.96050e+02,4.03230e-06,wp1-f5,NO3
2.80060e+02,4.03230e-06,wp1-f5,NO3
3.64050e+02,4.03230e-06,wp1-f5,NO3
5.18090e+02,0.00000e+00,wp1-f5,NO3
6.18010e+02,0.00000e+00,wp1-f5,NO3
6.18040e+02,0.00000e+00,wp1-f5,NO3
7.00050e+02,0.00000e+00,wp1-f5,NO3
0.00000e+00,4.03230e-06,wp2-f1,NO3
7.00200e+01,4.03230e-06,wp2-f1,NO3
1.26040e+02,4.03230e-06,wp2-f1,NO3
1.96000e+02,9.67740e-06,wp2-f1,NO3
3.08020e+02,4.03230e-06,wp2-f1,NO3
4.90010e+02,0.00000e+00,wp2-f1,NO3
5.17980e+02,0.00000e+00,wp2-f1,NO3
6.99980e+02,0.00000e+00,wp2-f1,NO3
0.00000e+00,4.03230e-06,wp2-f2,NO3
2.80500e+01,1.93550e-04,wp2-f2,NO3
4.20100e+01,1.85480e-04,wp2-f2,NO3
7.00200e+01,7.09680e-05,wp2-f2,NO3
9.80200e+01,8.06450e-05,wp2-f2,NO3
1.26100e+02,7.90320e-05,wp2-f2,NO3
1.96020e+02,2.17740e-04,wp2-f2,NO3
3.08020e+02,8.87100e-05,wp2-f2,NO3
4.55010e+02,2.25810e-05,wp2-f2,NO3
5.18010e+02,1.53230e-04,wp2-f2,NO3
5.74010e+02,2.33870e-04,wp2-f2,NO3
6.44010e+02,1.85480e-04,wp2-f2,NO3
7.00010e+02,4.67740e-05,wp2-f2,NO3
7.56000e+02,6.77420e-05,wp2-f2,NO3
8.26000e+02,1.69350e-04,wp2-f2,NO3
0.00000e+00,4.03230e-06,wp2-f3,NO3
6.09000e+00,1.69350e-04,wp2-f3,NO3
1.40100e+01,2.33870e-04,wp2-f3,NO3
2.09800e+01,2.01610e-04,wp2-f3,NO3
2.80400e+01,2.09680e-04,wp2-f3,NO3
5.60200e+01,2.41940e-04,wp2-f3,NO3
8.40000e+01,2.25810e-04,wp2-f3,NO3
1.11980e+02,2.50000e-04,wp2-f3,NO3
1.61000e+02,4.35480e-04,wp2-f3,NO3
2.24020e+02,4.51610e-04,wp2-f3,NO3
2.80010e+02,3.62900e-04,wp2-f3,NO3
3.36010e+02,3.06450e-04,wp2-f3,NO3
4.19020e+02,1.77420e-04,wp2-f3,NO3
4.90010e+02,3.22580e-04,wp2-f3,NO3
5.18010e+02,3.46770e-04,wp2-f3,NO3
6.08980e+02,4.19350e-04,wp2-f3,NO3
7.00010e+02,3.14520e-04,wp2-f3,NO3
7.91050e+02,2.74190e-04,wp2-f3,NO3
0.00000e+00,4.03230e-06,wp2-f4,NO3
6.08000e+00,4.03230e-06,wp2-f4,NO3
9.98000e+00,1.29030e-04,wp2-f4,NO3
1.40000e+01,2.09680e-04,wp2-f4,NO3
2.09700e+01,1.69350e-04,wp2-f4,NO3
2.80200e+01,1.12900e-04,wp2-f4,NO3
3.50100e+01,1.69350e-04,wp2-f4,NO3
4.20100e+01,1.61290e-04,wp2-f4,NO3
5.60200e+01,2.17740e-04,wp2-f4,NO3
7.00100e+01,2.09680e-04,wp2-f4,NO3
8.40000e+01,2.01610e-04,wp2-f4,NO3
9.80200e+01,2.25810e-04,wp2-f4,NO3
1.12000e+02,2.17740e-04,wp2-f4,NO3
1.26050e+02,2.17740e-04,wp2-f4,NO3
1.39980e+02,2.66130e-04,wp2-f4,NO3
1.61010e+02,3.95160e-04,wp2-f4,NO3
1.96010e+02,3.06450e-04,wp2-f4,NO3
2.24010e+02,3.87100e-04,wp2-f4,NO3
2.52000e+02,3.79030e-04,wp2-f4,NO3
2.80000e+02,3.06450e-04,wp2-f4,NO3
3.08020e+02,2.50000e-04,wp2-f4,NO3
3.36010e+02,1.69350e-04,wp2-f4,NO3
3.64010e+02,1.29030e-04,wp2-f4,NO3
4.19020e+02,5.64520e-05,wp2-f4,NO3
4.90000e+02,2.90320e-04,wp2-f4,NO3
5.18010e+02,3.14520e-04,wp2-f4,NO3
5.74010e+02,3.95160e-04,wp2-f4,NO3
6.44020e+02,3.79030e-04,wp2-f4,NO3
7.00100e+02,2.98390e-04,wp2-f4,NO3
7.56000e+02,2.90320e-04,wp2-f4,NO3
8.25980e+02,3.54840e-04,wp2-f4,NO3
0.00000e+00,4.03230e-06,wp2-f5,NO3
2.80100e+01,4.03230e-06,wp2-f5,NO3
4.20000e+01,1.93550e-05,wp2-f5,NO3
7.00100e+01,4.03230e-06,wp2-f5,NO3
9.80100e+01,4.03230e-06,wp2-f5,NO3
1.26040e+02,4.03230e-06,wp2-f5,NO3
1.96010e+02,1.45160e-05,wp2-f5,NO3
3.08010e+02,4.03230e-06,wp2-f5,NO3
4.55010e+02,1.77420e-05,wp2-f5,NO3
5.18020e+02,0.00000e+00,wp2-f5,NO3
6.09000e+02,0.00000e+00,wp2-f5,NO3
7.00000e+02,0.00000e+00,wp2-f5,NO3
7.91000e+02,0.00000e+00,wp2-f5,NO3
0.00000e+00,4.03230e-06,wp3-f1,NO3
1.00500e+01,4.03230e-06,wp3-f1,NO3
1.41100e+01,4.03230e-06,wp3-f1,NO3
2.10500e+01,4.03230e-06,wp3-f1,NO3
2.79800e+01,4.03230e-06,wp3-f1,NO3
5.71200e+01,4.03230e-06,wp3-f1,NO3
8.40500e+01,4.03230e-06,wp3-f1,NO3
1.12010e+02,4.03230e-06,wp3-f1,NO3
1.61010e+02,3.22580e-05,wp3-f1,NO3
2.24040e+02,1.29030e-05,wp3-f1,NO3
2.80010e+02,4.03230e-06,wp3-f1,NO3
3.36020e+02,4.03230e-06,wp3-f1,NO3
4.55020e+02,0.00000e+00,wp3-f1,NO3
5.18020e+02,0.00000e+00,wp3-f1,NO3
7.00020e+02,0.00000e+00,wp3-f1,NO3
0.00000e+00,4.03230e-06,wp3-f2,NO3
2.06000e+00,4.03230e-06,wp3-f2,NO3
6.14000e+00,1.93550e-04,wp3-f2,NO3
1.00400e+01,2.33870e-04,wp3-f2,NO3
1.41000e+01,2.17740e-04,wp3-f2,NO3
2.10500e+01,2.09680e-04,wp3-f2,NO3
2.79800e+01,2.25810e-04,wp3-f2,NO3
5.71400e+01,1.37100e-04,wp3-f2,NO3
8.40400e+01,1.45160e-04,wp3-f2,NO3
1.12020e+02,1.53230e-04,wp3-f2,NO3
1.61060e+02,3.30650e-04,wp3-f2,NO3
2.24050e+02,3.70970e-04,wp3-f2,NO3
2.80050e+02,3.30650e-04,wp3-f2,NO3
3.36050e+02,1.61290e-04,wp3-f2,NO3
4.55040e+02,2.33870e-04,wp3-f2,NO3
5.18050e+02,2.98390e-04,wp3-f2,NO3
5.74040e+02,3.38710e-04,wp3-f2,NO3
6.44050e+02,3.22580e-04,wp3-f2,NO3
7.00050e+02,1.77420e-04,wp3-f2,NO3
7.56010e+02,2.09680e-04,wp3-f2,NO3
8.26000e+02,3.30650e-04,wp3-f2,NO3
0.00000e+00,4.03230e-06,wp3-f3,NO3
2.06000e+00,4.03230e-06,wp3-f3,NO3
6.13000e+00,2.33870e-04,wp3-f3,NO3
1.00200e+01,2.50000e-04,wp3-f3,NO3
1.41000e+01,2.25810e-04,wp3-f3,NO3
2.10200e+01,2.09680e-04,wp3-f3,NO3
2.79700e+01,2.41940e-04,wp3-f3,NO3
3.50500e+01,2.33870e-04,wp3-f3,NO3
4.20500e+01,2.25810e-04,wp3-f3,NO3
5.71400e+01,2.25810e-04,wp3-f3,NO3
7.00500e+01,2.17740e-04,wp3-f3,NO3
8.40200e+01,2.74190e-04,wp3-f3,NO3
9.80500e+01,3.22580e-04,wp3-f3,NO3
1.12020e+02,2.90320e-04,wp3-f3,NO3
1.26060e+02,2.74190e-04,wp3-f3,NO3
1.40000e+02,3.30650e-04,wp3-f3,NO3
1.61040e+02,3.95160e-04,wp3-f3,NO3
1.96020e+02,3.38710e-04,wp3-f3,NO3
2.24050e+02,3.38710e-04,wp3-f3,NO3
2.52020e+02,3.95160e-04,wp3-f3,NO3
2.80020e+02,2.41940e-04,wp3-f3,NO3
3.08060e+02,3.06450e-04,wp3-f3,NO3
3.36050e+02,2.98390e-04,wp3-f3,NO3
3.64050e+02,3.14520e-04,wp3-f3,NO3
4.19010e+02,1.85480e-04,wp3-f3,NO3
4.90020e+02,3.22580e-04,wp3-f3,NO3
5.18050e+02,3.62900e-04,wp3-f3,NO3
5.74020e+02,3.95160e-04,wp3-f3,NO3
6.18010e+02,4.51610e-04,wp3-f3,NO3
6.17980e+02,4.35480e-04,wp3-f3,NO3
6.44050e+02,4.19350e-04,wp3-f3,NO3
7.00040e+02,3.14520e-04,wp3-f3,NO3
7.56020e+02,3.14520e-04,wp3-f3,NO3
8.26010e+02,4.03230e-04,wp3-f3,NO3
0.00000e+00,4.03230e-06,wp3-f4,NO3
2.05000e+00,4.03230e-06,wp3-f4,NO3
6.13000e+00,2.01610e-04,wp3-f4,NO3
1.00100e+01,2.33870e-04,wp3-f4,NO3
1.40500e+01,1.93550e-04,wp3-f4,NO3
2.10200e+01,1.69350e-04,wp3-f4,NO3
2.79700e+01,2.09680e-04,wp3-f4,NO3
3.50200e+01,2.17740e-04,wp3-f4,NO3
4.20400e+01,2.25810e-04,wp3-f4,NO3
5.71500e+01,2.17740e-04,wp3-f4,NO3
7.00500e+01,2.01610e-04,wp3-f4,NO3
8.40200e+01,2.41940e-04,wp3-f4,NO3
9.80400e+01,2.74190e-04,wp3-f4,NO3
1.12010e+02,2.50000e-04,wp3-f4,NO3
1.26050e+02,2.41940e-04,wp3-f4,NO3
1.40000e+02,3.14520e-04,wp3-f4,NO3
1.61020e+02,3.87100e-04,wp3-f4,NO3
1.96020e+02,3.30650e-04,wp3-f4,NO3
2.24040e+02,4.19350e-04,wp3-f4,NO3
2.52010e+02,3.87100e-04,wp3-f4,NO3
2.80020e+02,3.38710e-04,wp3-f4,NO3
3.08050e+02,3.06450e-04,wp3-f4,NO3
3.36040e+02,3.06450e-04,wp3-f4,NO3
3.64010e+02,3.06450e-04,wp3-f4,NO3
4.19010e+02,1.53230e-04,wp3-f4,NO3
4.90010e+02,3.22580e-04,wp3-f4,NO3
5.18040e+02,3.54840e-04,wp3-f4,NO3
5.74020e+02,3.87100e-04,wp3-f4,NO3
6.44040e+02,4.03230e-04,wp3-f4,NO3
7.00040e+02,3.22580e-04,wp3-f4,NO3
7.56010e+02,3.06450e-04,wp3-f4,NO3
8.26010e+02,4.03230e-04,wp3-f4,NO3
0.00000e+00,4.03230e-06,wp3-f5,NO3
6.11000e+00,1.85480e-04,wp3-f5,NO3
1.00100e+01,2.01610e-04,wp3-f5,NO3
1.40500e+01,1.69350e-04,wp3-f5,NO3
2.10100e+01,1.45160e-04,wp3-f5,NO3
2.79600e+01,1.77420e-04,wp3-f5,NO3
5.71300e+01,1.61290e-04,wp3-f5,NO3
8.40200e+01,1.93550e-04,wp3-f5,NO3
1.12010e+02,2.01610e-04,wp3-f5,NO3
1.61020e+02,3.06450e-04,wp3-f5,NO3
2.80010e+02,3.06450e-04,wp3-f5,NO3
3.36020e+02,2.66130e-04,wp3-f5,NO3
4.55020e+02,1.93550e-04,wp3-f5,NO3
5.18020e+02,3.38710e-04,wp3-f5,NO3
5.74020e+02,3.79030e-04,wp3-f5,NO3
6.44020e+02,3.87100e-04,wp3-f5,NO3
7.00020e+02,2.58060e-04,wp3-f5,NO3
7.56010e+02,2.82260e-04,wp3-f5,NO3
8.26010e+02,3.62900e-04,wp3-f5,NO3
0.00000e+00,4.03230e-06,wp4-f1,NO3
5.17980e+02,0.00000e+00,wp4-f1,NO3
7.00000e+02,0.00000e+00,wp4-f1,NO3
0.00000e+00,4.03230e-06,wp4-f5,NO3
1.96000e+02,1.30650e-04,wp4-f5,NO3
2.10000e+00,5.18750e-04,influent,O0
6.05000e+00,5.00000e-04,influent,O0
1.00600e+01,5.06250e-04,influent,O0
1.41300e+01,4.56250e-04,influent,O0
2.10600e+01,4.56250e-04,influent,O0
2.80600e+01,4.62500e-04,influent,O0
3.50800e+01,4.43750e-04,influent,O0
4.20600e+01,4.43750e-04,influent,O0
5.60600e+01,5.00000e-04,influent,O0
7.01000e+01,5.31250e-04,influent,O0
8.51700e+01,5.18750e-04,influent,O0
9.81000e+01,5.50000e-04,influent,O0
1.12100e+02,5.68750e-04,influent,O0
1.26100e+02,6.00000e-04,influent,O0
1.40060e+02,7.06250e-04,influent,O0
1.61100e+02,7.12500e-04,influent,O0
1.96090e+02,8.12500e-04,influent,O0
2.24090e+02,6.43750e-04,influent,O0
2.52060e+02,6.06250e-04,influent,O0
2.80100e+02,6.37500e-04,influent,O0
3.08090e+02,5.68750e-04,influent,O0
3.36090e+02,4.25000e-04,influent,O0
3.64090e+02,4.87500e-04,influent,O0
3.92050e+02,3.68750e-04,influent,O0
4.19940e+02,3.50000e-04,influent,O0
4.55000e+02,4.93750e-04,influent,O0
4.90060e+02,5.75000e-04,influent,O0
5.18100e+02,6.43750e-04,influent,O0
5.46050e+02,6.50000e-04,influent,O0
5.74060e+02,7.50000e-04,influent,O0
6.09020e+02,6.18750e-04,influent,O0
6.44100e+02,6.25000e-04,influent,O0
6.72020e+02,3.87500e-04,influent,O0
7.00100e+02,3.81250e-04,influent,O0
7.28020e+02,5.12500e-04,influent,O0
7.56050e+02,5.18750e-04,influent,O0
7.91050e+02,5.25000e-04,influent,O0
8.26060e+02,6.50000e-04,influent,O0
8.54020e+02,6.81250e-04,influent,O0
1.01000e+00,5.62500e-05,pp1,O0
2.80900e+01,1.56250e-05,pp1,O0
8.51500e+01,8.75000e-05,pp1,O0
9.80900e+01,5.62500e-05,pp1,O0
1.12090e+02,1.56250e-05,pp1,O0
1.26090e+02,1.56250e-05,pp1,O0
1.40060e+02,1.56250e-05,pp1,O0
1.61100e+02,1.56250e-05,pp1,O0
1.96060e+02,3.12500e-05,pp1,O0
2.24090e+02,1.56250e-05,pp1,O0
2.52050e+02,1.56250e-05,pp1,O0
2.80090e+02,5.62500e-05,pp1,O0
3.08090e+02,1.56250e-05,pp1,O0
3.36090e+02,1.56250e-05,pp1,O0
3.64090e+02,4.37500e-05,pp1,O0
4.19060e+02,3.12500e-05,pp1,O0
4.90050e+02,3.12500e-05,pp1,O0
5.18100e+02,3.12500e-05,pp1,O0
5.74050e+02,3.12500e-05,pp1,O0
6.44090e+02,3.12500e-05,pp1,O0
7.00090e+02,3.75000e-05,pp1,O0
7.56050e+02,3.12500e-05,pp1,O0
8.26050e+02,3.12500e-05,pp1,O0
0.00000e+00,4.75000e-04,pp1-f1,O0
1.12100e+02,1.62500e-04,pp1-f1,O0
1.61090e+02,1.93750e-04,pp1-f1,O0
5.18100e+02,1.75000e-04,pp1-f1,O0
0.00000e+00,1.56250e-05,pp1-f2,O0
8.51400e+01,8.75000e-05,pp1-f2,O0
9.80900e+01,5.62500e-05,pp1-f2,O0
1.12090e+02,4.37500e-05,pp1-f2,O0
1.26080e+02,1.56250e-05,pp1-f2,O0
1.40050e+02,1.56250e-05,pp1-f2,O0
1.61090e+02,1.56250e-05,pp1-f2,O0
1.96060e+02,5.62500e-05,pp1-f2,O0
2.24060e+02,3.75000e-05,pp1-f2,O0
2.52040e+02,3.75000e-05,pp1-f2,O0
2.80080e+02,5.62500e-05,pp1-f2,O0
3.08080e+02,3.75000e-05,pp1-f2,O0
3.36080e+02,1.56250e-05,pp1-f2,O0
3.64080e+02,5.00000e-05,pp1-f2,O0
4.55050e+02,5.62500e-05,pp1-f2,O0
5.18090e+02,7.50000e-05,pp1-f2,O0
6.09010e+02,4.37500e-05,pp1-f2,O0
6.18060e+02,3.12500e-05,pp1-f2,O0
6.18090e+02,3.12500e-05,pp1-f2,O0
7.00090e+02,5.00000e-05,pp1-f2,O0
7.91040e+02,3.75000e-05,pp1-f2,O0
0.00000e+00,1.56250e-05,pp1-f3,O0
9.80600e+01,5.62500e-05,pp1-f3,O0
1.12090e+02,3.75000e-05,pp1-f3,O0
1.61090e+02,1.56250e-05,pp1-f3,O0
2.52020e+02,1.56250e-05,pp1-f3,O0
3.36060e+02,1.56250e-05,pp1-f3,O0
4.90050e+02,3.12500e-05,pp1-f3,O0
5.18090e+02,3.12500e-05,pp1-f3,O0
6.09010e+02,3.12500e-05,pp1-f3,O0
6.18050e+02,3.12500e-05,pp1-f3,O0
6.18080e+02,3.12500e-05,pp1-f3,O0
7.00060e+02,3.12500e-05,pp1-f3,O0
7.91020e+02,3.12500e-05,pp1-f3,O0
0.00000e+00,4.75000e-04,wp1-f1,O0
1.12050e+02,1.43750e-04,wp1-f1,O0
1.40010e+02,1.25000e-04,wp1-f1,O0
1.96050e+02,1.50000e-04,wp1-f1,O0
5.18050e+02,1.37500e-04,wp1-f1,O0
0.00000e+00,1.56250e-05,wp1-f2,O0
1.12050e+02,4.37500e-05,wp1-f2,O0
1.26060e+02,1.56250e-05,wp1-f2,O0
1.40020e+02,1.56250e-05,wp1-f2,O0
1.96060e+02,1.56250e-05,wp1-f2,O0
2.52010e+02,1.56250e-05,wp1-f2,O0
3.36060e+02,1.56250e-05,wp1-f2,O0
4.55050e+02,3.75000e-05,wp1-f2,O0
5.18060e+02,5.62500e-05,wp1-f2,O0
5.74050e+02,3.12500e-05,wp1-f2,O0
6.18020e+02,3.12500e-05,wp1-f2,O0
6.44090e+02,3.12500e-05,wp1-f2,O0
7.00060e+02,3.12500e-05,wp1-f2,O0
7.56040e+02,3.12500e-05,wp1-f2,O0
8.26020e+02,3.12500e-05,wp1-f2,O0
0.00000e+00,1.56250e-05,wp1-f3,O0
6.14000e+00,1.56250e-05,wp1-f3,O0
1.00500e+01,1.56250e-05,wp1-f3,O0
1.41300e+01,1.56250e-05,wp1-f3,O0
2.10600e+01,1.56250e-05,wp1-f3,O0
2.80100e+01,1.56250e-05,wp1-f3,O0
3.50600e+01,1.56250e-05,wp1-f3,O0
4.20600e+01,1.56250e-05,wp1-f3,O0
5.71200e+01,1.56250e-05,wp1-f3,O0
7.00900e+01,3.12500e-05,wp1-f3,O0
8.51300e+01,5.62500e-05,wp1-f3,O0
9.80600e+01,6.87500e-05,wp1-f3,O0
1.12050e+02,5.00000e-05,wp1-f3,O0
1.40020e+02,1.56250e-05,wp1-f3,O0
1.96050e+02,1.56250e-05,wp1-f3,O0
2.52010e+02,1.56250e-05,wp1-f3,O0
3.08060e+02,3.12500e-05,wp1-f3,O0
3.64060e+02,1.56250e-05,wp1-f3,O0
4.19050e+02,3.12500e-05,wp1-f3,O0
4.90040e+02,3.12500e-05,wp1-f3,O0
5.18060e+02,3.12500e-05,wp1-f3,O0
6.09000e+02,3.12500e-05,wp1-f3,O0
7.00060e+02,3.12500e-05,wp1-f3,O0
7.91010e+02,3.12500e-05,wp1-f3,O0
0.00000e+00,1.56250e-05,wp1-f4,O0
2.80100e+01,1.56250e-05,wp1-f4,O0
3.50500e+01,1.56250e-05,wp1-f4,O0
4.20600e+01,1.56250e-05,wp1-f4,O0
5.60500e+01,3.75000e-05,wp1-f4,O0
7.00600e+01,3.75000e-05,wp1-f4,O0
8.40600e+01,3.12500e-05,wp1-f4,O0
9.80500e+01,4.37500e-05,wp1-f4,O0
1.12040e+02,1.56250e-05,wp1-f4,O0
1.26060e+02,6.25000e-05,wp1-f4,O0
1.40010e+02,1.56250e-05,wp1-f4,O0
1.61060e+02,1.56250e-05,wp1-f4,O0
1.96050e+02,1.56250e-05,wp1-f4,O0
2.24060e+02,1.56250e-05,wp1-f4,O0
2.52000e+02,1.56250e-05,wp1-f4,O0
2.80060e+02,4.37500e-05,wp1-f4,O0
3.08060e+02,1.56250e-05,wp1-f4,O0
3.36050e+02,1.56250e-05,wp1-f4,O0
3.64060e+02,1.56250e-05,wp1-f4,O0
4.19040e+02,3.12500e-05,wp1-f4,O0
4.90020e+02,3.12500e-05,wp1-f4,O0
5.18080e+02,5.62500e-05,wp1-f4,O0
5.74050e+02,3.12500e-05,wp1-f4,O0
6.44080e+02,3.12500e-05,wp1-f4,O0
7.00050e+02,3.12500e-05,wp1-f4,O0
7.56020e+02,3.12500e-05,wp1-f4,O0
8.26020e+02,3.12500e-05,wp1-f4,O0
0.00000e+00,1.56250e-05,wp1-f5,O0
1.12040e+02,2.87500e-05,wp1-f5,O0
1.40010e+02,1.56250e-05,wp1-f5,O0
1.96050e+02,1.56250e-05,wp1-f5,O0
2.80060e+02,4.37500e-05,wp1-f5,O0
3.64050e+02,1.56250e-05,wp1-f5,O0
5.18090e+02,3.12500e-05,wp1-f5,O0
6.18010e+02,3.12500e-05,wp1-f5,O0
6.18040e+02,3.12500e-05,wp1-f5,O0
7.00050e+02,5.00000e-05,wp1-f5,O0
0.00000e+00,5.31250e-04,wp2-f1,O0
7.00200e+01,3.75000e-05,wp2-f1,O0
1.26040e+02,1.68750e-04,wp2-f1,O0
1.96000e+02,1.68750e-04,wp2-f1,O0
3.08020e+02,1.81250e-04,wp2-f1,O0
5.17980e+02,1.37500e-04,wp2-f1,O0
0.00000e+00,2.50000e-04,wp2-f2,O0
2.09800e+01,1.87500e-05,wp2-f2,O0
2.80500e+01,1.56250e-05,wp2-f2,O0
3.50200e+01,1.87500e-05,wp2-f2,O0
4.20100e+01,1.56250e-05,wp2-f2,O0
7.00200e+01,5.00000e-05,wp2-f2,O0
9.80200e+01,1.56250e-05,wp2-f2,O0
1.26100e+02,1.56250e-05,wp2-f2,O0
1.96020e+02,1.56250e-05,wp2-f2,O0
3.08020e+02,1.56250e-05,wp2-f2,O0
4.55010e+02,5.00000e-05,wp2-f2,O0
5.18010e+02,3.12500e-05,wp2-f2,O0
5.74010e+02,3.12500e-05,wp2-f2,O0
6.44010e+02,3.12500e-05,wp2-f2,O0
7.00010e+02,3.12500e-05,wp2-f2,O0
7.56000e+02,3.75000e-05,wp2-f2,O0
8.26000e+02,3.12500e-05,wp2-f2,O0
0.00000e+00,2.25000e-04,wp2-f3,O0
6.09000e+00,1.56250e-05,wp2-f3,O0
1.40100e+01,5.62500e-05,wp2-f3,O0
2.09800e+01,1.56250e-05,wp2-f3,O0
2.80400e+01,1.56250e-05,wp2-f3,O0
5.60200e+01,1.56250e-05,wp2-f3,O0
8.40000e+01,4.37500e-05,wp2-f3,O0
1.11980e+02,4.12500e-04,wp2-f3,O0
1.61000e+02,1.50000e-04,wp2-f3,O0
2.24020e+02,2.18750e-04,wp2-f3,O0
2.80010e+02,3.75000e-05,wp2-f3,O0
3.36010e+02,1.56250e-05,wp2-f3,O0
4.19020e+02,3.12500e-05,wp2-f3,O0
4.90010e+02,3.12500e-05,wp2-f3,O0
5.18010e+02,3.12500e-05,wp2-f3,O0
6.08980e+02,8.75000e-05,wp2-f3,O0
7.00010e+02,3.12500e-05,wp2-f3,O0
7.91050e+02,5.62500e-05,wp2-f3,O0
0.00000e+00,1.75000e-04,wp2-f4,O0
6.08000e+00,1.56250e-05,wp2-f4,O0
9.98000e+00,1.56250e-05,wp2-f4,O0
1.40000e+01,1.56250e-05,wp2-f4,O0
2.09700e+01,1.56250e-05,wp2-f4,O0
2.80200e+01,1.56250e-05,wp2-f4,O0
3.50100e+01,1.56250e-05,wp2-f4,O0
4.20100e+01,1.56250e-05,wp2-f4,O0
5.60200e+01,1.56250e-05,wp2-f4,O0
7.00100e+01,1.56250e-05,wp2-f4,O0
8.40000e+01,3.12500e-05,wp2-f4,O0
9.80200e+01,4.37500e-05,wp2-f4,O0
1.12000e+02,4.12500e-04,wp2-f4,O0
1.26050e+02,1.56250e-05,wp2-f4,O0
1.39980e+02,1.56250e-05,wp2-f4,O0
1.61010e+02,1.56250e-05,wp2-f4,O0
1.96010e+02,1.56250e-05,wp2-f4,O0
2.24010e+02,1.56250e-05,wp2-f4,O0
2.52000e+02,3.12500e-05,wp2-f4,O0
2.80000e+02,3.12500e-05,wp2-f4,O0
3.08020e+02,1.56250e-05,wp2-f4,O0
3.36010e+02,1.56250e-05,wp2-f4,O0
3.64010e+02,1.56250e-05,wp2-f4,O0
4.19020e+02,3.12500e-05,wp2-f4,O0
4.90000e+02,3.12500e-05,wp2-f4,O0
5.18010e+02,3.75000e-05,wp2-f4,O0
5.74010e+02,3.12500e-05,wp2-f4,O0
6.44020e+02,3.12500e-05,wp2-f4,O0
7.00100e+02,3.12500e-05,wp2-f4,O0
7.56000e+02,3.12500e-05,wp2-f4,O0
8.25980e+02,3.12500e-05,wp2-f4,O0
0.00000e+00,2.43750e-04,wp2-f5,O0
2.80100e+01,1.56250e-05,wp2-f5,O0
4.20000e+01,1.56250e-05,wp2-f5,O0
7.00100e+01,1.56250e-05,wp2-f5,O0
9.80100e+01,2.50000e-05,wp2-f5,O0
1.26040e+02,1.56250e-05,wp2-f5,O0
1.96010e+02,5.00000e-05,wp2-f5,O0
3.08010e+02,1.56250e-05,wp2-f5,O0
4.55010e+02,3.12500e-05,wp2-f5,O0
5.18020e+02,3.12500e-05,wp2-f5,O0
6.09000e+02,3.12500e-05,wp2-f5,O0
7.00000e+02,3.12500e-05,wp2-f5,O0
7.91000e+02,3.12500e-05,wp2-f5,O0
0.00000e+00,1.56250e-05,wp3-f1,O0
1.00500e+01,4.12500e-04,wp3-f1,O0
1.41100e+01,1.93750e-04,wp3-f1,O0
2.10500e+01,2.43750e-04,wp3-f1,O0
2.79800e+01,2.12500e-04,wp3-f1,O0
5.71200e+01,3.37500e-04,wp3-f1,O0
8.40500e+01,1.37500e-04,wp3-f1,O0
1.12010e+02,1.43750e-04,wp3-f1,O0
1.61010e+02,1.50000e-04,wp3-f1,O0
4.55020e+02,1.31250e-04,wp3-f1,O0
5.18020e+02,1.37500e-04,wp3-f1,O0
0.00000e+00,1.56250e-05,wp3-f2,O0
2.06000e+00,1.87500e-05,wp3-f2,O0
6.14000e+00,1.56250e-05,wp3-f2,O0
1.00400e+01,1.56250e-05,wp3-f2,O0
1.41000e+01,1.56250e-05,wp3-f2,O0
2.10500e+01,1.56250e-05,wp3-f2,O0
2.79800e+01,1.56250e-05,wp3-f2,O0
5.71400e+01,3.75000e-05,wp3-f2,O0
8.40400e+01,3.75000e-05,wp3-f2,O0
1.12020e+02,3.87500e-05,wp3-f2,O0
1.61060e+02,1.56250e-05,wp3-f2,O0
2.24050e+02,1.56250e-05,wp3-f2,O0
2.80050e+02,4.37500e-05,wp3-f2,O0
3.36050e+02,1.56250e-05,wp3-f2,O0
4.55040e+02,3.12500e-05,wp3-f2,O0
5.18050e+02,3.12500e-05,wp3-f2,O0
5.74040e+02,3.12500e-05,wp3-f2,O0
6.44050e+02,3.12500e-05,wp3-f2,O0
7.00050e+02,3.12500e-05,wp3-f2,O0
7.56010e+02,3.12500e-05,wp3-f2,O0
8.26000e+02,3.12500e-05,wp3-f2,O0
0.00000e+00,1.56250e-05,wp3-f3,O0
2.06000e+00,1.25000e-05,wp3-f3,O0
6.13000e+00,1.56250e-05,wp3-f3,O0
1.00200e+01,1.56250e-05,wp3-f3,O0
1.41000e+01,5.62500e-05,wp3-f3,O0
2.10200e+01,1.56250e-05,wp3-f3,O0
2.79700e+01,1.56250e-05,wp3-f3,O0
3.50500e+01,1.56250e-05,wp3-f3,O0
4.20500e+01,1.56250e-05,wp3-f3,O0
5.71400e+01,5.00000e-05,wp3-f3,O0
7.00500e+01,3.12500e-05,wp3-f3,O0
8.40200e+01,3.12500e-05,wp3-f3,O0
9.80500e+01,4.37500e-05,wp3-f3,O0
1.12020e+02,3.68750e-05,wp3-f3,O0
1.26060e+02,8.75000e-05,wp3-f3,O0
1.40000e+02,3.25000e-04,wp3-f3,O0
1.61040e+02,4.12500e-04,wp3-f3,O0
1.96020e+02,6.12500e-04,wp3-f3,O0
2.24050e+02,1.56250e-05,wp3-f3,O0
2.52020e+02,1.75000e-04,wp3-f3,O0
2.80020e+02,5.62500e-05,wp3-f3,O0
3.08060e+02,1.56250e-05,wp3-f3,O0
3.36050e+02,1.56250e-05,wp3-f3,O0
3.64050e+02,1.56250e-05,wp3-f3,O0
4.19010e+02,3.12500e-05,wp3-f3,O0
4.90020e+02,1.68750e-04,wp3-f3,O0
5.18050e+02,2.68750e-04,wp3-f3,O0
5.74020e+02,4.37500e-04,wp3-f3,O0
6.18010e+02,2.81250e-04,wp3-f3,O0
6.17980e+02,2.75000e-04,wp3-f3,O0
6.44050e+02,1.25000e-04,wp3-f3,O0
7.00040e+02,3.12500e-05,wp3-f3,O0
7.56020e+02,3.12500e-05,wp3-f3,O0
8.26010e+02,3.62500e-04,wp3-f3,O0
0.00000e+00,1.56250e-05,wp3-f4,O0
2.05000e+00,1.25000e-05,wp3-f4,O0
6.13000e+00,1.56250e-05,wp3-f4,O0
1.00100e+01,1.56250e-05,wp3-f4,O0
1.40500e+01,5.62500e-05,wp3-f4,O0
2.10200e+01,1.56250e-05,wp3-f4,O0
2.79700e+01,1.56250e-05,wp3-f4,O0
3.50200e+01,1.56250e-05,wp3-f4,O0
4.20400e+01,1.56250e-05,wp3-f4,O0
5.71500e+01,1.06250e-04,wp3-f4,O0
7.00500e+01,3.75000e-05,wp3-f4,O0
8.40200e+01,3.12500e-05,wp3-f4,O0
9.80400e+01,5.00000e-05,wp3-f4,O0
1.12010e+02,4.18750e-05,wp3-f4,O0
1.26050e+02,1.56250e-05,wp3-f4,O0
1.40000e+02,1.56250e-05,wp3-f4,O0
1.61020e+02,1.56250e-05,wp3-f4,O0
1.96020e+02,1.25000e-04,wp3-f4,O0
2.24040e+02,9.37500e-05,wp3-f4,O0
2.52010e+02,6.87500e-05,wp3-f4,O0
2.80020e+02,4.37500e-05,wp3-f4,O0
3.08050e+02,7.50000e-05,wp3-f4,O0
3.36040e+02,1.56250e-05,wp3-f4,O0
3.64010e+02,3.12500e-05,wp3-f4,O0
4.19010e+02,3.12500e-05,wp3-f4,O0
4.90010e+02,9.37500e-05,wp3-f4,O0
5.18040e+02,2.25000e-04,wp3-f4,O0
5.74020e+02,4.31250e-04,wp3-f4,O0
6.44040e+02,3.00000e-04,wp3-f4,O0
7.00040e+02,5.00000e-05,wp3-f4,O0
7.56010e+02,7.50000e-05,wp3-f4,O0
8.26010e+02,4.18750e-04,wp3-f4,O0
0.00000e+00,1.56250e-05,wp3-f5,O0
6.11000e+00,1.56250e-05,wp3-f5,O0
1.00100e+01,1.56250e-05,wp3-f5,O0
1.40500e+01,6.25000e-05,wp3-f5,O0
2.10100e+01,1.56250e-05,wp3-f5,O0
2.79600e+01,1.56250e-05,wp3-f5,O0
5.71300e+01,3.75000e-05,wp3-f5,O0
8.40200e+01,3.12500e-05,wp3-f5,O0
1.12010e+02,4.18750e-05,wp3-f5,O0
1.61020e+02,3.12500e-05,wp3-f5,O0
2.80010e+02,3.12500e-05,wp3-f5,O0
3.36020e+02,1.56250e-05,wp3-f5,O0
4.55020e+02,3.12500e-05,wp3-f5,O0
5.18020e+02,8.75000e-05,wp3-f5,O0
5.74020e+02,2.75000e-04,wp3-f5,O0
6.44020e+02,2.25000e-04,wp3-f5,O0
7.00020e+02,3.12500e-05,wp3-f5,O0
7.56010e+02,3.12500e-05,wp3-f5,O0
8.26010e+02,3.25000e-04,wp3-f5,O0
0.00000e+00,3.75000e-05,wp4-f1,O0
5.17980e+02,3.12500e-05,wp4-f1,O0
7.00000e+02,5.00000e-05,wp4-f1,O0
0.00000e+00,5.62500e-05,wp4-f5,O0
1.96000e+02,1.56250e-05,wp4-f5,O0
2.10000e+00,7.30000e+00,influent,pH
6.05000e+00,7.35000e+00,influent,pH
1.00600e+01,7.30000e+00,influent,pH
1.41300e+01,7.30000e+00,influent,pH
2.10600e+01,7.25000e+00,influent,pH
2.80600e+01,7.30000e+00,influent,pH
3.50800e+01,7.35000e+00,influent,pH
4.20600e+01,7.25000e+00,influent,pH
5.60600e+01,7.20000e+00,influent,pH
7.01000e+01,7.05000e+00,influent,pH
8.51700e+01,7.05000e+00,influent,pH
9.81000e+01,7.00000e+00,influent,pH
1.12100e+02,7.10000e+00,influent,pH
1.26100e+02,7.00000e+00,influent,pH
1.40060e+02,7.00000e+00,influent,pH
1.61100e+02,6.85000e+00,influent,pH
1.96090e+02,7.00000e+00,influent,pH
2.24090e+02,7.10000e+00,influent,pH
2.52060e+02,6.85000e+00,influent,pH
2.80100e+02,7.10000e+00,influent,pH
3.08090e+02,7.15000e+00,influent,pH
3.36090e+02,6.95000e+00,influent,pH
3.64090e+02,7.05000e+00,influent,pH
3.92050e+02,6.90000e+00,influent,pH
4.19940e+02,7.10000e+00,influent,pH
4.55000e+02,6.95000e+00,influent,pH
4.90060e+02,6.95000e+00,influent,pH
5.18100e+02,6.80000e+00,influent,pH
5.46050e+02,6.75000e+00,influent,pH
5.74060e+02,6.85000e+00,influent,pH
6.09020e+02,6.95000e+00,influent,pH
6.44100e+02,6.85000e+00,influent,pH
6.72020e+02,6.85000e+00,influent,pH
7.00100e+02,6.95000e+00,influent,pH
7.28020e+02,7.10000e+00,influent,pH
7.56050e+02,6.95000e+00,influent,pH
7.91050e+02,6.95000e+00,influent,pH
8.26060e+02,6.80000e+00,influent,pH
8.54020e+02,6.80000e+00,influent,pH
1.01000e+00,6.55000e+00,pp1,pH
2.80900e+01,6.55000e+00,pp1,pH
8.51500e+01,6.55000e+00,pp1,pH
9.80900e+01,6.55000e+00,pp1,pH
1.12090e+02,6.55000e+00,pp1,pH
1.26090e+02,6.55000e+00,pp1,pH
1.40060e+02,6.60000e+00,pp1,pH
1.61100e+02,6.55000e+00,pp1,pH
1.96060e+02,6.60000e+00,pp1,pH
2.24090e+02,6.60000e+00,pp1,pH
2.52050e+02,6.55000e+00,pp1,pH
2.80090e+02,6.55000e+00,pp1,pH
3.08090e+02,6.60000e+00,pp1,pH
3.36090e+02,6.60000e+00,pp1,pH
3.64090e+02,6.50000e+00,pp1,pH
4.19060e+02,6.55000e+00,pp1,pH
4.90050e+02,6.60000e+00,pp1,pH
5.18100e+02,6.60000e+00,pp1,pH
5.74050e+02,6.55000e+00,pp1,pH
6.44090e+02,6.65000e+00,pp1,pH
7.00090e+02,6.45000e+00,pp1,pH
7.56050e+02,6.45000e+00,pp1,pH
8.26050e+02,6.65000e+00,pp1,pH
0.00000e+00,6.75000e+00,pp1-f1,pH
1.12100e+02,6.80000e+00,pp1-f1,pH
1.61090e+02,6.70000e+00,pp1-f1,pH
2.52040e+02,6.70000e+00,pp1-f1,pH
3.36060e+02,6.65000e+00,pp1-f1,pH
6.09010e+02,6.75000e+00,pp1-f1,pH
7.00100e+02,6.70000e+00,pp1-f1,pH
7.91010e+02,6.70000e+00,pp1-f1,pH
0.00000e+00,6.55000e+00,pp1-f2,pH
8.51400e+01,6.65000e+00,pp1-f2,pH
9.80900e+01,6.60000e+00,pp1-f2,pH
1.12090e+02,6.60000e+00,pp1-f2,pH
1.26080e+02,6.60000e+00,pp1-f2,pH
1.40050e+02,6.60000e+00,pp1-f2,pH
1.61090e+02,6.60000e+00,pp1-f2,pH
1.96060e+02,6.60000e+00,pp1-f2,pH
2.24060e+02,6.60000e+00,pp1-f2,pH
2.52040e+02,6.60000e+00,pp1-f2,pH
2.80080e+02,6.55000e+00,pp1-f2,pH
3.08080e+02,6.65000e+00,pp1-f2,pH
3.36080e+02,6.60000e+00,pp1-f2,pH
3.64080e+02,6.55000e+00,pp1-f2,pH
4.55050e+02,6.55000e+00,pp1-f2,pH
5.18090e+02,6.65000e+00,pp1-f2,pH
6.09010e+02,6.50000e+00,pp1-f2,pH
6.18060e+02,6.65000e+00,pp1-f2,pH
6.18090e+02,6.65000e+00,pp1-f2,pH
7.00090e+02,6.65000e+00,pp1-f2,pH
7.91040e+02,6.65000e+00,pp1-f2,pH
0.00000e+00,6.60000e+00,pp1-f3,pH
9.80600e+01,6.55000e+00,pp1-f3,pH
1.12090e+02,6.55000e+00,pp1-f3,pH
1.61090e+02,6.55000e+00,pp1-f3,pH
2.52020e+02,6.55000e+00,pp1-f3,pH
3.36060e+02,6.55000e+00,pp1-f3,pH
4.90050e+02,6.55000e+00,pp1-f3,pH
5.18090e+02,6.60000e+00,pp1-f3,pH
6.09010e+02,6.40000e+00,pp1-f3,pH
6.18050e+02,6.60000e+00,pp1-f3,pH
6.18080e+02,6.65000e+00,pp1-f3,pH
7.00060e+02,6.35000e+00,pp1-f3,pH
7.91020e+02,6.30000e+00,pp1-f3,pH
0.00000e+00,6.90000e+00,wp1-f1,pH
1.12050e+02,6.90000e+00,wp1-f1,pH
1.40010e+02,6.90000e+00,wp1-f1,pH
1.96050e+02,6.80000e+00,wp1-f1,pH
2.80060e+02,6.95000e+00,wp1-f1,pH
3.64060e+02,6.80000e+00,wp1-f1,pH
7.00060e+02,6.75000e+00,wp1-f1,pH
0.00000e+00,6.70000e+00,wp1-f2,pH
1.12050e+02,6.80000e+00,wp1-f2,pH
1.26060e+02,6.75000e+00,wp1-f2,pH
1.40020e+02,6.80000e+00,wp1-f2,pH
1.96060e+02,6.65000e+00,wp1-f2,pH
2.52010e+02,6.50000e+00,wp1-f2,pH
3.36060e+02,6.55000e+00,wp1-f2,pH
4.55050e+02,6.60000e+00,wp1-f2,pH
5.18060e+02,6.70000e+00,wp1-f2,pH
5.74050e+02,6.60000e+00,wp1-f2,pH
6.18020e+02,6.50000e+00,wp1-f2,pH
6.44090e+02,6.45000e+00,wp1-f2,pH
7.00060e+02,6.50000e+00,wp1-f2,pH
7.56040e+02,6.55000e+00,wp1-f2,pH
8.26020e+02,6.55000e+00,wp1-f2,pH
0.00000e+00,6.60000e+00,wp1-f3,pH
6.14000e+00,6.60000e+00,wp1-f3,pH
1.00500e+01,6.60000e+00,wp1-f3,pH
1.41300e+01,6.60000e+00,wp1-f3,pH
2.10600e+01,6.55000e+00,wp1-f3,pH
2.80100e+01,6.60000e+00,wp1-f3,pH
3.50600e+01,6.60000e+00,wp1-f3,pH
4.20600e+01,6.60000e+00,wp1-f3,pH
5.71200e+01,6.60000e+00,wp1-f3,pH
7.00900e+01,6.70000e+00,wp1-f3,pH
8.51300e+01,6.65000e+00,wp1-f3,pH
9.80600e+01,6.70000e+00,wp1-f3,pH
1.12050e+02,6.75000e+00,wp1-f3,pH
1.40020e+02,6.80000e+00,wp1-f3,pH
1.96050e+02,6.80000e+00,wp1-f3,pH
2.52010e+02,6.60000e+00,wp1-f3,pH
3.08060e+02,6.70000e+00,wp1-f3,pH
3.64060e+02,6.60000e+00,wp1-f3,pH
4.19050e+02,6.60000e+00,wp1-f3,pH
4.90040e+02,6.65000e+00,wp1-f3,pH
5.18060e+02,6.70000e+00,wp1-f3,pH
6.09000e+02,6.55000e+00,wp1-f3,pH
7.00060e+02,6.50000e+00,wp1-f3,pH
7.91010e+02,6.70000e+00,wp1-f3,pH
0.00000e+00,6.60000e+00,wp1-f4,pH
2.80100e+01,6.60000e+00,wp1-f4,pH
3.50500e+01,6.60000e+00,wp1-f4,pH
4.20600e+01,6.60000e+00,wp1-f4,pH
5.60500e+01,6.60000e+00,wp1-f4,pH
7.00600e+01,6.65000e+00,wp1-f4,pH
8.40600e+01,6.55000e+00,wp1-f4,pH
9.80500e+01,6.50000e+00,wp1-f4,pH
1.12040e+02,6.45000e+00,wp1-f4,pH
1.26060e+02,6.40000e+00,wp1-f4,pH
1.40010e+02,6.45000e+00,wp1-f4,pH
1.61060e+02,6.55000e+00,wp1-f4,pH
1.96050e+02,6.80000e+00,wp1-f4,pH
2.24060e+02,6.75000e+00,wp1-f4,pH
2.52000e+02,6.70000e+00,wp1-f4,pH
2.80060e+02,6.55000e+00,wp1-f4,pH
3.08060e+02,6.70000e+00,wp1-f4,pH
3.36050e+02,6.65000e+00,wp1-f4,pH
3.64060e+02,6.60000e+00,wp1-f4,pH
4.19040e+02,6.70000e+00,wp1-f4,pH
4.90020e+02,6.60000e+00,wp1-f4,pH
5.18080e+02,6.65000e+00,wp1-f4,pH
5.74050e+02,6.70000e+00,wp1-f4,pH
6.44080e+02,6.55000e+00,wp1-f4,pH
7.00050e+02,6.50000e+00,wp1-f4,pH
7.56020e+02,6.40000e+00,wp1-f4,pH
8.26020e+02,6.50000e+00,wp1-f4,pH
0.00000e+00,6.65000e+00,wp1-f5,pH
1.12040e+02,6.65000e+00,wp1-f5,pH
1.40010e+02,6.70000e+00,wp1-f5,pH
1.96050e+02,6.65000e+00,wp1-f5,pH
2.80060e+02,6.55000e+00,wp1-f5,pH
3.64050e+02,6.60000e+00,wp1-f5,pH
5.18090e+02,6.60000e+00,wp1-f5,pH
6.18010e+02,6.65000e+00,wp1-f5,pH
6.18040e+02,6.65000e+00,wp1-f5,pH
7.00050e+02,6.40000e+00,wp1-f5,pH
0.00000e+00,6.80000e+00,wp2-f1,pH
7.00200e+01,6.90000e+00,wp2-f1,pH
1.26040e+02,6.90000e+00,wp2-f1,pH
1.96000e+02,6.85000e+00,wp2-f1,pH
3.08020e+02,7.00000e+00,wp2-f1,pH
6.99980e+02,6.80000e+00,wp2-f1,pH
0.00000e+00,6.60000e+00,wp2-f2,pH
2.80500e+01,6.80000e+00,wp2-f2,pH
4.20100e+01,6.85000e+00,wp2-f2,pH
7.00200e+01,6.80000e+00,wp2-f2,pH
9.80200e+01,6.55000e+00,wp2-f2,pH
1.26100e+02,6.60000e+00,wp2-f2,pH
1.96020e+02,6.55000e+00,wp2-f2,pH
3.08020e+02,6.65000e+00,wp2-f2,pH
4.55010e+02,6.65000e+00,wp2-f2,pH
5.18010e+02,6.65000e+00,wp2-f2,pH
5.74010e+02,6.35000e+00,wp2-f2,pH
6.44010e+02,6.55000e+00,wp2-f2,pH
7.00010e+02,6.55000e+00,wp2-f2,pH
7.56000e+02,6.60000e+00,wp2-f2,pH
8.26000e+02,6.45000e+00,wp2-f2,pH
0.00000e+00,6.60000e+00,wp2-f3,pH
6.09000e+00,6.60000e+00,wp2-f3,pH
1.40100e+01,6.80000e+00,wp2-f3,pH
2.09800e+01,6.90000e+00,wp2-f3,pH
2.80400e+01,6.90000e+00,wp2-f3,pH
5.60200e+01,6.95000e+00,wp2-f3,pH
8.40000e+01,6.75000e+00,wp2-f3,pH
1.11980e+02,6.70000e+00,wp2-f3,pH
1.61000e+02,6.45000e+00,wp2-f3,pH
2.24020e+02,6.90000e+00,wp2-f3,pH
2.80010e+02,6.65000e+00,wp2-f3,pH
3.36010e+02,6.60000e+00,wp2-f3,pH
4.19020e+02,6.80000e+00,wp2-f3,pH
4.90010e+02,6.70000e+00,wp2-f3,pH
5.18010e+02,6.70000e+00,wp2-f3,pH
6.08980e+02,6.65000e+00,wp2-f3,pH
7.00010e+02,6.70000e+00,wp2-f3,pH
7.91050e+02,6.50000e+00,wp2-f3,pH
0.00000e+00,6.60000e+00,wp2-f4,pH
6.08000e+00,6.60000e+00,wp2-f4,pH
9.98000e+00,6.60000e+00,wp2-f4,pH
1.40000e+01,6.70000e+00,wp2-f4,pH
2.09700e+01,6.65000e+00,wp2-f4,pH
2.80200e+01,6.60000e+00,wp2-f4,pH
3.50100e+01,6.65000e+00,wp2-f4,pH
4.20100e+01,6.80000e+00,wp2-f4,pH
5.60200e+01,6.90000e+00,wp2-f4,pH
7.00100e+01,6.95000e+00,wp2-f4,pH
8.40000e+01,6.95000e+00,wp2-f4,pH
9.80200e+01,6.70000e+00,wp2-f4,pH
1.12000e+02,6.65000e+00,wp2-f4,pH
1.26050e+02,6.70000e+00,wp2-f4,pH
1.39980e+02,6.80000e+00,wp2-f4,pH
1.61010e+02,6.55000e+00,wp2-f4,pH
1.96010e+02,6.55000e+00,wp2-f4,pH
2.24010e+02,6.70000e+00,wp2-f4,pH
2.52000e+02,6.65000e+00,wp2-f4,pH
2.80000e+02,6.50000e+00,wp2-f4,pH
3.08020e+02,6.70000e+00,wp2-f4,pH
3.36010e+02,6.65000e+00,wp2-f4,pH
3.64010e+02,6.60000e+00,wp2-f4,pH
4.19020e+02,6.80000e+00,wp2-f4,pH
4.90000e+02,6.70000e+00,wp2-f4,pH
5.18010e+02,6.70000e+00,wp2-f4,pH
5.74010e+02,6.45000e+00,wp2-f4,pH
6.44020e+02,6.65000e+00,wp2-f4,pH
7.00100e+02,6.60000e+00,wp2-f4,pH
7.56000e+02,6.65000e+00,wp2-f4,pH
8.25980e+02,6.45000e+00,wp2-f4,pH
0.00000e+00,6.55000e+00,wp2-f5,pH
2.80100e+01,6.55000e+00,wp2-f5,pH
4.20000e+01,6.55000e+00,wp2-f5,pH
7.00100e+01,6.55000e+00,wp2-f5,pH
9.80100e+01,6.55000e+00,wp2-f5,pH
1.26040e+02,6.50000e+00,wp2-f5,pH
1.96010e+02,6.60000e+00,wp2-f5,pH
3.08010e+02,6.55000e+00,wp2-f5,pH
4.55010e+02,6.55000e+00,wp2-f5,pH
5.18020e+02,6.60000e+00,wp2-f5,pH
6.09000e+02,6.40000e+00,wp2-f5,pH
7.00000e+02,6.45000e+00,wp2-f5,pH
7.91000e+02,6.35000e+00,wp2-f5,pH
0.00000e+00,6.75000e+00,wp3-f1,pH
1.00500e+01,6.85000e+00,wp3-f1,pH
1.41100e+01,6.85000e+00,wp3-f1,pH
2.10500e+01,6.85000e+00,wp3-f1,pH
2.79800e+01,6.85000e+00,wp3-f1,pH
5.71200e+01,6.85000e+00,wp3-f1,pH
8.40500e+01,6.90000e+00,wp3-f1,pH
1.12010e+02,6.90000e+00,wp3-f1,pH
1.61010e+02,6.90000e+00,wp3-f1,pH
2.24040e+02,6.85000e+00,wp3-f1,pH
2.80010e+02,6.85000e+00,wp3-f1,pH
3.36020e+02,6.85000e+00,wp3-f1,pH
4.55020e+02,6.80000e+00,wp3-f1,pH
7.00020e+02,6.80000e+00,wp3-f1,pH
0.00000e+00,6.60000e+00,wp3-f2,pH
2.06000e+00,6.70000e+00,wp3-f2,pH
6.14000e+00,6.80000e+00,wp3-f2,pH
1.00400e+01,6.80000e+00,wp3-f2,pH
1.41000e+01,6.85000e+00,wp3-f2,pH
2.10500e+01,6.90000e+00,wp3-f2,pH
2.79800e+01,6.85000e+00,wp3-f2,pH
5.71400e+01,6.90000e+00,wp3-f2,pH
8.40400e+01,6.55000e+00,wp3-f2,pH
1.12020e+02,6.60000e+00,wp3-f2,pH
1.61060e+02,6.35000e+00,wp3-f2,pH
2.24050e+02,6.70000e+00,wp3-f2,pH
2.80050e+02,6.60000e+00,wp3-f2,pH
3.36050e+02,6.60000e+00,wp3-f2,pH
4.55040e+02,6.70000e+00,wp3-f2,pH
5.18050e+02,6.60000e+00,wp3-f2,pH
5.74040e+02,6.40000e+00,wp3-f2,pH
6.44050e+02,6.60000e+00,wp3-f2,pH
7.00050e+02,6.65000e+00,wp3-f2,pH
7.56010e+02,6.60000e+00,wp3-f2,pH
8.26000e+02,6.45000e+00,wp3-f2,pH
0.00000e+00,6.55000e+00,wp3-f3,pH
2.06000e+00,6.55000e+00,wp3-f3,pH
6.13000e+00,6.90000e+00,wp3-f3,pH
1.00200e+01,6.90000e+00,wp3-f3,pH
1.41000e+01,6.90000e+00,wp3-f3,pH
2.10200e+01,6.95000e+00,wp3-f3,pH
2.79700e+01,6.90000e+00,wp3-f3,pH
3.50500e+01,6.90000e+00,wp3-f3,pH
4.20500e+01,6.95000e+00,wp3-f3,pH
5.71400e+01,6.95000e+00,wp3-f3,pH
7.00500e+01,6.80000e+00,wp3-f3,pH
8.40200e+01,6.65000e+00,wp3-f3,pH
9.80500e+01,6.65000e+00,wp3-f3,pH
1.12020e+02,6.70000e+00,wp3-f3,pH
1.26060e+02,6.75000e+00,wp3-f3,pH
1.40000e+02,6.70000e+00,wp3-f3,pH
1.61040e+02,6.55000e+00,wp3-f3,pH
1.96020e+02,6.85000e+00,wp3-f3,pH
2.24050e+02,6.70000e+00,wp3-f3,pH
2.52020e+02,6.60000e+00,wp3-f3,pH
2.80020e+02,6.65000e+00,wp3-f3,pH
3.08060e+02,6.80000e+00,wp3-f3,pH
3.36050e+02,6.55000e+00,wp3-f3,pH
3.64050e+02,6.65000e+00,wp3-f3,pH
4.19010e+02,6.80000e+00,wp3-f3,pH
4.90020e+02,6.65000e+00,wp3-f3,pH
5.18050e+02,6.70000e+00,wp3-f3,pH
5.74020e+02,6.65000e+00,wp3-f3,pH
6.18010e+02,6.75000e+00,wp3-f3,pH
6.17980e+02,6.75000e+00,wp3-f3,pH
6.44050e+02,6.70000e+00,wp3-f3,pH
7.00040e+02,6.70000e+00,wp3-f3,pH
7.56020e+02,6.65000e+00,wp3-f3,pH
8.26010e+02,6.60000e+00,wp3-f3,pH
0.00000e+00,6.60000e+00,wp3-f4,pH
2.05000e+00,6.60000e+00,wp3-f4,pH
6.13000e+00,6.85000e+00,wp3-f4,pH
1.00100e+01,6.85000e+00,wp3-f4,pH
1.40500e+01,6.80000e+00,wp3-f4,pH
2.10200e+01,6.90000e+00,wp3-f4,pH
2.79700e+01,6.95000e+00,wp3-f4,pH
3.50200e+01,7.00000e+00,wp3-f4,pH
4.20400e+01,7.00000e+00,wp3-f4,pH
5.71500e+01,7.00000e+00,wp3-f4,pH
7.00500e+01,6.95000e+00,wp3-f4,pH
8.40200e+01,6.80000e+00,wp3-f4,pH
9.80400e+01,6.70000e+00,wp3-f4,pH
1.12010e+02,6.80000e+00,wp3-f4,pH
1.26050e+02,6.75000e+00,wp3-f4,pH
1.40000e+02,6.65000e+00,wp3-f4,pH
1.61020e+02,6.50000e+00,wp3-f4,pH
1.96020e+02,6.70000e+00,wp3-f4,pH
2.24040e+02,6.80000e+00,wp3-f4,pH
2.52010e+02,6.65000e+00,wp3-f4,pH
2.80020e+02,6.70000e+00,wp3-f4,pH
3.08050e+02,6.80000e+00,wp3-f4,pH
3.36040e+02,6.65000e+00,wp3-f4,pH
3.64010e+02,6.65000e+00,wp3-f4,pH
4.19010e+02,6.70000e+00,wp3-f4,pH
4.90010e+02,6.65000e+00,wp3-f4,pH
5.18040e+02,6.75000e+00,wp3-f4,pH
5.74020e+02,6.65000e+00,wp3-f4,pH
6.44040e+02,6.75000e+00,wp3-f4,pH
7.00040e+02,6.75000e+00,wp3-f4,pH
7.56010e+02,6.70000e+00,wp3-f4,pH
8.26010e+02,6.65000e+00,wp3-f4,pH
0.00000e+00,6.55000e+00,wp3-f5,pH
6.11000e+00,6.70000e+00,wp3-f5,pH
1.00100e+01,6.75000e+00,wp3-f5,pH
1.40500e+01,6.70000e+00,wp3-f5,pH
2.10100e+01,6.75000e+00,wp3-f5,pH
2.79600e+01,6.80000e+00,wp3-f5,pH
5.71300e+01,6.95000e+00,wp3-f5,pH
8.40200e+01,6.80000e+00,wp3-f5,pH
1.12010e+02,6.75000e+00,wp3-f5,pH
1.61020e+02,6.55000e+00,wp3-f5,pH
2.80010e+02,6.70000e+00,wp3-f5,pH
3.36020e+02,6.65000e+00,wp3-f5,pH
4.55020e+02,6.70000e+00,wp3-f5,pH
5.18020e+02,6.80000e+00,wp3-f5,pH
5.74020e+02,6.60000e+00,wp3-f5,pH
6.44020e+02,6.75000e+00,wp3-f5,pH
7.00020e+02,6.70000e+00,wp3-f5,pH
7.56010e+02,6.70000e+00,wp3-f5,pH
8.26010e+02,6.65000e+00,wp3-f5,pH
0.00000e+00,6.80000e+00,wp4-f1,pH
5.17980e+02,6.75000e+00,wp4-f1,pH
7.00000e+02,6.45000e+00,wp4-f1,pH
0.00000e+00,6.60000e+00,wp4-f5,pH
1.96000e+02,6.75000e+00,wp4-f5,pH
3.36000e+02,6.60000e+00,wp4-f5,pH
4.89980e+02,6.65000e+00,wp4-f5,pH
5.18000e+02,6.75000e+00,wp4-f5,pH
6.08980e+02,6.65000e+00,wp4-f5,pH
6.99980e+02,6.65000e+00,wp4-f5,pH
7.91000e+02,6.65000e+00,wp4-f5,pH
2.10000e+00,7.18750e-04,influent,SO4
6.05000e+00,8.22917e-04,influent,SO4
1.00600e+01,8.12500e-04,influent,SO4
1.41300e+01,8.12500e-04,influent,SO4
2.10600e+01,7.91667e-04,influent,SO4
2.80600e+01,8.95833e-04,influent,SO4
3.50800e+01,8.85417e-04,influent,SO4
4.20600e+01,8.22917e-04,influent,SO4
5.60600e+01,6.87500e-04,influent,SO4
7.01000e+01,7.18750e-04,influent,SO4
8.51700e+01,7.18750e-04,influent,SO4
9.81000e+01,6.77083e-04,influent,SO4
1.12100e+02,6.45833e-04,influent,SO4
1.26100e+02,6.14583e-04,influent,SO4
1.40060e+02,5.62500e-04,influent,SO4
1.61100e+02,3.75000e-04,influent,SO4
1.96090e+02,4.89583e-04,influent,SO4
2.24090e+02,5.20833e-04,influent,SO4
2.52060e+02,3.64583e-04,influent,SO4
2.80100e+02,4.79167e-04,influent,SO4
3.08090e+02,5.00000e-04,influent,SO4
3.36090e+02,4.47917e-04,influent,SO4
3.64090e+02,5.10417e-04,influent,SO4
3.92050e+02,4.68750e-04,influent,SO4
4.19940e+02,6.77083e-04,influent,SO4
4.55000e+02,7.39583e-04,influent,SO4
4.90060e+02,6.56250e-04,influent,SO4
5.18100e+02,6.25000e-04,influent,SO4
5.46050e+02,4.58333e-04,influent,SO4
5.74060e+02,3.54167e-04,influent,SO4
6.09020e+02,5.31250e-04,influent,SO4
6.44100e+02,4.58333e-04,influent,SO4
6.72020e+02,3.85417e-04,influent,SO4
7.00100e+02,4.58333e-04,influent,SO4
7.28020e+02,5.10417e-04,influent,SO4
7.56050e+02,5.62500e-04,influent,SO4
7.91050e+02,6.35417e-04,influent,SO4
8.26060e+02,5.41667e-04,influent,SO4
8.54020e+02,4.16667e-04,influent,SO4
1.01000e+00,6.25000e-05,pp1,SO4
2.80900e+01,6.25000e-05,pp1,SO4
8.51500e+01,1.04167e-04,pp1,SO4
9.80900e+01,2.60417e-05,pp1,SO4
1.12090e+02,6.25000e-05,pp1,SO4
1.26090e+02,2.60417e-05,pp1,SO4
1.40060e+02,5.20833e-05,pp1,SO4
1.61100e+02,1.25000e-04,pp1,SO4
1.96060e+02,2.50000e-04,pp1,SO4
2.24090e+02,3.02083e-04,pp1,SO4
2.52050e+02,3.64583e-04,pp1,SO4
2.80090e+02,3.64583e-04,pp1,SO4
3.08090e+02,3.85417e-04,pp1,SO4
3.36090e+02,3.85417e-04,pp1,SO4
3.64090e+02,3.95833e-04,pp1,SO4
4.19060e+02,4.16667e-04,pp1,SO4
4.90050e+02,4.68750e-04,pp1,SO4
5.18100e+02,4.58333e-04,pp1,SO4
5.74050e+02,4.58333e-04,pp1,SO4
6.44090e+02,5.62500e-04,pp1,SO4
7.00090e+02,5.52083e-04,pp1,SO4
7.56050e+02,5.41667e-04,pp1,SO4
8.26050e+02,5.31250e-04,pp1,SO4
0.00000e+00,2.60417e-05,pp1-f1,SO4
5.17980e+02,0.00000e+00,pp1-f1,SO4
7.00000e+02,0.00000e+00,pp1-f1,SO4
0.00000e+00,6.25000e-05,pp1-f1,SO4
1.96000e+02,6.45833e-04,pp1-f1,SO4
3.36000e+02,7.81250e-04,pp1-f1,SO4
4.89980e+02,9.68750e-04,pp1-f1,SO4
5.18000e+02,9.68750e-04,pp1-f1,SO4
6.08980e+02,6.87500e-04,pp1-f1,SO4
6.99980e+02,6.35417e-04,pp1-f1,SO4
7.91000e+02,7.81250e-04,pp1-f1,SO4
0.00000e+00,2.60417e-05,pp1-f1,SO4
1.12100e+02,2.60417e-05,pp1-f1,SO4
1.61090e+02,2.60417e-05,pp1-f1,SO4
2.52040e+02,5.41667e-04,pp1-f1,SO4
3.36060e+02,6.14583e-04,pp1-f1,SO4
4.90080e+02,7.91667e-04,pp1-f1,SO4
5.18100e+02,8.02083e-04,pp1-f1,SO4
6.09010e+02,6.66667e-04,pp1-f1,SO4
7.00100e+02,7.81250e-04,pp1-f1,SO4
7.91010e+02,8.22917e-04,pp1-f1,SO4
0.00000e+00,8.33333e-05,pp1-f2,SO4
8.51400e+01,2.60417e-05,pp1-f2,SO4
9.80900e+01,5.20833e-05,pp1-f2,SO4
1.12090e+02,2.60417e-05,pp1-f2,SO4
1.26080e+02,2.60417e-05,pp1-f2,SO4
1.40050e+02,2.60417e-05,pp1-f2,SO4
1.61090e+02,2.60417e-05,pp1-f2,SO4
1.96060e+02,2.60417e-05,pp1-f2,SO4
2.24060e+02,2.60417e-05,pp1-f2,SO4
2.52040e+02,2.60417e-05,pp1-f2,SO4
2.80080e+02,2.60417e-05,pp1-f2,SO4
3.08080e+02,2.60417e-05,pp1-f2,SO4
3.36080e+02,2.60417e-05,pp1-f2,SO4
3.64080e+02,2.60417e-05,pp1-f2,SO4
4.55050e+02,6.25000e-05,pp1-f2,SO4
5.18090e+02,1.14583e-04,pp1-f2,SO4
6.09010e+02,4.68750e-04,pp1-f2,SO4
6.18060e+02,4.37500e-04,pp1-f2,SO4
6.18090e+02,4.16667e-04,pp1-f2,SO4
7.00090e+02,5.41667e-04,pp1-f2,SO4
7.91040e+02,7.29167e-04,pp1-f2,SO4
0.00000e+00,7.29167e-05,pp1-f3,SO4
9.80600e+01,7.29167e-05,pp1-f3,SO4
1.12090e+02,2.60417e-05,pp1-f3,SO4
1.61090e+02,8.33333e-05,pp1-f3,SO4
2.52020e+02,2.60417e-05,pp1-f3,SO4
3.36060e+02,2.60417e-05,pp1-f3,SO4
4.90050e+02,5.00000e-04,pp1-f3,SO4
5.18090e+02,4.58333e-04,pp1-f3,SO4
6.09010e+02,4.79167e-04,pp1-f3,SO4
6.18050e+02,4.37500e-04,pp1-f3,SO4
6.18080e+02,3.95833e-04,pp1-f3,SO4
7.00060e+02,4.27083e-04,pp1-f3,SO4
7.91020e+02,3.85417e-04,pp1-f3,SO4
0.00000e+00,8.33333e-05,wp1-f1,SO4
1.12050e+02,2.60417e-05,wp1-f1,SO4
1.40010e+02,2.60417e-05,wp1-f1,SO4
1.96050e+02,2.60417e-05,wp1-f1,SO4
2.80060e+02,2.60417e-05,wp1-f1,SO4
3.64060e+02,2.60417e-05,wp1-f1,SO4
5.18050e+02,0.00000e+00,wp1-f1,SO4
7.00060e+02,0.00000e+00,wp1-f1,SO4
0.00000e+00,6.25000e-05,wp1-f2,SO4
1.12050e+02,9.06250e-04,wp1-f2,SO4
1.26060e+02,9.16667e-04,wp1-f2,SO4
1.40020e+02,9.37500e-04,wp1-f2,SO4
1.96060e+02,9.16667e-04,wp1-f2,SO4
2.52010e+02,9.27083e-04,wp1-f2,SO4
3.36060e+02,8.64583e-04,wp1-f2,SO4
4.55050e+02,7.91667e-04,wp1-f2,SO4
5.18060e+02,1.09375e-03,wp1-f2,SO4
5.74050e+02,9.79167e-04,wp1-f2,SO4
6.18020e+02,8.54167e-04,wp1-f2,SO4
6.44090e+02,9.58333e-04,wp1-f2,SO4
7.00060e+02,8.64583e-04,wp1-f2,SO4
7.56040e+02,8.12500e-04,wp1-f2,SO4
8.26020e+02,9.37500e-04,wp1-f2,SO4
0.00000e+00,2.60417e-05,wp1-f3,SO4
6.14000e+00,2.60417e-05,wp1-f3,SO4
1.00500e+01,2.60417e-05,wp1-f3,SO4
1.41300e+01,2.60417e-05,wp1-f3,SO4
2.10600e+01,2.60417e-05,wp1-f3,SO4
2.80100e+01,2.60417e-05,wp1-f3,SO4
3.50600e+01,2.50000e-04,wp1-f3,SO4
4.20600e+01,2.50000e-04,wp1-f3,SO4
5.71200e+01,5.20833e-04,wp1-f3,SO4
7.00900e+01,9.16667e-04,wp1-f3,SO4
8.51300e+01,9.16667e-04,wp1-f3,SO4
9.80600e+01,9.27083e-04,wp1-f3,SO4
1.12050e+02,8.85417e-04,wp1-f3,SO4
1.40020e+02,8.43750e-04,wp1-f3,SO4
1.96050e+02,8.12500e-04,wp1-f3,SO4
2.52010e+02,7.60417e-04,wp1-f3,SO4
3.08060e+02,6.87500e-04,wp1-f3,SO4
3.64060e+02,8.02083e-04,wp1-f3,SO4
4.19050e+02,7.60417e-04,wp1-f3,SO4
4.90040e+02,9.37500e-04,wp1-f3,SO4
5.18060e+02,1.00000e-03,wp1-f3,SO4
6.09000e+02,6.45833e-04,wp1-f3,SO4
7.00060e+02,6.35417e-04,wp1-f3,SO4
7.91010e+02,7.81250e-04,wp1-f3,SO4
0.00000e+00,7.29167e-05,wp1-f4,SO4
2.80100e+01,5.20833e-05,wp1-f4,SO4
3.50500e+01,5.20833e-05,wp1-f4,SO4
4.20600e+01,2.60417e-05,wp1-f4,SO4
5.60500e+01,6.25000e-04,wp1-f4,SO4
7.00600e+01,8.85417e-04,wp1-f4,SO4
8.40600e+01,9.47917e-04,wp1-f4,SO4
9.80500e+01,9.27083e-04,wp1-f4,SO4
1.12040e+02,8.02083e-04,wp1-f4,SO4
1.26060e+02,7.81250e-04,wp1-f4,SO4
1.40010e+02,7.60417e-04,wp1-f4,SO4
1.61060e+02,8.02083e-04,wp1-f4,SO4
1.96050e+02,6.87500e-04,wp1-f4,SO4
2.24060e+02,6.14583e-04,wp1-f4,SO4
2.52000e+02,6.45833e-04,wp1-f4,SO4
2.80060e+02,7.08333e-04,wp1-f4,SO4
3.08060e+02,6.25000e-04,wp1-f4,SO4
3.36050e+02,7.29167e-04,wp1-f4,SO4
3.64060e+02,7.91667e-04,wp1-f4,SO4
4.19040e+02,7.50000e-04,wp1-f4,SO4
4.90020e+02,9.58333e-04,wp1-f4,SO4
5.18080e+02,1.02083e-03,wp1-f4,SO4
5.74050e+02,8.75000e-04,wp1-f4,SO4
6.44080e+02,8.22917e-04,wp1-f4,SO4
7.00050e+02,8.12500e-04,wp1-f4,SO4
7.56020e+02,7.70833e-04,wp1-f4,SO4
8.26020e+02,8.95833e-04,wp1-f4,SO4
0.00000e+00,6.25000e-05,wp1-f5,SO4
1.12040e+02,6.25000e-05,wp1-f5,SO4
1.40010e+02,2.60417e-05,wp1-f5,SO4
1.96050e+02,5.20833e-05,wp1-f5,SO4
2.80060e+02,2.60417e-05,wp1-f5,SO4
3.64050e+02,7.29167e-05,wp1-f5,SO4
5.18090e+02,1.35417e-04,wp1-f5,SO4
6.18010e+02,9.37500e-05,wp1-f5,SO4
6.18040e+02,9.37500e-05,wp1-f5,SO4
7.00050e+02,1.77083e-04,wp1-f5,SO4
0.00000e+00,8.33333e-05,wp2-f1,SO4
7.00200e+01,5.20833e-05,wp2-f1,SO4
1.26040e+02,6.25000e-05,wp2-f1,SO4
1.96000e+02,7.29167e-05,wp2-f1,SO4
3.08020e+02,6.25000e-05,wp2-f1,SO4
4.90010e+02,8.33333e-05,wp2-f1,SO4
5.17980e+02,6.25000e-05,wp2-f1,SO4
6.99980e+02,0.00000e+00,wp2-f1,SO4
0.00000e+00,7.29167e-05,wp2-f2,SO4
2.80500e+01,9.68750e-04,wp2-f2,SO4
4.20100e+01,1.00000e-03,wp2-f2,SO4
7.00200e+01,8.95833e-04,wp2-f2,SO4
9.80200e+01,9.47917e-04,wp2-f2,SO4
1.26100e+02,9.06250e-04,wp2-f2,SO4
1.96020e+02,7.39583e-04,wp2-f2,SO4
3.08020e+02,7.81250e-04,wp2-f2,SO4
4.55010e+02,1.02083e-03,wp2-f2,SO4
5.18010e+02,9.37500e-04,wp2-f2,SO4
5.74010e+02,6.97917e-04,wp2-f2,SO4
6.44010e+02,7.70833e-04,wp2-f2,SO4
7.00010e+02,7.08333e-04,wp2-f2,SO4
7.56000e+02,8.12500e-04,wp2-f2,SO4
8.26000e+02,7.60417e-04,wp2-f2,SO4
0.00000e+00,1.04167e-04,wp2-f3,SO4
2.04000e+00,2.60417e-05,wp2-f3,SO4
6.09000e+00,5.83333e-04,wp2-f3,SO4
1.40100e+01,9.58333e-04,wp2-f3,SO4
2.09800e+01,9.37500e-04,wp2-f3,SO4
2.80400e+01,1.00000e-03,wp2-f3,SO4
5.60200e+01,1.00000e-03,wp2-f3,SO4
8.40000e+01,8.64583e-04,wp2-f3,SO4
1.11980e+02,8.43750e-04,wp2-f3,SO4
1.61000e+02,6.14583e-04,wp2-f3,SO4
2.24020e+02,6.45833e-04,wp2-f3,SO4
2.80010e+02,5.93750e-04,wp2-f3,SO4
3.36010e+02,5.72917e-04,wp2-f3,SO4
4.19020e+02,7.29167e-04,wp2-f3,SO4
4.90010e+02,8.12500e-04,wp2-f3,SO4
5.18010e+02,8.02083e-04,wp2-f3,SO4
6.08980e+02,6.35417e-04,wp2-f3,SO4
7.00010e+02,5.41667e-04,wp2-f3,SO4
7.91050e+02,7.91667e-04,wp2-f3,SO4
0.00000e+00,5.20833e-05,wp2-f4,SO4
6.08000e+00,6.25000e-05,wp2-f4,SO4
9.98000e+00,3.75000e-04,wp2-f4,SO4
1.40000e+01,8.95833e-04,wp2-f4,SO4
2.09700e+01,9.58333e-04,wp2-f4,SO4
2.80200e+01,9.89583e-04,wp2-f4,SO4
3.50100e+01,9.89583e-04,wp2-f4,SO4
4.20100e+01,9.89583e-04,wp2-f4,SO4
5.60200e+01,9.79167e-04,wp2-f4,SO4
7.00100e+01,9.16667e-04,wp2-f4,SO4
8.40000e+01,8.02083e-04,wp2-f4,SO4
9.80200e+01,8.22917e-04,wp2-f4,SO4
1.12000e+02,8.22917e-04,wp2-f4,SO4
1.26050e+02,7.81250e-04,wp2-f4,SO4
1.39980e+02,7.29167e-04,wp2-f4,SO4
1.61010e+02,6.04167e-04,wp2-f4,SO4
1.96010e+02,6.35417e-04,wp2-f4,SO4
2.24010e+02,6.77083e-04,wp2-f4,SO4
2.52000e+02,5.72917e-04,wp2-f4,SO4
2.80000e+02,6.14583e-04,wp2-f4,SO4
3.08020e+02,6.66667e-04,wp2-f4,SO4
3.36010e+02,6.25000e-04,wp2-f4,SO4
3.64010e+02,7.08333e-04,wp2-f4,SO4
4.19020e+02,7.08333e-04,wp2-f4,SO4
4.90000e+02,8.43750e-04,wp2-f4,SO4
5.18010e+02,7.81250e-04,wp2-f4,SO4
5.74010e+02,5.41667e-04,wp2-f4,SO4
6.44020e+02,6.04167e-04,wp2-f4,SO4
7.00100e+02,5.31250e-04,wp2-f4,SO4
7.56000e+02,6.97917e-04,wp2-f4,SO4
8.25980e+02,6.04167e-04,wp2-f4,SO4
0.00000e+00,6.25000e-05,wp2-f5,SO4
2.80100e+01,1.25000e-04,wp2-f5,SO4
4.20000e+01,1.25000e-04,wp2-f5,SO4
7.00100e+01,2.60417e-05,wp2-f5,SO4
9.80100e+01,1.14583e-04,wp2-f5,SO4
1.26040e+02,1.56250e-04,wp2-f5,SO4
1.96010e+02,3.64583e-04,wp2-f5,SO4
3.08010e+02,4.58333e-04,wp2-f5,SO4
4.55010e+02,5.72917e-04,wp2-f5,SO4
5.18020e+02,5.93750e-04,wp2-f5,SO4
6.09000e+02,6.97917e-04,wp2-f5,SO4
7.00000e+02,6.25000e-04,wp2-f5,SO4
7.91000e+02,6.87500e-04,wp2-f5,SO4
0.00000e+00,2.60417e-05,wp3-f1,SO4
1.00500e+01,2.60417e-05,wp3-f1,SO4
1.41100e+01,2.60417e-05,wp3-f1,SO4
2.10500e+01,2.60417e-05,wp3-f1,SO4
2.79800e+01,6.25000e-05,wp3-f1,SO4
5.71200e+01,2.60417e-05,wp3-f1,SO4
8.40500e+01,7.29167e-05,wp3-f1,SO4
1.12010e+02,2.60417e-05,wp3-f1,SO4
1.61010e+02,7.29167e-05,wp3-f1,SO4
2.24040e+02,2.60417e-05,wp3-f1,SO4
2.80010e+02,2.60417e-05,wp3-f1,SO4
3.36020e+02,2.60417e-05,wp3-f1,SO4
4.55020e+02,0.00000e+00,wp3-f1,SO4
5.18020e+02,0.00000e+00,wp3-f1,SO4
7.00020e+02,0.00000e+00,wp3-f1,SO4
0.00000e+00,6.25000e-05,wp3-f2,SO4
2.06000e+00,7.29167e-05,wp3-f2,SO4
6.14000e+00,9.89583e-04,wp3-f2,SO4
1.00400e+01,9.89583e-04,wp3-f2,SO4
1.41000e+01,1.03125e-03,wp3-f2,SO4
2.10500e+01,9.16667e-04,wp3-f2,SO4
2.79800e+01,1.02083e-03,wp3-f2,SO4
5.71400e+01,9.58333e-04,wp3-f2,SO4
8.40400e+01,8.95833e-04,wp3-f2,SO4
1.12020e+02,8.95833e-04,wp3-f2,SO4
1.61060e+02,6.77083e-04,wp3-f2,SO4
2.24050e+02,7.81250e-04,wp3-f2,SO4
2.80050e+02,6.45833e-04,wp3-f2,SO4
3.36050e+02,6.56250e-04,wp3-f2,SO4
4.55040e+02,8.75000e-04,wp3-f2,SO4
5.18050e+02,8.33333e-04,wp3-f2,SO4
5.74040e+02,6.14583e-04,wp3-f2,SO4
6.44050e+02,6.66667e-04,wp3-f2,SO4
7.00050e+02,6.35417e-04,wp3-f2,SO4
7.56010e+02,7.39583e-04,wp3-f2,SO4
8.26000e+02,6.97917e-04,wp3-f2,SO4
0.00000e+00,2.60417e-05,wp3-f3,SO4
2.06000e+00,8.33333e-05,wp3-f3,SO4
6.13000e+00,8.95833e-04,wp3-f3,SO4
1.00200e+01,9.37500e-04,wp3-f3,SO4
1.41000e+01,9.68750e-04,wp3-f3,SO4
2.10200e+01,9.37500e-04,wp3-f3,SO4
2.79700e+01,9.89583e-04,wp3-f3,SO4
3.50500e+01,9.89583e-04,wp3-f3,SO4
4.20500e+01,8.33333e-04,wp3-f3,SO4
5.71400e+01,9.06250e-04,wp3-f3,SO4
7.00500e+01,9.16667e-04,wp3-f3,SO4
8.40200e+01,9.37500e-04,wp3-f3,SO4
9.80500e+01,8.43750e-04,wp3-f3,SO4
1.12020e+02,8.02083e-04,wp3-f3,SO4
1.26060e+02,7.50000e-04,wp3-f3,SO4
1.40000e+02,6.87500e-04,wp3-f3,SO4
1.61040e+02,5.10417e-04,wp3-f3,SO4
1.96020e+02,5.41667e-04,wp3-f3,SO4
2.24050e+02,7.39583e-04,wp3-f3,SO4
2.52020e+02,4.58333e-04,wp3-f3,SO4
2.80020e+02,7.18750e-04,wp3-f3,SO4
3.08060e+02,6.66667e-04,wp3-f3,SO4
3.36050e+02,5.72917e-04,wp3-f3,SO4
3.64050e+02,6.35417e-04,wp3-f3,SO4
4.19010e+02,7.70833e-04,wp3-f3,SO4
4.90020e+02,7.60417e-04,wp3-f3,SO4
5.18050e+02,6.87500e-04,wp3-f3,SO4
5.74020e+02,4.58333e-04,wp3-f3,SO4
6.18010e+02,5.93750e-04,wp3-f3,SO4
6.17980e+02,5.83333e-04,wp3-f3,SO4
6.44050e+02,5.83333e-04,wp3-f3,SO4
7.00040e+02,5.41667e-04,wp3-f3,SO4
7.56020e+02,6.56250e-04,wp3-f3,SO4
8.26010e+02,5.41667e-04,wp3-f3,SO4
0.00000e+00,2.60417e-05,wp3-f4,SO4
2.05000e+00,9.37500e-05,wp3-f4,SO4
6.13000e+00,9.79167e-04,wp3-f4,SO4
1.00100e+01,9.58333e-04,wp3-f4,SO4
1.40500e+01,1.14583e-03,wp3-f4,SO4
2.10200e+01,9.16667e-04,wp3-f4,SO4
2.79700e+01,9.89583e-04,wp3-f4,SO4
3.50200e+01,9.89583e-04,wp3-f4,SO4
4.20400e+01,8.33333e-04,wp3-f4,SO4
5.71500e+01,8.85417e-04,wp3-f4,SO4
7.00500e+01,8.95833e-04,wp3-f4,SO4
8.40200e+01,9.06250e-04,wp3-f4,SO4
9.80400e+01,8.22917e-04,wp3-f4,SO4
1.12010e+02,8.33333e-04,wp3-f4,SO4
1.26050e+02,7.81250e-04,wp3-f4,SO4
1.40000e+02,7.29167e-04,wp3-f4,SO4
1.61020e+02,5.83333e-04,wp3-f4,SO4
1.96020e+02,6.25000e-04,wp3-f4,SO4
2.24040e+02,6.56250e-04,wp3-f4,SO4
2.52010e+02,5.10417e-04,wp3-f4,SO4
2.80020e+02,6.04167e-04,wp3-f4,SO4
3.08050e+02,6.25000e-04,wp3-f4,SO4
3.36040e+02,5.52083e-04,wp3-f4,SO4
3.64010e+02,6.25000e-04,wp3-f4,SO4
4.19010e+02,6.35417e-04,wp3-f4,SO4
4.90010e+02,7.60417e-04,wp3-f4,SO4
5.18040e+02,7.08333e-04,wp3-f4,SO4
5.74020e+02,4.37500e-04,wp3-f4,SO4
6.44040e+02,5.20833e-04,wp3-f4,SO4
7.00040e+02,5.41667e-04,wp3-f4,SO4
7.56010e+02,6.45833e-04,wp3-f4,SO4
8.26010e+02,5.52083e-04,wp3-f4,SO4
0.00000e+00,2.60417e-05,wp3-f5,SO4
6.11000e+00,8.54167e-04,wp3-f5,SO4
1.00100e+01,8.85417e-04,wp3-f5,SO4
1.40500e+01,9.37500e-04,wp3-f5,SO4
2.10100e+01,8.95833e-04,wp3-f5,SO4
2.79600e+01,9.47917e-04,wp3-f5,SO4
5.71300e+01,8.95833e-04,wp3-f5,SO4
8.40200e+01,8.43750e-04,wp3-f5,SO4
1.12010e+02,8.43750e-04,wp3-f5,SO4
1.61020e+02,5.41667e-04,wp3-f5,SO4
2.80010e+02,6.04167e-04,wp3-f5,SO4
3.36020e+02,5.62500e-04,wp3-f5,SO4
4.55020e+02,9.06250e-04,wp3-f5,SO4
5.18020e+02,7.60417e-04,wp3-f5,SO4
5.74020e+02,4.89583e-04,wp3-f5,SO4
6.44020e+02,5.62500e-04,wp3-f5,SO4
7.00020e+02,5.62500e-04,wp3-f5,SO4
7.56010e+02,6.66667e-04,wp3-f5,SO4
8.26010e+02,5.83333e-04,wp3-f5,SO4
0.00000e+00,2.60417e-05,wp4-f1,SO4
5.17980e+02,0.00000e+00,wp4-f1,SO4
7.00000e+02,0.00000e+00,wp4-f1,SO4
0.00000e+00,6.25000e-05,wp4-f5,SO4
1.96000e+02,6.45833e-04,wp4-f5,SO4
3.36000e+02,7.81250e-04,wp4-f5,SO4
4.89980e+02,9.68750e-04,wp4-f5,SO4
5.18000e+02,9.68750e-04,wp4-f5,SO4
6.08980e+02,6.87500e-04,wp4-f5,SO4
6.99980e+02,6.35417e-04,wp4-f5,SO4
7.91000e+02,7.81250e-04,wp4-f5,SO4
2.10000e+00,1.79000e-02,influent,Tmp
6.05000e+00,1.97000e-02,influent,Tmp
1.00600e+01,2.03000e-02,influent,Tmp
1.41300e+01,2.22000e-02,influent,Tmp
2.10600e+01,2.10000e-02,influent,Tmp
2.80600e+01,2.12000e-02,influent,Tmp
3.50800e+01,2.07000e-02,influent,Tmp
4.20600e+01,2.20000e-02,influent,Tmp
5.60600e+01,1.81000e-02,influent,Tmp
7.01000e+01,1.63000e-02,influent,Tmp
8.51700e+01,1.48000e-02,influent,Tmp
9.81000e+01,1.43000e-02,influent,Tmp
1.12100e+02,1.37000e-02,influent,Tmp
1.26100e+02,1.12000e-02,influent,Tmp
1.40060e+02,7.80000e-03,influent,Tmp
1.61100e+02,5.00000e-03,influent,Tmp
1.96090e+02,1.90000e-03,influent,Tmp
2.24090e+02,6.90000e-03,influent,Tmp
2.52060e+02,1.09000e-02,influent,Tmp
2.80100e+02,1.17000e-02,influent,Tmp
3.08090e+02,1.61000e-02,influent,Tmp
3.36090e+02,2.28000e-02,influent,Tmp
3.64090e+02,1.95000e-02,influent,Tmp
3.92050e+02,2.15000e-02,influent,Tmp
4.19940e+02,2.13000e-02,influent,Tmp
4.55000e+02,1.79000e-02,influent,Tmp
4.90060e+02,1.08000e-02,influent,Tmp
5.18100e+02,8.30000e-03,influent,Tmp
5.46050e+02,8.20000e-03,influent,Tmp
5.74060e+02,9.00000e-03,influent,Tmp
6.09020e+02,9.00000e-03,influent,Tmp
6.44100e+02,9.50000e-03,influent,Tmp
6.72020e+02,1.83000e-02,influent,Tmp
7.00100e+02,1.98000e-02,influent,Tmp
7.28020e+02,1.96000e-02,influent,Tmp
7.56050e+02,2.08000e-02,influent,Tmp
7.91050e+02,1.88000e-02,influent,Tmp
8.26060e+02,1.27000e-02,influent,Tmp
8.54020e+02,8.90000e-03,influent,Tmp
1.01000e+00,1.70000e-02,pp1,Tmp
2.80900e+01,1.69000e-02,pp1,Tmp
5.71800e+01,1.73000e-02,pp1,Tmp
8.51500e+01,1.65000e-02,pp1,Tmp
9.80900e+01,1.70000e-02,pp1,Tmp
1.12090e+02,1.67000e-02,pp1,Tmp
1.26090e+02,1.63000e-02,pp1,Tmp
1.40060e+02,1.59000e-02,pp1,Tmp
1.61100e+02,1.60000e-02,pp1,Tmp
1.96060e+02,1.61000e-02,pp1,Tmp
2.24090e+02,1.66000e-02,pp1,Tmp
2.52050e+02,1.68000e-02,pp1,Tmp
2.80090e+02,1.69000e-02,pp1,Tmp
3.08090e+02,1.69000e-02,pp1,Tmp
3.36090e+02,1.69000e-02,pp1,Tmp
3.64090e+02,1.68000e-02,pp1,Tmp
4.19060e+02,1.70000e-02,pp1,Tmp
4.90050e+02,1.30000e-02,pp1,Tmp
5.18100e+02,5.70000e-03,pp1,Tmp
5.74050e+02,1.48000e-02,pp1,Tmp
6.44090e+02,1.58000e-02,pp1,Tmp
7.00090e+02,1.63000e-02,pp1,Tmp
7.56050e+02,1.59000e-02,pp1,Tmp
8.26050e+02,1.47000e-02,pp1,Tmp
0.00000e+00,1.70000e-02,pp1-f1,Tmp
5.71700e+01,1.70000e-02,pp1-f1,Tmp
8.51300e+01,1.69000e-02,pp1-f1,Tmp
1.12100e+02,1.69000e-02,pp1-f1,Tmp
1.61090e+02,1.67000e-02,pp1-f1,Tmp
2.52040e+02,1.69000e-02,pp1-f1,Tmp
3.36060e+02,1.70000e-02,pp1-f1,Tmp
4.90080e+02,1.20000e-02,pp1-f1,Tmp
5.18100e+02,1.51000e-02,pp1-f1,Tmp
6.09010e+02,1.48000e-02,pp1-f1,Tmp
7.00100e+02,1.56000e-02,pp1-f1,Tmp
7.91010e+02,1.57000e-02,pp1-f1,Tmp
0.00000e+00,1.68000e-02,pp1-f2,Tmp
5.71700e+01,1.66000e-02,pp1-f2,Tmp
8.51400e+01,1.65000e-02,pp1-f2,Tmp
9.80900e+01,1.65000e-02,pp1-f2,Tmp
1.12090e+02,1.64000e-02,pp1-f2,Tmp
1.26080e+02,1.64000e-02,pp1-f2,Tmp
1.40050e+02,1.65000e-02,pp1-f2,Tmp
1.61090e+02,1.63000e-02,pp1-f2,Tmp
1.96060e+02,1.64000e-02,pp1-f2,Tmp
2.24060e+02,1.64000e-02,pp1-f2,Tmp
2.52040e+02,1.65000e-02,pp1-f2,Tmp
2.80080e+02,1.64000e-02,pp1-f2,Tmp
3.08080e+02,1.64000e-02,pp1-f2,Tmp
3.36080e+02,1.64000e-02,pp1-f2,Tmp
3.64080e+02,1.64000e-02,pp1-f2,Tmp
4.55050e+02,1.65000e-02,pp1-f2,Tmp
5.18090e+02,1.64000e-02,pp1-f2,Tmp
6.09010e+02,1.56000e-02,pp1-f2,Tmp
6.18060e+02,1.64000e-02,pp1-f2,Tmp
6.18090e+02,1.64000e-02,pp1-f2,Tmp
7.00090e+02,1.64000e-02,pp1-f2,Tmp
7.91040e+02,1.64000e-02,pp1-f2,Tmp
0.00000e+00,1.66000e-02,pp1-f3,Tmp
5.71700e+01,1.64000e-02,pp1-f3,Tmp
8.51400e+01,1.65000e-02,pp1-f3,Tmp
9.80600e+01,1.63000e-02,pp1-f3,Tmp
1.12090e+02,1.62000e-02,pp1-f3,Tmp
1.61090e+02,1.61000e-02,pp1-f3,Tmp
2.52020e+02,1.62000e-02,pp1-f3,Tmp
3.36060e+02,1.64000e-02,pp1-f3,Tmp
4.90050e+02,1.63000e-02,pp1-f3,Tmp
5.18090e+02,1.64000e-02,pp1-f3,Tmp
6.09010e+02,1.58000e-02,pp1-f3,Tmp
6.18050e+02,1.63000e-02,pp1-f3,Tmp
6.18080e+02,1.63000e-02,pp1-f3,Tmp
7.00060e+02,1.64000e-02,pp1-f3,Tmp
7.91020e+02,1.64000e-02,pp1-f3,Tmp
0.00000e+00,1.70000e-02,wp1-f1,Tmp
2.81000e+01,1.70000e-02,wp1-f1,Tmp
5.60500e+01,1.69000e-02,wp1-f1,Tmp
7.00900e+01,1.70000e-02,wp1-f1,Tmp
8.40900e+01,1.74000e-02,wp1-f1,Tmp
1.12050e+02,1.84000e-02,wp1-f1,Tmp
1.40010e+02,1.76000e-02,wp1-f1,Tmp
1.96050e+02,1.52000e-02,wp1-f1,Tmp
2.80060e+02,9.20000e-03,wp1-f1,Tmp
3.64060e+02,1.12000e-02,wp1-f1,Tmp
5.18050e+02,1.76000e-02,wp1-f1,Tmp
7.00060e+02,1.12000e-02,wp1-f1,Tmp
0.00000e+00,1.70000e-02,wp1-f2,Tmp
2.80100e+01,1.70000e-02,wp1-f2,Tmp
5.60500e+01,1.69000e-02,wp1-f2,Tmp
7.00900e+01,1.70000e-02,wp1-f2,Tmp
8.40900e+01,1.74000e-02,wp1-f2,Tmp
9.80600e+01,1.79000e-02,wp1-f2,Tmp
1.12050e+02,1.84000e-02,wp1-f2,Tmp
1.26060e+02,1.79000e-02,wp1-f2,Tmp
1.40020e+02,1.76000e-02,wp1-f2,Tmp
1.96060e+02,1.52000e-02,wp1-f2,Tmp
2.52010e+02,1.06000e-02,wp1-f2,Tmp
3.36060e+02,1.03000e-02,wp1-f2,Tmp
4.55050e+02,1.64000e-02,wp1-f2,Tmp
5.18060e+02,1.76000e-02,wp1-f2,Tmp
5.74050e+02,1.46000e-02,wp1-f2,Tmp
6.18020e+02,1.22000e-02,wp1-f2,Tmp
6.44090e+02,1.16000e-02,wp1-f2,Tmp
7.00060e+02,1.12000e-02,wp1-f2,Tmp
7.56040e+02,1.38000e-02,wp1-f2,Tmp
8.26020e+02,1.77000e-02,wp1-f2,Tmp
0.00000e+00,1.68000e-02,wp1-f3,Tmp
2.09000e+00,1.67000e-02,wp1-f3,Tmp
6.14000e+00,1.68000e-02,wp1-f3,Tmp
1.00500e+01,1.68000e-02,wp1-f3,Tmp
1.41300e+01,1.68000e-02,wp1-f3,Tmp
2.10600e+01,1.68000e-02,wp1-f3,Tmp
2.80100e+01,1.68000e-02,wp1-f3,Tmp
3.50600e+01,1.68000e-02,wp1-f3,Tmp
4.20600e+01,1.67000e-02,wp1-f3,Tmp
5.71200e+01,1.68000e-02,wp1-f3,Tmp
7.00900e+01,1.75000e-02,wp1-f3,Tmp
8.51300e+01,1.85000e-02,wp1-f3,Tmp
9.80600e+01,1.94000e-02,wp1-f3,Tmp
1.12050e+02,1.99000e-02,wp1-f3,Tmp
1.40020e+02,1.81000e-02,wp1-f3,Tmp
1.96050e+02,1.24000e-02,wp1-f3,Tmp
2.52010e+02,4.60000e-03,wp1-f3,Tmp
3.08060e+02,3.80000e-03,wp1-f3,Tmp
3.64060e+02,1.12000e-02,wp1-f3,Tmp
4.19050e+02,1.82000e-02,wp1-f3,Tmp
4.90040e+02,2.17000e-02,wp1-f3,Tmp
5.18060e+02,1.91000e-02,wp1-f3,Tmp
6.09000e+02,9.00000e-03,wp1-f3,Tmp
7.00060e+02,9.50000e-03,wp1-f3,Tmp
7.91010e+02,1.93000e-02,wp1-f3,Tmp
0.00000e+00,1.66000e-02,wp1-f4,Tmp
2.80100e+01,1.66000e-02,wp1-f4,Tmp
3.50500e+01,1.66000e-02,wp1-f4,Tmp
4.20600e+01,1.66000e-02,wp1-f4,Tmp
5.60500e+01,1.66000e-02,wp1-f4,Tmp
7.00600e+01,1.66000e-02,wp1-f4,Tmp
8.40600e+01,1.69000e-02,wp1-f4,Tmp
9.80500e+01,1.80000e-02,wp1-f4,Tmp
1.12040e+02,1.95000e-02,wp1-f4,Tmp
1.26060e+02,1.96000e-02,wp1-f4,Tmp
1.40010e+02,1.95000e-02,wp1-f4,Tmp
1.61060e+02,1.77000e-02,wp1-f4,Tmp
1.96050e+02,1.41000e-02,wp1-f4,Tmp
2.24060e+02,1.11000e-02,wp1-f4,Tmp
2.52000e+02,7.10000e-03,wp1-f4,Tmp
2.80060e+02,3.70000e-03,wp1-f4,Tmp
3.08060e+02,2.70000e-03,wp1-f4,Tmp
3.36050e+02,6.90000e-03,wp1-f4,Tmp
3.64060e+02,9.90000e-03,wp1-f4,Tmp
4.19040e+02,1.75000e-02,wp1-f4,Tmp
4.90020e+02,2.17000e-02,wp1-f4,Tmp
5.18080e+02,2.03000e-02,wp1-f4,Tmp
5.74050e+02,1.30000e-02,wp1-f4,Tmp
6.44080e+02,8.10000e-03,wp1-f4,Tmp
7.00050e+02,9.00000e-03,wp1-f4,Tmp
7.56020e+02,1.59000e-02,wp1-f4,Tmp
8.26020e+02,2.13000e-02,wp1-f4,Tmp
0.00000e+00,1.64000e-02,wp1-f5,Tmp
2.80000e+01,1.65000e-02,wp1-f5,Tmp
5.60500e+01,1.63000e-02,wp1-f5,Tmp
7.00600e+01,1.63000e-02,wp1-f5,Tmp
8.40600e+01,1.64000e-02,wp1-f5,Tmp
9.80500e+01,1.66000e-02,wp1-f5,Tmp
1.12040e+02,1.69000e-02,wp1-f5,Tmp
1.40010e+02,1.69000e-02,wp1-f5,Tmp
1.96050e+02,1.67000e-02,wp1-f5,Tmp
2.80060e+02,1.38000e-02,wp1-f5,Tmp
3.64050e+02,1.23000e-02,wp1-f5,Tmp
5.18090e+02,1.67000e-02,wp1-f5,Tmp
6.18010e+02,1.41000e-02,wp1-f5,Tmp
6.18040e+02,1.41000e-02,wp1-f5,Tmp
7.00050e+02,1.25000e-02,wp1-f5,Tmp
0.00000e+00,1.71000e-02,wp2-f1,Tmp
1.40200e+01,1.71000e-02,wp2-f1,Tmp
2.79300e+01,1.71000e-02,wp2-f1,Tmp
4.20200e+01,1.62000e-02,wp2-f1,Tmp
7.00200e+01,1.72000e-02,wp2-f1,Tmp
1.26040e+02,1.74000e-02,wp2-f1,Tmp
1.96000e+02,1.66000e-02,wp2-f1,Tmp
3.08020e+02,1.48000e-02,wp2-f1,Tmp
4.90010e+02,1.14000e-02,wp2-f1,Tmp
5.17980e+02,1.61000e-02,wp2-f1,Tmp
6.99980e+02,1.48000e-02,wp2-f1,Tmp
0.00000e+00,1.69000e-02,wp2-f2,Tmp
6.06000e+00,1.69000e-02,wp2-f2,Tmp
1.00000e+01,1.70000e-02,wp2-f2,Tmp
1.40100e+01,1.73000e-02,wp2-f2,Tmp
2.09800e+01,1.86000e-02,wp2-f2,Tmp
2.80500e+01,1.90000e-02,wp2-f2,Tmp
3.50200e+01,1.90000e-02,wp2-f2,Tmp
4.20100e+01,1.97000e-02,wp2-f2,Tmp
7.00200e+01,1.89000e-02,wp2-f2,Tmp
9.80200e+01,1.56000e-02,wp2-f2,Tmp
1.26100e+02,1.34000e-02,wp2-f2,Tmp
1.96020e+02,4.90000e-03,wp2-f2,Tmp
3.08020e+02,1.09000e-02,wp2-f2,Tmp
4.55010e+02,1.77000e-02,wp2-f2,Tmp
5.18010e+02,1.10000e-02,wp2-f2,Tmp
5.74010e+02,1.00000e-02,wp2-f2,Tmp
6.44010e+02,1.05000e-02,wp2-f2,Tmp
7.00010e+02,1.60000e-02,wp2-f2,Tmp
7.56000e+02,1.87000e-02,wp2-f2,Tmp
8.26000e+02,1.66000e-02,wp2-f2,Tmp
0.00000e+00,1.68000e-02,wp2-f3,Tmp
2.04000e+00,1.68000e-02,wp2-f3,Tmp
6.09000e+00,1.68000e-02,wp2-f3,Tmp
1.40100e+01,1.78000e-02,wp2-f3,Tmp
2.09800e+01,1.98000e-02,wp2-f3,Tmp
2.80400e+01,2.12000e-02,wp2-f3,Tmp
5.60200e+01,2.10000e-02,wp2-f3,Tmp
8.40000e+01,1.57000e-02,wp2-f3,Tmp
1.11980e+02,1.33000e-02,wp2-f3,Tmp
1.61000e+02,5.80000e-03,wp2-f3,Tmp
2.24020e+02,4.30000e-03,wp2-f3,Tmp
2.80010e+02,1.07000e-02,wp2-f3,Tmp
3.36010e+02,1.73000e-02,wp2-f3,Tmp
4.19020e+02,2.28000e-02,wp2-f3,Tmp
4.90010e+02,1.25000e-02,wp2-f3,Tmp
5.18010e+02,9.20000e-03,wp2-f3,Tmp
6.08980e+02,9.80000e-03,wp2-f3,Tmp
7.00010e+02,1.84000e-02,wp2-f3,Tmp
7.91050e+02,1.79000e-02,wp2-f3,Tmp
0.00000e+00,1.66000e-02,wp2-f4,Tmp
2.02000e+00,1.66000e-02,wp2-f4,Tmp
6.08000e+00,1.66000e-02,wp2-f4,Tmp
9.98000e+00,1.66000e-02,wp2-f4,Tmp
1.40000e+01,1.68000e-02,wp2-f4,Tmp
2.09700e+01,1.61000e-02,wp2-f4,Tmp
2.80200e+01,1.99000e-02,wp2-f4,Tmp
3.50100e+01,2.10000e-02,wp2-f4,Tmp
4.20100e+01,2.10000e-02,wp2-f4,Tmp
5.60200e+01,2.06000e-02,wp2-f4,Tmp
7.00100e+01,1.92000e-02,wp2-f4,Tmp
8.40000e+01,1.68000e-02,wp2-f4,Tmp
9.80200e+01,1.47000e-02,wp2-f4,Tmp
1.12000e+02,1.36000e-02,wp2-f4,Tmp
1.26050e+02,1.24000e-02,wp2-f4,Tmp
1.39980e+02,1.08000e-02,wp2-f4,Tmp
1.61010e+02,5.70000e-03,wp2-f4,Tmp
1.96010e+02,1.50000e-03,wp2-f4,Tmp
2.24010e+02,2.60000e-03,wp2-f4,Tmp
2.52000e+02,8.50000e-03,wp2-f4,Tmp
2.80000e+02,1.01000e-02,wp2-f4,Tmp
3.08020e+02,1.10000e-02,wp2-f4,Tmp
3.36010e+02,1.73000e-02,wp2-f4,Tmp
3.64010e+02,1.99000e-02,wp2-f4,Tmp
4.19020e+02,2.30000e-02,wp2-f4,Tmp
4.90000e+02,1.31000e-02,wp2-f4,Tmp
5.18010e+02,9.30000e-03,wp2-f4,Tmp
5.74010e+02,8.30000e-03,wp2-f4,Tmp
6.44020e+02,9.80000e-03,wp2-f4,Tmp
7.00100e+02,1.87000e-02,wp2-f4,Tmp
7.56000e+02,2.04000e-02,wp2-f4,Tmp
8.25980e+02,1.58000e-02,wp2-f4,Tmp
0.00000e+00,1.62000e-02,wp2-f5,Tmp
6.06000e+00,1.62000e-02,wp2-f5,Tmp
1.40000e+01,1.62000e-02,wp2-f5,Tmp
2.80100e+01,1.62000e-02,wp2-f5,Tmp
4.20000e+01,1.63000e-02,wp2-f5,Tmp
7.00100e+01,1.66000e-02,wp2-f5,Tmp
9.80100e+01,1.67000e-02,wp2-f5,Tmp
1.26040e+02,1.66000e-02,wp2-f5,Tmp
1.96010e+02,1.56000e-02,wp2-f5,Tmp
3.08010e+02,1.36000e-02,wp2-f5,Tmp
4.55010e+02,1.49000e-02,wp2-f5,Tmp
5.18020e+02,1.49000e-02,wp2-f5,Tmp
6.09000e+02,1.39000e-02,wp2-f5,Tmp
7.00000e+02,1.33000e-02,wp2-f5,Tmp
7.91000e+02,1.52000e-02,wp2-f5,Tmp
0.00000e+00,1.71000e-02,wp3-f1,Tmp
2.09000e+00,1.71000e-02,wp3-f1,Tmp
6.10000e+00,1.71000e-02,wp3-f1,Tmp
1.00500e+01,1.71000e-02,wp3-f1,Tmp
1.41100e+01,1.71000e-02,wp3-f1,Tmp
2.10500e+01,1.71000e-02,wp3-f1,Tmp
2.79800e+01,1.70000e-02,wp3-f1,Tmp
5.71200e+01,1.72000e-02,wp3-f1,Tmp
8.40500e+01,1.73000e-02,wp3-f1,Tmp
1.12010e+02,1.71000e-02,wp3-f1,Tmp
1.61010e+02,1.64000e-02,wp3-f1,Tmp
2.24040e+02,1.51000e-02,wp3-f1,Tmp
2.80010e+02,1.47000e-02,wp3-f1,Tmp
3.36020e+02,1.48000e-02,wp3-f1,Tmp
4.55020e+02,1.58000e-02,wp3-f1,Tmp
5.18020e+02,1.58000e-02,wp3-f1,Tmp
7.00020e+02,1.49000e-02,wp3-f1,Tmp
0.00000e+00,1.70000e-02,wp3-f2,Tmp
2.06000e+00,1.70000e-02,wp3-f2,Tmp
6.14000e+00,1.72000e-02,wp3-f2,Tmp
1.00400e+01,1.81000e-02,wp3-f2,Tmp
1.41000e+01,1.89000e-02,wp3-f2,Tmp
2.10500e+01,2.01000e-02,wp3-f2,Tmp
2.79800e+01,1.70000e-02,wp3-f2,Tmp
5.71400e+01,1.98000e-02,wp3-f2,Tmp
8.40400e+01,1.53000e-02,wp3-f2,Tmp
1.12020e+02,1.38000e-02,wp3-f2,Tmp
1.61060e+02,7.60000e-03,wp3-f2,Tmp
2.24050e+02,6.20000e-03,wp3-f2,Tmp
2.80050e+02,1.07000e-02,wp3-f2,Tmp
3.36050e+02,1.70000e-02,wp3-f2,Tmp
4.55040e+02,1.70000e-02,wp3-f2,Tmp
5.18050e+02,1.82000e-02,wp3-f2,Tmp
5.74040e+02,8.70000e-03,wp3-f2,Tmp
6.44050e+02,1.16000e-02,wp3-f2,Tmp
7.00050e+02,1.80000e-02,wp3-f2,Tmp
7.56010e+02,1.99000e-02,wp3-f2,Tmp
8.26000e+02,1.43000e-02,wp3-f2,Tmp
0.00000e+00,1.68000e-02,wp3-f3,Tmp
2.06000e+00,1.67000e-02,wp3-f3,Tmp
6.13000e+00,1.77000e-02,wp3-f3,Tmp
1.00200e+01,1.93000e-02,wp3-f3,Tmp
1.41000e+01,2.01000e-02,wp3-f3,Tmp
2.10200e+01,2.14000e-02,wp3-f3,Tmp
2.79700e+01,1.67000e-02,wp3-f3,Tmp
3.50500e+01,2.03000e-02,wp3-f3,Tmp
4.20500e+01,2.04000e-02,wp3-f3,Tmp
5.71400e+01,1.95000e-02,wp3-f3,Tmp
7.00500e+01,1.71000e-02,wp3-f3,Tmp
8.40200e+01,1.41000e-02,wp3-f3,Tmp
9.80500e+01,1.34000e-02,wp3-f3,Tmp
1.12020e+02,1.24000e-02,wp3-f3,Tmp
1.26060e+02,1.10000e-02,wp3-f3,Tmp
1.40000e+02,6.80000e-03,wp3-f3,Tmp
1.61040e+02,5.10000e-03,wp3-f3,Tmp
1.96020e+02,1.50000e-03,wp3-f3,Tmp
2.24050e+02,6.30000e-03,wp3-f3,Tmp
2.52020e+02,1.01000e-02,wp3-f3,Tmp
2.80020e+02,1.08000e-02,wp3-f3,Tmp
3.08060e+02,1.17000e-02,wp3-f3,Tmp
3.36050e+02,1.90000e-02,wp3-f3,Tmp
3.64050e+02,1.84000e-02,wp3-f3,Tmp
4.19010e+02,2.26000e-02,wp3-f3,Tmp
4.90020e+02,9.10000e-03,wp3-f3,Tmp
5.18050e+02,8.60000e-03,wp3-f3,Tmp
5.74020e+02,7.20000e-03,wp3-f3,Tmp
6.18010e+02,9.10000e-03,wp3-f3,Tmp
6.17980e+02,9.10000e-03,wp3-f3,Tmp
6.44050e+02,1.25000e-02,wp3-f3,Tmp
7.00040e+02,1.98000e-02,wp3-f3,Tmp
7.56020e+02,2.02000e-02,wp3-f3,Tmp
8.26010e+02,1.24000e-02,wp3-f3,Tmp
0.00000e+00,1.65000e-02,wp3-f4,Tmp
2.05000e+00,1.66000e-02,wp3-f4,Tmp
6.13000e+00,1.73000e-02,wp3-f4,Tmp
1.00100e+01,1.87000e-02,wp3-f4,Tmp
1.40500e+01,1.99000e-02,wp3-f4,Tmp
2.10200e+01,2.16000e-02,wp3-f4,Tmp
2.79700e+01,1.65000e-02,wp3-f4,Tmp
3.50200e+01,2.07000e-02,wp3-f4,Tmp
4.20400e+01,2.06000e-02,wp3-f4,Tmp
5.71500e+01,1.99000e-02,wp3-f4,Tmp
7.00500e+01,1.73000e-02,wp3-f4,Tmp
8.40200e+01,1.41000e-02,wp3-f4,Tmp
9.80400e+01,1.35000e-02,wp3-f4,Tmp
1.12010e+02,1.26000e-02,wp3-f4,Tmp
1.26050e+02,1.15000e-02,wp3-f4,Tmp
1.40000e+02,7.20000e-03,wp3-f4,Tmp
1.61020e+02,5.30000e-03,wp3-f4,Tmp
1.96020e+02,1.40000e-03,wp3-f4,Tmp
2.24040e+02,5.80000e-03,wp3-f4,Tmp
2.52010e+02,1.00000e-02,wp3-f4,Tmp
2.80020e+02,1.07000e-02,wp3-f4,Tmp
3.08050e+02,1.16000e-02,wp3-f4,Tmp
3.36040e+02,1.90000e-02,wp3-f4,Tmp
3.64010e+02,1.85000e-02,wp3-f4,Tmp
4.19010e+02,2.24000e-02,wp3-f4,Tmp
4.90010e+02,9.30000e-03,wp3-f4,Tmp
5.18040e+02,8.60000e-03,wp3-f4,Tmp
5.74020e+02,7.20000e-03,wp3-f4,Tmp
6.44040e+02,1.23000e-02,wp3-f4,Tmp
7.00040e+02,1.97000e-02,wp3-f4,Tmp
7.56010e+02,2.02000e-02,wp3-f4,Tmp
8.26010e+02,1.24000e-02,wp3-f4,Tmp
0.00000e+00,1.63000e-02,wp3-f5,Tmp
2.06000e+00,1.65000e-02,wp3-f5,Tmp
6.11000e+00,1.69000e-02,wp3-f5,Tmp
1.00100e+01,1.78000e-02,wp3-f5,Tmp
1.40500e+01,1.90000e-02,wp3-f5,Tmp
2.10100e+01,2.06000e-02,wp3-f5,Tmp
2.79600e+01,1.64000e-02,wp3-f5,Tmp
5.71300e+01,2.01000e-02,wp3-f5,Tmp
8.40200e+01,1.50000e-02,wp3-f5,Tmp
1.12010e+02,1.34000e-02,wp3-f5,Tmp
1.61020e+02,6.40000e-03,wp3-f5,Tmp
2.24020e+02,5.20000e-03,wp3-f5,Tmp
2.80010e+02,1.04000e-02,wp3-f5,Tmp
3.36020e+02,1.78000e-02,wp3-f5,Tmp
4.55020e+02,1.68000e-02,wp3-f5,Tmp
5.18020e+02,9.50000e-03,wp3-f5,Tmp
5.74020e+02,8.00000e-03,wp3-f5,Tmp
6.44020e+02,1.17000e-02,wp3-f5,Tmp
7.00020e+02,1.90000e-02,wp3-f5,Tmp
7.56010e+02,2.02000e-02,wp3-f5,Tmp
8.26010e+02,1.36000e-02,wp3-f5,Tmp
0.00000e+00,1.70000e-02,wp4-f1,Tmp
2.79300e+01,1.70000e-02,wp4-f1,Tmp
5.60100e+01,1.70000e-02,wp4-f1,Tmp
7.00000e+01,1.72000e-02,wp4-f1,Tmp
9.80100e+01,1.77000e-02,wp4-f1,Tmp
1.26020e+02,1.72000e-02,wp4-f1,Tmp
1.96000e+02,1.36000e-02,wp4-f1,Tmp
3.08010e+02,1.11000e-02,wp4-f1,Tmp
5.17980e+02,1.60000e-02,wp4-f1,Tmp
7.00000e+02,1.26000e-02,wp4-f1,Tmp
0.00000e+00,1.63000e-02,wp4-f5,Tmp
2.10000e+01,1.64000e-02,wp4-f5,Tmp
2.79300e+01,1.64000e-02,wp4-f5,Tmp
3.50000e+01,1.64000e-02,wp4-f5,Tmp
4.19800e+01,1.64000e-02,wp4-f5,Tmp
5.60000e+01,1.67000e-02,wp4-f5,Tmp
6.99800e+01,1.75000e-02,wp4-f5,Tmp
9.80000e+01,1.90000e-02,wp4-f5,Tmp
1.26020e+02,1.83000e-02,wp4-f5,Tmp
1.96000e+02,1.22000e-02,wp4-f5,Tmp
3.36000e+02,9.70000e-03,wp4-f5,Tmp
4.89980e+02,1.89000e-02,wp4-f5,Tmp
5.18000e+02,1.65000e-02,wp4-f5,Tmp
6.08980e+02,1.03000e-02,wp4-f5,Tmp
6.99980e+02,1.08000e-02,wp4-f5,Tmp
7.91000e+02,1.82000e-02,wp4-f5,Tmp
2.10000e+00,2.27700e-03,influent,tic
6.05000e+00,2.24480e-03,influent,tic
1.00600e+01,2.35780e-03,influent,tic
1.41300e+01,2.44180e-03,influent,tic
2.10600e+01,2.47470e-03,influent,tic
2.80600e+01,2.44410e-03,influent,tic
3.50800e+01,2.51000e-03,influent,tic
4.20600e+01,2.37950e-03,influent,tic
5.60600e+01,2.05530e-03,influent,tic
7.01000e+01,1.97480e-03,influent,tic
8.51700e+01,1.88590e-03,influent,tic
9.81000e+01,2.13250e-03,influent,tic
1.12100e+02,2.34230e-03,influent,tic
1.26100e+02,2.46880e-03,influent,tic
1.40060e+02,2.40420e-03,influent,tic
1.61100e+02,2.02760e-03,influent,tic
1.96090e+02,3.14350e-03,influent,tic
2.24090e+02,2.70650e-03,influent,tic
2.52060e+02,1.99430e-03,influent,tic
2.80100e+02,2.36310e-03,influent,tic
3.08090e+02,2.28960e-03,influent,tic
3.36090e+02,1.84350e-03,influent,tic
3.64090e+02,1.80290e-03,influent,tic
3.92050e+02,2.00350e-03,influent,tic
4.19940e+02,2.22480e-03,influent,tic
4.55000e+02,2.80780e-03,influent,tic
4.90060e+02,2.78820e-03,influent,tic
5.18100e+02,2.99630e-03,influent,tic
5.46050e+02,2.29440e-03,influent,tic
5.74060e+02,2.28230e-03,influent,tic
6.09020e+02,2.70850e-03,influent,tic
6.44100e+02,2.22820e-03,influent,tic
6.72020e+02,2.04040e-03,influent,tic
7.00100e+02,2.27470e-03,influent,tic
7.28020e+02,2.13720e-03,influent,tic
7.56050e+02,2.26660e-03,influent,tic
7.91050e+02,2.38490e-03,influent,tic
8.26060e+02,2.28130e-03,influent,tic
8.54020e+02,1.67250e-03,influent,tic
1.01000e+00,9.26270e-03,pp1,tic
2.80900e+01,8.92800e-03,pp1,tic
8.51500e+01,8.94760e-03,pp1,tic
9.80900e+01,8.92360e-03,pp1,tic
1.12090e+02,8.66610e-03,pp1,tic
1.26090e+02,8.96370e-03,pp1,tic
1.40060e+02,8.34200e-03,pp1,tic
1.61100e+02,8.15680e-03,pp1,tic
1.96060e+02,7.02270e-03,pp1,tic
2.24090e+02,6.47560e-03,pp1,tic
2.52050e+02,6.49130e-03,pp1,tic
2.80090e+02,6.21780e-03,pp1,tic
3.08090e+02,5.69150e-03,pp1,tic
3.36090e+02,5.69250e-03,pp1,tic
3.64090e+02,6.23300e-03,pp1,tic
4.19060e+02,5.95510e-03,pp1,tic
4.90050e+02,5.58850e-03,pp1,tic
5.18100e+02,5.84970e-03,pp1,tic
5.74050e+02,5.34990e-03,pp1,tic
6.44090e+02,4.98370e-03,pp1,tic
7.00090e+02,5.54320e-03,pp1,tic
7.56050e+02,5.71630e-03,pp1,tic
8.26050e+02,4.63640e-03,pp1,tic
0.00000e+00,8.08460e-03,pp1-f1,tic
1.12100e+02,7.38090e-03,pp1-f1,tic
1.61090e+02,8.15040e-03,pp1-f1,tic
2.52040e+02,4.89880e-03,pp1-f1,tic
3.36060e+02,4.70970e-03,pp1-f1,tic
6.09010e+02,2.73880e-03,pp1-f1,tic
7.00100e+02,3.56400e-03,pp1-f1,tic
7.91010e+02,3.19450e-03,pp1-f1,tic
0.00000e+00,8.66860e-03,pp1-f2,tic
8.51400e+01,8.21750e-03,pp1-f2,tic
9.80900e+01,8.56230e-03,pp1-f2,tic
1.12090e+02,8.82750e-03,pp1-f2,tic
1.26080e+02,8.83070e-03,pp1-f2,tic
1.40050e+02,8.83140e-03,pp1-f2,tic
1.61090e+02,8.83180e-03,pp1-f2,tic
1.96060e+02,8.57410e-03,pp1-f2,tic
2.24060e+02,8.56640e-03,pp1-f2,tic
2.52040e+02,8.55780e-03,pp1-f2,tic
2.80080e+02,8.96090e-03,pp1-f2,tic
3.08080e+02,7.98140e-03,pp1-f2,tic
3.36080e+02,8.57100e-03,pp1-f2,tic
3.64080e+02,8.95050e-03,pp1-f2,tic
4.55050e+02,9.17520e-03,pp1-f2,tic
5.18090e+02,7.89720e-03,pp1-f2,tic
6.09010e+02,6.17260e-03,pp1-f2,tic
6.18060e+02,5.34770e-03,pp1-f2,tic
6.18090e+02,5.34740e-03,pp1-f2,tic
7.00090e+02,4.20050e-03,pp1-f2,tic
7.91040e+02,2.54620e-03,pp1-f2,tic
0.00000e+00,8.56610e-03,pp1-f3,tic
9.80600e+01,8.96540e-03,pp1-f3,tic
1.12090e+02,8.69820e-03,pp1-f3,tic
1.61090e+02,8.97640e-03,pp1-f3,tic
2.52020e+02,8.96310e-03,pp1-f3,tic
3.36060e+02,8.68760e-03,pp1-f3,tic
4.90050e+02,5.42850e-03,pp1-f3,tic
5.18090e+02,5.31620e-03,pp1-f3,tic
6.09010e+02,6.54450e-03,pp1-f3,tic
6.18050e+02,5.32020e-03,pp1-f3,tic
6.18080e+02,5.48020e-03,pp1-f3,tic
7.00060e+02,6.55760e-03,pp1-f3,tic
7.91020e+02,8.07820e-03,pp1-f3,tic
0.00000e+00,7.39300e-03,wp1-f1,tic
1.12050e+02,7.34970e-03,wp1-f1,tic
1.40010e+02,7.37760e-03,wp1-f1,tic
1.96050e+02,7.89230e-03,wp1-f1,tic
2.80060e+02,7.25150e-03,wp1-f1,tic
3.64060e+02,8.06690e-03,wp1-f1,tic
7.00060e+02,8.03980e-03,wp1-f1,tic
0.00000e+00,8.12760e-03,wp1-f2,tic
1.12050e+02,2.32640e-03,wp1-f2,tic
1.26060e+02,2.20320e-03,wp1-f2,tic
1.40020e+02,2.13770e-03,wp1-f2,tic
1.96060e+02,2.03210e-03,wp1-f2,tic
2.52010e+02,3.12980e-03,wp1-f2,tic
3.36060e+02,2.56480e-03,wp1-f2,tic
4.55050e+02,2.28570e-03,wp1-f2,tic
5.18060e+02,2.91310e-03,wp1-f2,tic
5.74050e+02,2.68940e-03,wp1-f2,tic
6.18020e+02,2.18240e-03,wp1-f2,tic
6.44090e+02,2.89630e-03,wp1-f2,tic
7.00060e+02,2.14140e-03,wp1-f2,tic
7.56040e+02,2.49720e-03,wp1-f2,tic
8.26020e+02,2.72680e-03,wp1-f2,tic
0.00000e+00,8.29740e-03,wp1-f3,tic
6.14000e+00,8.55190e-03,wp1-f3,tic
1.00500e+01,8.55030e-03,wp1-f3,tic
1.41300e+01,8.55030e-03,wp1-f3,tic
2.10600e+01,8.93420e-03,wp1-f3,tic
2.80100e+01,8.29120e-03,wp1-f3,tic
3.50600e+01,7.51260e-03,wp1-f3,tic
4.20600e+01,6.73850e-03,wp1-f3,tic
5.71200e+01,4.90940e-03,wp1-f3,tic
7.00900e+01,2.61270e-03,wp1-f3,tic
8.51300e+01,2.57410e-03,wp1-f3,tic
9.80600e+01,2.35440e-03,wp1-f3,tic
1.12050e+02,2.22550e-03,wp1-f3,tic
1.40020e+02,1.99990e-03,wp1-f3,tic
1.96050e+02,2.15030e-03,wp1-f3,tic
2.52010e+02,3.44990e-03,wp1-f3,tic
3.08060e+02,2.14540e-03,wp1-f3,tic
3.64060e+02,2.34640e-03,wp1-f3,tic
4.19050e+02,1.99620e-03,wp1-f3,tic
4.90040e+02,2.59460e-03,wp1-f3,tic
5.18060e+02,2.89080e-03,wp1-f3,tic
6.09000e+02,2.64280e-03,wp1-f3,tic
7.00060e+02,2.52200e-03,wp1-f3,tic
7.91010e+02,2.26370e-03,wp1-f3,tic
0.00000e+00,8.56610e-03,wp1-f4,tic
2.80100e+01,8.29890e-03,wp1-f4,tic
3.50500e+01,8.56450e-03,wp1-f4,tic
4.20600e+01,8.55830e-03,wp1-f4,tic
5.60500e+01,4.53210e-03,wp1-f4,tic
7.00600e+01,2.47960e-03,wp1-f4,tic
8.40600e+01,2.69070e-03,wp1-f4,tic
9.80500e+01,2.65970e-03,wp1-f4,tic
1.12040e+02,2.44590e-03,wp1-f4,tic
1.26060e+02,2.21280e-03,wp1-f4,tic
1.40010e+02,1.95750e-03,wp1-f4,tic
1.61060e+02,2.30660e-03,wp1-f4,tic
1.96050e+02,2.26560e-03,wp1-f4,tic
2.24060e+02,2.39220e-03,wp1-f4,tic
2.52000e+02,3.07210e-03,wp1-f4,tic
2.80060e+02,3.67220e-03,wp1-f4,tic
3.08060e+02,2.17270e-03,wp1-f4,tic
3.36050e+02,2.68060e-03,wp1-f4,tic
3.64060e+02,2.42770e-03,wp1-f4,tic
4.19040e+02,1.97010e-03,wp1-f4,tic
4.90020e+02,2.54700e-03,wp1-f4,tic
5.18080e+02,2.98420e-03,wp1-f4,tic
5.74050e+02,2.87460e-03,wp1-f4,tic
6.44080e+02,2.90660e-03,wp1-f4,tic
7.00050e+02,2.41060e-03,wp1-f4,tic
7.56020e+02,2.77720e-03,wp1-f4,tic
8.26020e+02,2.82170e-03,wp1-f4,tic
0.00000e+00,8.72520e-03,wp1-f5,tic
1.12040e+02,8.93880e-03,wp1-f5,tic
1.40010e+02,8.61040e-03,wp1-f5,tic
1.96050e+02,8.70080e-03,wp1-f5,tic
2.80060e+02,9.68930e-03,wp1-f5,tic
3.64050e+02,9.08740e-03,wp1-f5,tic
5.18090e+02,8.48760e-03,wp1-f5,tic
6.18010e+02,8.79440e-03,wp1-f5,tic
6.18040e+02,8.53470e-03,wp1-f5,tic
7.00050e+02,1.01350e-02,wp1-f5,tic
0.00000e+00,8.03840e-03,wp2-f1,tic
7.00200e+01,7.58900e-03,wp2-f1,tic
1.26040e+02,7.58780e-03,wp2-f1,tic
1.96000e+02,7.81840e-03,wp2-f1,tic
3.08020e+02,7.30420e-03,wp2-f1,tic
6.99980e+02,8.27720e-03,wp2-f1,tic
0.00000e+00,8.54330e-03,wp2-f2,tic
2.80500e+01,2.53970e-03,wp2-f2,tic
4.20100e+01,2.56860e-03,wp2-f2,tic
7.00200e+01,2.16540e-03,wp2-f2,tic
9.80200e+01,1.96150e-03,wp2-f2,tic
1.26100e+02,2.56260e-03,wp2-f2,tic
1.96020e+02,3.31760e-03,wp2-f2,tic
3.08020e+02,2.43310e-03,wp2-f2,tic
4.55010e+02,2.90200e-03,wp2-f2,tic
5.18010e+02,3.04300e-03,wp2-f2,tic
5.74010e+02,2.11060e-03,wp2-f2,tic
6.44010e+02,2.54460e-03,wp2-f2,tic
7.00010e+02,2.42800e-03,wp2-f2,tic
7.56000e+02,2.35490e-03,wp2-f2,tic
8.26000e+02,1.75200e-03,wp2-f2,tic
0.00000e+00,8.55350e-03,wp2-f3,tic
6.09000e+00,4.78500e-03,wp2-f3,tic
1.40100e+01,2.33300e-03,wp2-f3,tic
2.09800e+01,2.39910e-03,wp2-f3,tic
2.80400e+01,2.49060e-03,wp2-f3,tic
5.60200e+01,2.33370e-03,wp2-f3,tic
8.40000e+01,1.94850e-03,wp2-f3,tic
1.11980e+02,2.68020e-03,wp2-f3,tic
1.61000e+02,2.27200e-03,wp2-f3,tic
2.24020e+02,3.05220e-03,wp2-f3,tic
2.80010e+02,2.72270e-03,wp2-f3,tic
3.36010e+02,1.78250e-03,wp2-f3,tic
4.19020e+02,2.32950e-03,wp2-f3,tic
4.90010e+02,3.00850e-03,wp2-f3,tic
5.18010e+02,3.08790e-03,wp2-f3,tic
6.08980e+02,3.20960e-03,wp2-f3,tic
7.00010e+02,2.27540e-03,wp2-f3,tic
7.91050e+02,3.02940e-03,wp2-f3,tic
0.00000e+00,8.55980e-03,wp2-f4,tic
6.08000e+00,8.81600e-03,wp2-f4,tic
9.98000e+00,5.70970e-03,wp2-f4,tic
1.40000e+01,2.50630e-03,wp2-f4,tic
2.09700e+01,2.48780e-03,wp2-f4,tic
2.80200e+01,2.53340e-03,wp2-f4,tic
3.50100e+01,2.54190e-03,wp2-f4,tic
4.20100e+01,2.51980e-03,wp2-f4,tic
5.60200e+01,2.49620e-03,wp2-f4,tic
7.00100e+01,2.24360e-03,wp2-f4,tic
8.40000e+01,1.93560e-03,wp2-f4,tic
9.80200e+01,2.08120e-03,wp2-f4,tic
1.12000e+02,2.30290e-03,wp2-f4,tic
1.26050e+02,2.57490e-03,wp2-f4,tic
1.39980e+02,2.30790e-03,wp2-f4,tic
1.61010e+02,2.18500e-03,wp2-f4,tic
1.96010e+02,3.47070e-03,wp2-f4,tic
2.24010e+02,3.47400e-03,wp2-f4,tic
2.52000e+02,2.27330e-03,wp2-f4,tic
2.80000e+02,2.91680e-03,wp2-f4,tic
3.08020e+02,2.40830e-03,wp2-f4,tic
3.36010e+02,1.73660e-03,wp2-f4,tic
3.64010e+02,1.55030e-03,wp2-f4,tic
4.19020e+02,2.17330e-03,wp2-f4,tic
4.90000e+02,2.87110e-03,wp2-f4,tic
5.18010e+02,4.24260e-03,wp2-f4,tic
5.74010e+02,2.17340e-03,wp2-f4,tic
6.44020e+02,3.07830e-03,wp2-f4,tic
7.00100e+02,2.40940e-03,wp2-f4,tic
7.56000e+02,2.43710e-03,wp2-f4,tic
8.25980e+02,1.88810e-03,wp2-f4,tic
0.00000e+00,8.43480e-03,wp2-f5,tic
2.80100e+01,8.42470e-03,wp2-f5,tic
4.20000e+01,8.42370e-03,wp2-f5,tic
7.00100e+01,8.39790e-03,wp2-f5,tic
9.80100e+01,8.39690e-03,wp2-f5,tic
1.26040e+02,8.24020e-03,wp2-f5,tic
1.96010e+02,6.51870e-03,wp2-f5,tic
3.08010e+02,5.81710e-03,wp2-f5,tic
4.55010e+02,1.01270e-02,wp2-f5,tic
5.18020e+02,3.22350e-03,wp2-f5,tic
6.09000e+02,5.32790e-03,wp2-f5,tic
7.00000e+02,4.74510e-03,wp2-f5,tic
7.91000e+02,5.23460e-03,wp2-f5,tic
0.00000e+00,8.07490e-03,wp3-f1,tic
1.00500e+01,7.59100e-03,wp3-f1,tic
1.41100e+01,7.59180e-03,wp3-f1,tic
2.10500e+01,7.58920e-03,wp3-f1,tic
2.79800e+01,7.59070e-03,wp3-f1,tic
5.71200e+01,7.58430e-03,wp3-f1,tic
8.40500e+01,7.37610e-03,wp3-f1,tic
1.12010e+02,7.38780e-03,wp3-f1,tic
1.61010e+02,7.57930e-03,wp3-f1,tic
2.24040e+02,7.65540e-03,wp3-f1,tic
2.80010e+02,7.67540e-03,wp3-f1,tic
3.36020e+02,7.66900e-03,wp3-f1,tic
4.55020e+02,7.77830e-03,wp3-f1,tic
7.00020e+02,7.58510e-03,wp3-f1,tic
0.00000e+00,8.54100e-03,wp3-f2,tic
6.14000e+00,2.34040e-03,wp3-f2,tic
1.00400e+01,2.44090e-03,wp3-f2,tic
1.41000e+01,2.47090e-03,wp3-f2,tic
2.10500e+01,2.60370e-03,wp3-f2,tic
2.79800e+01,2.70310e-03,wp3-f2,tic
5.71400e+01,2.39780e-03,wp3-f2,tic
8.40400e+01,2.04480e-03,wp3-f2,tic
1.12020e+02,2.50110e-03,wp3-f2,tic
1.61060e+02,2.25070e-03,wp3-f2,tic
2.24050e+02,3.09280e-03,wp3-f2,tic
2.80050e+02,2.97830e-03,wp3-f2,tic
3.36050e+02,1.88970e-03,wp3-f2,tic
4.55040e+02,3.04530e-03,wp3-f2,tic
5.18050e+02,2.62480e-03,wp3-f2,tic
5.74040e+02,2.71980e-03,wp3-f2,tic
6.44050e+02,3.17130e-03,wp3-f2,tic
7.00050e+02,2.34550e-03,wp3-f2,tic
7.56010e+02,2.28650e-03,wp3-f2,tic
8.26000e+02,2.03820e-03,wp3-f2,tic
0.00000e+00,8.93940e-03,wp3-f3,tic
2.06000e+00,8.94560e-03,wp3-f3,tic
6.13000e+00,2.31360e-03,wp3-f3,tic
1.00200e+01,2.29910e-03,wp3-f3,tic
1.41000e+01,2.50130e-03,wp3-f3,tic
2.10200e+01,2.53310e-03,wp3-f3,tic
2.79700e+01,2.52940e-03,wp3-f3,tic
3.50500e+01,2.49750e-03,wp3-f3,tic
4.20500e+01,2.23770e-03,wp3-f3,tic
5.71400e+01,2.24160e-03,wp3-f3,tic
7.00500e+01,1.96080e-03,wp3-f3,tic
8.40200e+01,1.94220e-03,wp3-f3,tic
9.80500e+01,2.18110e-03,wp3-f3,tic
1.12020e+02,2.57310e-03,wp3-f3,tic
1.26060e+02,2.62510e-03,wp3-f3,tic
1.40000e+02,2.48640e-03,wp3-f3,tic
1.61040e+02,2.29310e-03,wp3-f3,tic
1.96020e+02,3.35390e-03,wp3-f3,tic
2.24050e+02,3.09090e-03,wp3-f3,tic
2.52020e+02,1.91130e-03,wp3-f3,tic
2.80020e+02,2.59050e-03,wp3-f3,tic
3.08060e+02,2.52860e-03,wp3-f3,tic
3.36050e+02,1.94890e-03,wp3-f3,tic
3.64050e+02,1.77220e-03,wp3-f3,tic
4.19010e+02,2.22040e-03,wp3-f3,tic
4.90020e+02,3.09210e-03,wp3-f3,tic
5.18050e+02,2.97510e-03,wp3-f3,tic
5.74020e+02,2.55030e-03,wp3-f3,tic
6.18010e+02,2.84570e-03,wp3-f3,tic
6.17980e+02,2.84590e-03,wp3-f3,tic
6.44050e+02,2.25950e-03,wp3-f3,tic
7.00040e+02,2.21120e-03,wp3-f3,tic
7.56020e+02,2.26600e-03,wp3-f3,tic
8.26010e+02,2.19110e-03,wp3-f3,tic
0.00000e+00,8.82500e-03,wp3-f4,tic
2.05000e+00,8.82240e-03,wp3-f4,tic
6.13000e+00,2.48820e-03,wp3-f4,tic
1.00100e+01,2.36530e-03,wp3-f4,tic
1.40500e+01,2.53260e-03,wp3-f4,tic
2.10200e+01,2.59140e-03,wp3-f4,tic
2.79700e+01,2.67550e-03,wp3-f4,tic
3.50200e+01,2.58380e-03,wp3-f4,tic
4.20400e+01,2.28830e-03,wp3-f4,tic
5.71500e+01,2.39060e-03,wp3-f4,tic
7.00500e+01,2.05410e-03,wp3-f4,tic
8.40200e+01,1.96920e-03,wp3-f4,tic
9.80400e+01,2.21720e-03,wp3-f4,tic
1.12010e+02,2.39370e-03,wp3-f4,tic
1.26050e+02,2.61390e-03,wp3-f4,tic
1.40000e+02,2.58600e-03,wp3-f4,tic
1.61020e+02,2.35070e-03,wp3-f4,tic
1.96020e+02,3.39050e-03,wp3-f4,tic
2.24040e+02,3.10970e-03,wp3-f4,tic
2.52010e+02,1.88120e-03,wp3-f4,tic
2.80020e+02,2.73720e-03,wp3-f4,tic
3.08050e+02,2.64510e-03,wp3-f4,tic
3.36040e+02,1.94110e-03,wp3-f4,tic
3.64010e+02,1.99300e-03,wp3-f4,tic
4.19010e+02,2.61040e-03,wp3-f4,tic
4.90010e+02,3.08660e-03,wp3-f4,tic
5.18040e+02,2.85620e-03,wp3-f4,tic
5.74020e+02,2.55030e-03,wp3-f4,tic
6.44040e+02,2.24950e-03,wp3-f4,tic
7.00040e+02,2.27470e-03,wp3-f4,tic
7.56010e+02,2.30140e-03,wp3-f4,tic
8.26010e+02,2.17380e-03,wp3-f4,tic
0.00000e+00,8.70070e-03,wp3-f5,tic
6.11000e+00,3.22200e-03,wp3-f5,tic
1.00100e+01,2.75230e-03,wp3-f5,tic
1.40500e+01,2.59590e-03,wp3-f5,tic
2.10100e+01,2.71550e-03,wp3-f5,tic
2.79600e+01,2.68060e-03,wp3-f5,tic
5.71300e+01,2.44130e-03,wp3-f5,tic
8.40200e+01,2.09560e-03,wp3-f5,tic
1.12010e+02,2.58120e-03,wp3-f5,tic
1.61020e+02,2.28620e-03,wp3-f5,tic
2.80010e+02,2.74380e-03,wp3-f5,tic
3.36020e+02,2.00340e-03,wp3-f5,tic
4.55020e+02,2.92700e-03,wp3-f5,tic
5.18020e+02,2.85110e-03,wp3-f5,tic
5.74020e+02,2.42560e-03,wp3-f5,tic
6.44020e+02,2.28290e-03,wp3-f5,tic
7.00020e+02,2.29260e-03,wp3-f5,tic
7.56010e+02,2.30140e-03,wp3-f5,tic
8.26010e+02,2.10230e-03,wp3-f5,tic
0.00000e+00,8.48580e-03,wp4-f1,tic
5.17980e+02,8.51280e-03,wp4-f1,tic
7.00000e+02,1.08290e-02,wp4-f1,tic
0.00000e+00,8.83330e-03,wp4-f5,tic
1.96000e+02,2.06450e-03,wp4-f5,tic
