time,value,obsid,var
2.1,0.001771457,influent,ca
6.05,0.001821357,influent,ca
10.06,0.001846307,influent,ca
14.13,0.001921158,influent,ca
21.06,0.001821357,influent,ca
28.06,0.001946108,influent,ca
35.08,0.001946108,influent,ca
42.06,0.001996008,influent,ca
56.06,0.001671657,influent,ca
70.1,0.001646707,influent,ca
85.17,0.001621756,influent,ca
98.1,0.001646707,influent,ca
112.1,0.001721557,influent,ca
126.1,0.001646707,influent,ca
140.06,0.001696607,influent,ca
161.1,0.001447106,influent,ca
196.09,0.001871257,influent,ca
224.09,0.001696607,influent,ca
252.06,0.001422156,influent,ca
280.1,0.001671657,influent,ca
308.09,0.001646707,influent,ca
336.09,0.001422156,influent,ca
364.09,0.001347305,influent,ca
392.05,0.001422156,influent,ca
419.94,0.001497006,influent,ca
455.0,0.001871257,influent,ca
490.06,0.001621756,influent,ca
518.1,0.001746507,influent,ca
546.05,0.001497006,influent,ca
574.06,0.001521956,influent,ca
609.02,0.001821357,influent,ca
644.1,0.001546906,influent,ca
672.02,0.001322355,influent,ca
700.1,0.001521956,influent,ca
728.02,0.001521956,influent,ca
756.05,0.001571856,influent,ca
791.05,0.001596806,influent,ca
826.06,0.001571856,influent,ca
854.02,0.001197605,influent,ca
1.01,0.001971058,pp1,ca
98.09,0.001821357,pp1,ca
112.09,0.001871257,pp1,ca
126.09,0.001896208,pp1,ca
140.06,0.001846307,pp1,ca
161.1,0.001871257,pp1,ca
196.06,0.001746507,pp1,ca
224.09,0.001796407,pp1,ca
252.05,0.001771457,pp1,ca
280.09,0.001696607,pp1,ca
308.09,0.001696607,pp1,ca
336.09,0.001721557,pp1,ca
364.09,0.001646707,pp1,ca
419.06,0.001621756,pp1,ca
490.05,0.001472056,pp1,ca
518.1,0.001546906,pp1,ca
574.05,0.001671657,pp1,ca
644.09,0.001671657,pp1,ca
700.09,0.001571856,pp1,ca
756.05,0.001621756,pp1,ca
826.05,0.001646707,pp1,ca
0.0,0.001896208,pp1_f1,ca
336.06,0.001696607,pp1_f1,ca
518.1,0.001472056,pp1_f1,ca
609.01,0.001372255,pp1_f1,ca
700.1,0.001621756,pp1_f1,ca
791.01,0.001771457,pp1_f1,ca
0.0,0.001921158,pp1_f2,ca
98.09,0.001771457,pp1_f2,ca
112.09,0.001871257,pp1_f2,ca
126.08,0.001896208,pp1_f2,ca
140.05,0.001846307,pp1_f2,ca
161.09,0.001896208,pp1_f2,ca
196.06,0.001796407,pp1_f2,ca
224.06,0.001846307,pp1_f2,ca
252.04,0.001846307,pp1_f2,ca
280.08,0.001796407,pp1_f2,ca
308.08,0.001821357,pp1_f2,ca
336.08,0.001896208,pp1_f2,ca
364.08,0.001821357,pp1_f2,ca
455.05,0.001921158,pp1_f2,ca
518.09,0.001771457,pp1_f2,ca
609.01,0.001621756,pp1_f2,ca
618.06,0.001621756,pp1_f2,ca
618.09,0.001621756,pp1_f2,ca
700.09,0.001497006,pp1_f2,ca
791.04,0.001397206,pp1_f2,ca
0.0,0.001896208,pp1_f3,ca
336.06,0.001896208,pp1_f3,ca
518.09,0.001497006,pp1_f3,ca
609.01,0.001521956,pp1_f3,ca
618.05,0.001521956,pp1_f3,ca
618.08,0.001596806,pp1_f3,ca
700.06,0.001497006,pp1_f3,ca
791.02,0.001746507,pp1_f3,ca
0.0,0.001746507,wp1_f1,ca
364.06,0.001621756,wp1_f1,ca
0.0,0.001721557,wp1_f2,ca
140.02,0.001571856,wp1_f2,ca
196.06,0.001472056,wp1_f2,ca
252.01,0.001796407,wp1_f2,ca
336.06,0.001696607,wp1_f2,ca
518.06,0.001846307,wp1_f2,ca
574.05,0.001746507,wp1_f2,ca
618.02,0.001422156,wp1_f2,ca
644.09,0.001671657,wp1_f2,ca
700.06,0.001422156,wp1_f2,ca
756.04,0.001521956,wp1_f2,ca
826.02,0.001721557,wp1_f2,ca
0.0,0.001871257,wp1_f3,ca
6.14,0.001871257,wp1_f3,ca
10.05,0.001921158,wp1_f3,ca
14.13,0.001871257,wp1_f3,ca
21.06,0.001846307,wp1_f3,ca
28.01,0.001846307,wp1_f3,ca
35.06,0.001946108,wp1_f3,ca
42.06,0.001921158,wp1_f3,ca
57.12,0.001771457,wp1_f3,ca
70.09,0.001646707,wp1_f3,ca
85.13,0.001771457,wp1_f3,ca
98.06,0.001546906,wp1_f3,ca
112.05,0.001571856,wp1_f3,ca
140.02,0.001497006,wp1_f3,ca
196.05,0.001546906,wp1_f3,ca
252.01,0.001821357,wp1_f3,ca
308.06,0.001497006,wp1_f3,ca
364.06,0.001472056,wp1_f3,ca
419.05,0.001347305,wp1_f3,ca
490.04,0.001596806,wp1_f3,ca
518.06,0.001796407,wp1_f3,ca
609.0,0.001472056,wp1_f3,ca
700.06,0.001422156,wp1_f3,ca
791.01,0.001696607,wp1_f3,ca
0.0,0.001846307,wp1_f4,ca
42.06,0.001996008,wp1_f4,ca
56.05,0.001846307,wp1_f4,ca
70.06,0.001521956,wp1_f4,ca
84.06,0.001596806,wp1_f4,ca
98.05,0.001397206,wp1_f4,ca
112.04,0.001347305,wp1_f4,ca
126.06,0.001247505,wp1_f4,ca
140.01,0.001222555,wp1_f4,ca
161.06,0.001521956,wp1_f4,ca
196.05,0.001521956,wp1_f4,ca
224.06,0.001422156,wp1_f4,ca
252.0,0.001771457,wp1_f4,ca
280.06,0.001671657,wp1_f4,ca
308.06,0.001372255,wp1_f4,ca
336.05,0.001621756,wp1_f4,ca
364.06,0.001447106,wp1_f4,ca
419.04,0.001422156,wp1_f4,ca
490.02,0.001571856,wp1_f4,ca
518.08,0.001821357,wp1_f4,ca
574.05,0.001871257,wp1_f4,ca
644.08,0.001671657,wp1_f4,ca
700.05,0.001447106,wp1_f4,ca
756.02,0.001497006,wp1_f4,ca
826.02,0.001771457,wp1_f4,ca
0.0,0.002045908,wp1_f5,ca
196.05,0.002095808,wp1_f5,ca
280.06,0.0,wp1_f5,ca
364.05,0.0,wp1_f5,ca
518.09,0.0,wp1_f5,ca
618.01,0.001946108,wp1_f5,ca
618.04,0.001921158,wp1_f5,ca
700.05,0.001896208,wp1_f5,ca
699.98,0.001796407,wp2_f1,ca
0.0,0.001796407,wp2_f2,ca
518.01,0.001771457,wp2_f2,ca
574.01,0.001472056,wp2_f2,ca
644.01,0.001497006,wp2_f2,ca
700.01,0.001447106,wp2_f2,ca
756.0,0.001571856,wp2_f2,ca
826.0,0.001297405,wp2_f2,ca
0.0,0.001846307,wp2_f3,ca
161.0,0.001372255,wp2_f3,ca
490.01,0.001721557,wp2_f3,ca
518.01,0.001771457,wp2_f3,ca
608.98,0.001846307,wp2_f3,ca
700.01,0.001472056,wp2_f3,ca
791.05,0.001721557,wp2_f3,ca
0.0,0.001871257,wp2_f4,ca
6.08,0.001871257,wp2_f4,ca
9.98,0.001896208,wp2_f4,ca
14.0,0.001621756,wp2_f4,ca
20.97,0.001521956,wp2_f4,ca
28.02,0.001571856,wp2_f4,ca
35.01,0.001771457,wp2_f4,ca
42.01,0.001871257,wp2_f4,ca
56.02,0.001921158,wp2_f4,ca
70.01,0.001846307,wp2_f4,ca
84.0,0.001671657,wp2_f4,ca
98.02,0.001621756,wp2_f4,ca
112.0,0.001571856,wp2_f4,ca
126.05,0.001671657,wp2_f4,ca
139.98,0.001671657,wp2_f4,ca
161.01,0.001397206,wp2_f4,ca
196.01,0.001621756,wp2_f4,ca
224.01,0.001921158,wp2_f4,ca
252.0,0.001521956,wp2_f4,ca
280.0,0.001646707,wp2_f4,ca
308.02,0.001671657,wp2_f4,ca
336.01,0.001347305,wp2_f4,ca
364.01,0.001347305,wp2_f4,ca
419.02,0.001546906,wp2_f4,ca
490.0,0.001746507,wp2_f4,ca
518.01,0.001771457,wp2_f4,ca
574.01,0.001447106,wp2_f4,ca
644.02,0.001521956,wp2_f4,ca
700.1,0.001472056,wp2_f4,ca
756.0,0.001571856,wp2_f4,ca
825.98,0.001297405,wp2_f4,ca
0.0,0.001746507,wp2_f5,ca
196.01,0.001671657,wp2_f5,ca
518.02,0.001621756,wp2_f5,ca
609.0,0.001721557,wp2_f5,ca
700.0,0.001596806,wp2_f5,ca
791.0,0.001696607,wp2_f5,ca
0.0,0.001696607,wp3_f1,ca
161.01,0.001646707,wp3_f1,ca
700.02,0.001646707,wp3_f1,ca
0.0,0.001871257,wp3_f2,ca
161.06,0.001397206,wp3_f2,ca
518.05,0.001746507,wp3_f2,ca
574.04,0.001596806,wp3_f2,ca
644.05,0.001497006,wp3_f2,ca
700.05,0.001497006,wp3_f2,ca
756.01,0.001521956,wp3_f2,ca
826.0,0.001397206,wp3_f2,ca
0.0,0.001896208,wp3_f3,ca
2.06,0.001846307,wp3_f3,ca
6.13,0.001472056,wp3_f3,ca
10.02,0.001771457,wp3_f3,ca
14.1,0.001846307,wp3_f3,ca
21.02,0.001846307,wp3_f3,ca
27.97,0.001921158,wp3_f3,ca
35.05,0.001896208,wp3_f3,ca
42.05,0.001896208,wp3_f3,ca
57.14,0.001846307,wp3_f3,ca
70.05,0.001646707,wp3_f3,ca
84.02,0.001621756,wp3_f3,ca
98.05,0.001596806,wp3_f3,ca
112.02,0.001721557,wp3_f3,ca
126.06,0.001721557,wp3_f3,ca
140.0,0.001671657,wp3_f3,ca
161.04,0.001422156,wp3_f3,ca
196.02,0.001896208,wp3_f3,ca
224.05,0.001896208,wp3_f3,ca
252.02,0.001347305,wp3_f3,ca
280.02,0.001671657,wp3_f3,ca
308.06,0.001621756,wp3_f3,ca
336.05,0.001397206,wp3_f3,ca
364.05,0.001322355,wp3_f3,ca
419.01,0.001646707,wp3_f3,ca
490.02,0.001671657,wp3_f3,ca
518.05,0.001746507,wp3_f3,ca
574.02,0.001646707,wp3_f3,ca
618.01,0.001696607,wp3_f3,ca
617.98,0.001671657,wp3_f3,ca
644.05,0.001497006,wp3_f3,ca
700.04,0.001497006,wp3_f3,ca
756.02,0.001497006,wp3_f3,ca
826.01,0.001422156,wp3_f3,ca
0.0,0.002020958,wp3_f4,ca
2.05,0.001946108,wp3_f4,ca
6.13,0.001621756,wp3_f4,ca
10.01,0.001746507,wp3_f4,ca
14.05,0.001771457,wp3_f4,ca
21.02,0.001846307,wp3_f4,ca
27.97,0.001996008,wp3_f4,ca
35.02,0.001946108,wp3_f4,ca
42.04,0.001896208,wp3_f4,ca
57.15,0.001946108,wp3_f4,ca
70.05,0.001721557,wp3_f4,ca
84.02,0.001671657,wp3_f4,ca
98.04,0.001646707,wp3_f4,ca
112.01,0.001796407,wp3_f4,ca
126.05,0.001721557,wp3_f4,ca
140.0,0.001721557,wp3_f4,ca
161.02,0.001497006,wp3_f4,ca
196.02,0.001946108,wp3_f4,ca
224.04,0.001921158,wp3_f4,ca
252.01,0.001372255,wp3_f4,ca
280.02,0.001746507,wp3_f4,ca
308.05,0.001596806,wp3_f4,ca
336.04,0.001397206,wp3_f4,ca
364.01,0.001397206,wp3_f4,ca
419.01,0.001621756,wp3_f4,ca
490.01,0.001621756,wp3_f4,ca
518.04,0.001721557,wp3_f4,ca
574.02,0.001621756,wp3_f4,ca
644.04,0.001521956,wp3_f4,ca
700.04,0.001521956,wp3_f4,ca
756.01,0.001521956,wp3_f4,ca
826.01,0.001447106,wp3_f4,ca
0.0,0.001846307,wp3_f5,ca
161.02,0.001447106,wp3_f5,ca
574.02,0.001646707,wp3_f5,ca
700.02,0.001497006,wp3_f5,ca
826.01,0.001472056,wp3_f5,ca
0.0,0.002045908,wp4_f1,ca
0.0,0.001946108,wp4_f5,ca
518.0,0.001771457,wp4_f5,ca
608.98,0.001397206,wp4_f5,ca
699.98,0.001347305,wp4_f5,ca
791.0,0.001571856,wp4_f5,ca
2.1,80.0,influent,cl
6.05,84.0,influent,cl
10.06,87.0,influent,cl
14.13,98.0,influent,cl
21.06,94.0,influent,cl
28.06,100.0,influent,cl
35.08,95.0,influent,cl
42.06,94.0,influent,cl
56.06,92.0,influent,cl
70.1,89.0,influent,cl
85.17,80.0,influent,cl
98.1,86.0,influent,cl
112.1,96.0,influent,cl
126.1,88.0,influent,cl
140.06,85.0,influent,cl
161.1,60.0,influent,cl
196.09,75.0,influent,cl
224.09,72.0,influent,cl
252.06,57.0,influent,cl
280.1,65.0,influent,cl
308.09,75.0,influent,cl
336.09,64.0,influent,cl
364.09,72.0,influent,cl
392.05,74.0,influent,cl
419.94,76.0,influent,cl
455.0,91.0,influent,cl
490.06,85.0,influent,cl
518.1,79.0,influent,cl
546.05,68.0,influent,cl
574.06,64.0,influent,cl
609.02,65.0,influent,cl
644.1,71.0,influent,cl
672.02,61.0,influent,cl
700.1,74.0,influent,cl
728.02,65.0,influent,cl
756.05,92.0,influent,cl
791.05,83.0,influent,cl
826.06,77.0,influent,cl
854.02,72.0,influent,cl
1.01,6.0,pp1,cl
28.09,10.0,pp1,cl
57.18,6.0,pp1,cl
85.15,6.0,pp1,cl
98.09,7.0,pp1,cl
112.09,7.0,pp1,cl
126.09,9.0,pp1,cl
140.06,9.0,pp1,cl
161.1,18.0,pp1,cl
196.06,30.0,pp1,cl
224.09,32.0,pp1,cl
252.05,38.0,pp1,cl
280.09,39.0,pp1,cl
308.09,41.0,pp1,cl
336.09,39.0,pp1,cl
364.09,40.0,pp1,cl
419.06,37.0,pp1,cl
490.05,38.0,pp1,cl
518.1,43.0,pp1,cl
574.05,46.0,pp1,cl
644.09,55.0,pp1,cl
700.09,54.0,pp1,cl
756.05,56.0,pp1,cl
826.05,52.0,pp1,cl
0.0,11.0,pp1_f1,cl
57.17,6.0,pp1_f1,cl
85.13,7.0,pp1_f1,cl
112.1,8.0,pp1_f1,cl
161.09,8.0,pp1_f1,cl
252.04,53.0,pp1_f1,cl
336.06,54.0,pp1_f1,cl
490.08,60.0,pp1_f1,cl
518.1,65.0,pp1_f1,cl
609.01,55.0,pp1_f1,cl
700.1,68.0,pp1_f1,cl
791.01,57.0,pp1_f1,cl
0.0,5.0,pp1_f2,cl
57.17,7.0,pp1_f2,cl
85.14,6.0,pp1_f2,cl
98.09,7.0,pp1_f2,cl
112.09,7.0,pp1_f2,cl
126.08,7.0,pp1_f2,cl
140.05,5.0,pp1_f2,cl
161.09,7.0,pp1_f2,cl
196.06,8.0,pp1_f2,cl
224.06,6.0,pp1_f2,cl
252.04,8.0,pp1_f2,cl
280.08,6.0,pp1_f2,cl
308.08,8.0,pp1_f2,cl
336.08,6.0,pp1_f2,cl
364.08,6.0,pp1_f2,cl
455.05,9.0,pp1_f2,cl
518.09,17.0,pp1_f2,cl
609.01,45.0,pp1_f2,cl
618.06,48.0,pp1_f2,cl
618.09,47.0,pp1_f2,cl
700.09,62.0,pp1_f2,cl
791.04,68.0,pp1_f2,cl
0.0,5.0,pp1_f3,cl
57.17,7.0,pp1_f3,cl
85.14,6.0,pp1_f3,cl
98.06,7.0,pp1_f3,cl
112.09,9.0,pp1_f3,cl
161.09,7.0,pp1_f3,cl
252.02,7.0,pp1_f3,cl
336.06,6.0,pp1_f3,cl
490.05,45.0,pp1_f3,cl
518.09,46.0,pp1_f3,cl
609.01,37.0,pp1_f3,cl
618.05,41.0,pp1_f3,cl
618.08,37.0,pp1_f3,cl
700.06,45.0,pp1_f3,cl
791.02,34.0,pp1_f3,cl
0.0,13.0,wp1_f1,cl
28.1,15.0,wp1_f1,cl
56.05,13.0,wp1_f1,cl
70.09,14.0,wp1_f1,cl
84.09,14.0,wp1_f1,cl
112.05,13.0,wp1_f1,cl
140.01,7.0,wp1_f1,cl
196.05,13.0,wp1_f1,cl
280.06,12.0,wp1_f1,cl
364.06,12.0,wp1_f1,cl
518.05,13.0,wp1_f1,cl
700.06,16.0,wp1_f1,cl
0.0,12.0,wp1_f2,cl
28.01,11.0,wp1_f2,cl
56.05,75.0,wp1_f2,cl
70.09,91.0,wp1_f2,cl
84.09,92.0,wp1_f2,cl
98.06,92.0,wp1_f2,cl
112.05,87.0,wp1_f2,cl
126.06,80.0,wp1_f2,cl
140.02,73.0,wp1_f2,cl
196.06,71.0,wp1_f2,cl
252.01,75.0,wp1_f2,cl
336.06,66.0,wp1_f2,cl
455.05,71.0,wp1_f2,cl
518.06,98.0,wp1_f2,cl
574.05,76.0,wp1_f2,cl
618.02,60.0,wp1_f2,cl
644.09,69.0,wp1_f2,cl
700.06,69.0,wp1_f2,cl
756.04,79.0,wp1_f2,cl
826.02,87.0,wp1_f2,cl
0.0,5.0,wp1_f3,cl
2.09,5.0,wp1_f3,cl
6.14,6.0,wp1_f3,cl
10.05,7.0,wp1_f3,cl
14.13,9.0,wp1_f3,cl
21.06,7.0,wp1_f3,cl
28.01,8.0,wp1_f3,cl
35.06,19.0,wp1_f3,cl
42.06,32.0,wp1_f3,cl
57.12,59.0,wp1_f3,cl
70.09,92.0,wp1_f3,cl
85.13,96.0,wp1_f3,cl
98.06,95.0,wp1_f3,cl
112.05,89.0,wp1_f3,cl
140.02,73.0,wp1_f3,cl
196.05,76.0,wp1_f3,cl
252.01,72.0,wp1_f3,cl
308.06,60.0,wp1_f3,cl
364.06,70.0,wp1_f3,cl
419.05,64.0,wp1_f3,cl
490.04,77.0,wp1_f3,cl
518.06,93.0,wp1_f3,cl
609.0,56.0,wp1_f3,cl
700.06,72.0,wp1_f3,cl
791.01,73.0,wp1_f3,cl
0.0,5.0,wp1_f4,cl
28.01,9.0,wp1_f4,cl
35.05,6.0,wp1_f4,cl
42.06,10.0,wp1_f4,cl
56.05,61.0,wp1_f4,cl
70.06,93.0,wp1_f4,cl
84.06,97.0,wp1_f4,cl
98.05,97.0,wp1_f4,cl
112.04,93.0,wp1_f4,cl
126.06,87.0,wp1_f4,cl
140.01,72.0,wp1_f4,cl
161.06,83.0,wp1_f4,cl
196.05,84.0,wp1_f4,cl
224.06,60.0,wp1_f4,cl
252.0,71.0,wp1_f4,cl
280.06,70.0,wp1_f4,cl
308.06,59.0,wp1_f4,cl
336.05,65.0,wp1_f4,cl
364.06,70.0,wp1_f4,cl
419.04,63.0,wp1_f4,cl
490.02,79.0,wp1_f4,cl
518.08,97.0,wp1_f4,cl
574.05,77.0,wp1_f4,cl
644.08,70.0,wp1_f4,cl
700.05,71.0,wp1_f4,cl
756.02,81.0,wp1_f4,cl
826.02,90.0,wp1_f4,cl
0.0,5.0,wp1_f5,cl
28.0,10.0,wp1_f5,cl
56.05,6.0,wp1_f5,cl
70.06,8.0,wp1_f5,cl
84.06,8.0,wp1_f5,cl
98.05,9.0,wp1_f5,cl
112.04,7.0,wp1_f5,cl
140.01,8.0,wp1_f5,cl
196.05,10.0,wp1_f5,cl
280.06,10.0,wp1_f5,cl
364.05,8.0,wp1_f5,cl
518.09,15.0,wp1_f5,cl
618.01,13.0,wp1_f5,cl
618.04,13.0,wp1_f5,cl
700.05,22.0,wp1_f5,cl
0.0,15.0,wp2_f1,cl
14.02,14.0,wp2_f1,cl
27.93,14.0,wp2_f1,cl
42.02,11.0,wp2_f1,cl
70.02,14.0,wp2_f1,cl
126.04,13.0,wp2_f1,cl
196.0,13.0,wp2_f1,cl
308.02,14.0,wp2_f1,cl
490.01,11.0,wp2_f1,cl
517.98,13.0,wp2_f1,cl
699.98,17.0,wp2_f1,cl
0.0,10.0,wp2_f2,cl
6.06,22.0,wp2_f2,cl
10.0,80.0,wp2_f2,cl
14.01,88.0,wp2_f2,cl
20.98,90.0,wp2_f2,cl
28.05,96.0,wp2_f2,cl
35.02,96.0,wp2_f2,cl
42.01,95.0,wp2_f2,cl
70.02,100.0,wp2_f2,cl
98.02,79.0,wp2_f2,cl
126.1,91.0,wp2_f2,cl
196.02,66.0,wp2_f2,cl
308.02,69.0,wp2_f2,cl
455.01,88.0,wp2_f2,cl
518.01,77.0,wp2_f2,cl
574.01,58.0,wp2_f2,cl
644.01,70.0,wp2_f2,cl
700.01,68.0,wp2_f2,cl
756.0,88.0,wp2_f2,cl
826.0,80.0,wp2_f2,cl
0.0,9.0,wp2_f3,cl
6.09,54.0,wp2_f3,cl
14.01,88.0,wp2_f3,cl
20.98,91.0,wp2_f3,cl
28.04,99.0,wp2_f3,cl
56.02,97.0,wp2_f3,cl
84.0,79.0,wp2_f3,cl
111.98,89.0,wp2_f3,cl
161.0,62.0,wp2_f3,cl
224.02,69.0,wp2_f3,cl
280.01,66.0,wp2_f3,cl
336.01,70.0,wp2_f3,cl
419.02,70.0,wp2_f3,cl
490.01,88.0,wp2_f3,cl
518.01,76.0,wp2_f3,cl
608.98,65.0,wp2_f3,cl
700.01,69.0,wp2_f3,cl
791.05,81.0,wp2_f3,cl
0.0,8.0,wp2_f4,cl
2.02,5.0,wp2_f4,cl
6.08,6.0,wp2_f4,cl
9.98,45.0,wp2_f4,cl
14.0,86.0,wp2_f4,cl
20.97,90.0,wp2_f4,cl
28.02,97.0,wp2_f4,cl
35.01,95.0,wp2_f4,cl
42.01,96.0,wp2_f4,cl
56.02,96.0,wp2_f4,cl
70.01,100.0,wp2_f4,cl
84.0,81.0,wp2_f4,cl
98.02,80.0,wp2_f4,cl
112.0,84.0,wp2_f4,cl
126.05,93.0,wp2_f4,cl
139.98,80.0,wp2_f4,cl
161.01,62.0,wp2_f4,cl
196.01,66.0,wp2_f4,cl
224.01,71.0,wp2_f4,cl
252.0,57.0,wp2_f4,cl
280.0,64.0,wp2_f4,cl
308.02,74.0,wp2_f4,cl
336.01,65.0,wp2_f4,cl
364.01,70.0,wp2_f4,cl
419.02,67.0,wp2_f4,cl
490.0,90.0,wp2_f4,cl
518.01,81.0,wp2_f4,cl
574.01,61.0,wp2_f4,cl
644.02,69.0,wp2_f4,cl
700.1,69.0,wp2_f4,cl
756.0,87.0,wp2_f4,cl
825.98,76.0,wp2_f4,cl
0.0,6.0,wp2_f5,cl
6.06,6.0,wp2_f5,cl
14.0,11.0,wp2_f5,cl
28.01,12.0,wp2_f5,cl
42.0,8.0,wp2_f5,cl
70.01,11.0,wp2_f5,cl
98.01,13.0,wp2_f5,cl
126.04,22.0,wp2_f5,cl
196.01,36.0,wp2_f5,cl
308.01,47.0,wp2_f5,cl
455.01,54.0,wp2_f5,cl
518.02,57.0,wp2_f5,cl
609.0,57.0,wp2_f5,cl
700.0,65.0,wp2_f5,cl
791.0,60.0,wp2_f5,cl
0.0,13.0,wp3_f1,cl
2.09,11.0,wp3_f1,cl
6.1,12.0,wp3_f1,cl
10.05,13.0,wp3_f1,cl
14.11,15.0,wp3_f1,cl
21.05,14.0,wp3_f1,cl
27.98,16.0,wp3_f1,cl
57.12,12.0,wp3_f1,cl
84.05,14.0,wp3_f1,cl
112.01,13.0,wp3_f1,cl
161.01,13.0,wp3_f1,cl
224.04,11.0,wp3_f1,cl
280.01,13.0,wp3_f1,cl
336.02,13.0,wp3_f1,cl
455.02,16.0,wp3_f1,cl
518.02,16.0,wp3_f1,cl
700.02,19.0,wp3_f1,cl
0.0,6.0,wp3_f2,cl
2.06,8.0,wp3_f2,cl
6.14,84.0,wp3_f2,cl
10.04,85.0,wp3_f2,cl
14.1,92.0,wp3_f2,cl
21.05,95.0,wp3_f2,cl
27.98,99.0,wp3_f2,cl
57.14,97.0,wp3_f2,cl
84.04,79.0,wp3_f2,cl
112.02,95.0,wp3_f2,cl
161.06,60.0,wp3_f2,cl
224.05,69.0,wp3_f2,cl
280.05,67.0,wp3_f2,cl
336.05,66.0,wp3_f2,cl
455.04,88.0,wp3_f2,cl
518.05,77.0,wp3_f2,cl
574.04,64.0,wp3_f2,cl
644.05,70.0,wp3_f2,cl
700.05,72.0,wp3_f2,cl
756.01,86.0,wp3_f2,cl
826.0,79.0,wp3_f2,cl
0.0,7.0,wp3_f3,cl
2.06,5.0,wp3_f3,cl
6.13,84.0,wp3_f3,cl
10.02,85.0,wp3_f3,cl
14.1,92.0,wp3_f3,cl
21.02,95.0,wp3_f3,cl
27.97,100.0,wp3_f3,cl
35.05,95.0,wp3_f3,cl
42.05,89.0,wp3_f3,cl
57.14,97.0,wp3_f3,cl
70.05,92.0,wp3_f3,cl
84.02,79.0,wp3_f3,cl
98.05,82.0,wp3_f3,cl
112.02,95.0,wp3_f3,cl
126.06,89.0,wp3_f3,cl
140.0,86.0,wp3_f3,cl
161.04,60.0,wp3_f3,cl
196.02,72.0,wp3_f3,cl
224.05,68.0,wp3_f3,cl
252.02,57.0,wp3_f3,cl
280.02,66.0,wp3_f3,cl
308.06,64.0,wp3_f3,cl
336.05,66.0,wp3_f3,cl
364.05,74.0,wp3_f3,cl
419.01,71.0,wp3_f3,cl
490.02,86.0,wp3_f3,cl
518.05,75.0,wp3_f3,cl
574.02,63.0,wp3_f3,cl
618.01,68.0,wp3_f3,cl
617.98,68.0,wp3_f3,cl
644.05,71.0,wp3_f3,cl
700.04,70.0,wp3_f3,cl
756.02,89.0,wp3_f3,cl
826.01,81.0,wp3_f3,cl
0.0,7.0,wp3_f4,cl
2.05,5.0,wp3_f4,cl
6.13,83.0,wp3_f4,cl
10.01,84.0,wp3_f4,cl
14.05,92.0,wp3_f4,cl
21.02,94.0,wp3_f4,cl
27.97,100.0,wp3_f4,cl
35.02,95.0,wp3_f4,cl
42.04,89.0,wp3_f4,cl
57.15,97.0,wp3_f4,cl
70.05,90.0,wp3_f4,cl
84.02,78.0,wp3_f4,cl
98.04,81.0,wp3_f4,cl
112.01,95.0,wp3_f4,cl
126.05,90.0,wp3_f4,cl
140.0,86.0,wp3_f4,cl
161.02,60.0,wp3_f4,cl
196.02,71.0,wp3_f4,cl
224.04,69.0,wp3_f4,cl
252.01,57.0,wp3_f4,cl
280.02,67.0,wp3_f4,cl
308.05,64.0,wp3_f4,cl
336.04,68.0,wp3_f4,cl
364.01,73.0,wp3_f4,cl
419.01,74.0,wp3_f4,cl
490.01,86.0,wp3_f4,cl
518.04,75.0,wp3_f4,cl
574.02,63.0,wp3_f4,cl
644.04,70.0,wp3_f4,cl
700.04,72.0,wp3_f4,cl
756.01,87.0,wp3_f4,cl
826.01,81.0,wp3_f4,cl
0.0,8.0,wp3_f5,cl
2.06,5.0,wp3_f5,cl
6.11,73.0,wp3_f5,cl
10.01,80.0,wp3_f5,cl
14.05,88.0,wp3_f5,cl
21.01,92.0,wp3_f5,cl
27.96,100.0,wp3_f5,cl
57.13,97.0,wp3_f5,cl
84.02,79.0,wp3_f5,cl
112.01,92.0,wp3_f5,cl
161.02,61.0,wp3_f5,cl
224.02,68.0,wp3_f5,cl
280.01,66.0,wp3_f5,cl
336.02,66.0,wp3_f5,cl
455.02,88.0,wp3_f5,cl
518.02,78.0,wp3_f5,cl
574.02,62.0,wp3_f5,cl
644.02,70.0,wp3_f5,cl
700.02,69.0,wp3_f5,cl
756.01,87.0,wp3_f5,cl
826.01,79.0,wp3_f5,cl
0.0,14.0,wp4_f1,cl
27.93,9.0,wp4_f1,cl
56.01,11.0,wp4_f1,cl
70.0,12.0,wp4_f1,cl
98.01,13.0,wp4_f1,cl
126.02,12.0,wp4_f1,cl
196.0,13.0,wp4_f1,cl
308.01,13.0,wp4_f1,cl
517.98,13.0,wp4_f1,cl
700.0,16.0,wp4_f1,cl
0.0,10.0,wp4_f5,cl
21.0,7.0,wp4_f5,cl
27.93,8.0,wp4_f5,cl
35.0,15.0,wp4_f5,cl
41.98,49.0,wp4_f5,cl
56.0,88.0,wp4_f5,cl
69.98,97.0,wp4_f5,cl
98.0,97.0,wp4_f5,cl
126.02,81.0,wp4_f5,cl
196.0,64.0,wp4_f5,cl
2.1,2.68625e-07,influent,fe2
6.05,2.68625e-07,influent,fe2
10.06,2.68625e-07,influent,fe2
14.13,2.68625e-07,influent,fe2
21.06,2.68625e-07,influent,fe2
28.06,2.68625e-07,influent,fe2
35.08,2.68625e-07,influent,fe2
42.06,2.68625e-07,influent,fe2
56.06,2.68625e-07,influent,fe2
70.1,2.68625e-07,influent,fe2
85.17,2.68625e-07,influent,fe2
98.1,2.68625e-07,influent,fe2
112.1,2.68625e-07,influent,fe2
126.1,2.68625e-07,influent,fe2
140.06,4.47708e-05,influent,fe2
161.1,2.68625e-07,influent,fe2
196.09,2.68625e-07,influent,fe2
224.09,2.68625e-07,influent,fe2
252.06,2.68625e-07,influent,fe2
280.1,2.68625e-07,influent,fe2
308.09,2.68625e-07,influent,fe2
336.09,2.68625e-07,influent,fe2
364.09,2.68625e-07,influent,fe2
392.05,5.37249e-07,influent,fe2
419.94,5.37249e-07,influent,fe2
455.0,5.37249e-07,influent,fe2
490.06,5.37249e-07,influent,fe2
518.1,5.37249e-07,influent,fe2
546.05,5.37249e-07,influent,fe2
574.06,5.55158e-06,influent,fe2
609.02,5.37249e-07,influent,fe2
644.1,5.37249e-07,influent,fe2
672.02,5.37249e-07,influent,fe2
700.1,5.37249e-07,influent,fe2
728.02,5.37249e-07,influent,fe2
756.05,5.37249e-07,influent,fe2
791.05,5.37249e-07,influent,fe2
826.06,5.37249e-07,influent,fe2
854.02,5.37249e-07,influent,fe2
1.01,0.000119986,pp1,fe2
28.09,0.000102077,pp1,fe2
85.15,0.000102077,pp1,fe2
98.09,0.000105659,pp1,fe2
112.09,0.000105659,pp1,fe2
126.09,0.000109241,pp1,fe2
140.06,0.000103868,pp1,fe2
161.1,0.000105659,pp1,fe2
196.06,9.67049e-05,pp1,fe2
224.09,9.67049e-05,pp1,fe2
252.05,9.31232e-05,pp1,fe2
280.09,8.77507e-05,pp1,fe2
308.09,8.77507e-05,pp1,fe2
336.09,9.31232e-05,pp1,fe2
364.09,8.77507e-05,pp1,fe2
419.06,8.77507e-05,pp1,fe2
490.05,8.59599e-05,pp1,fe2
518.1,8.59599e-05,pp1,fe2
574.05,8.77507e-05,pp1,fe2
644.09,8.41691e-05,pp1,fe2
700.09,7.87966e-05,pp1,fe2
756.05,7.70057e-05,pp1,fe2
826.05,8.05874e-05,pp1,fe2
0.0,9.13324e-05,pp1_f1,fe2
112.1,9.84957e-05,pp1_f1,fe2
161.09,0.000100287,pp1_f1,fe2
252.04,5.37249e-05,pp1_f1,fe2
336.06,8.59599e-05,pp1_f1,fe2
490.08,8.77507e-05,pp1_f1,fe2
518.1,8.23782e-05,pp1_f1,fe2
609.01,7.16332e-05,pp1_f1,fe2
700.1,6.62607e-05,pp1_f1,fe2
791.01,6.44699e-05,pp1_f1,fe2
0.0,0.000123567,pp1_f2,fe2
85.14,0.00010745,pp1_f2,fe2
98.09,9.84957e-05,pp1_f2,fe2
112.09,0.000100287,pp1_f2,fe2
126.08,0.000103868,pp1_f2,fe2
140.05,0.000100287,pp1_f2,fe2
161.09,0.000103868,pp1_f2,fe2
196.06,9.67049e-05,pp1_f2,fe2
224.06,0.000102077,pp1_f2,fe2
252.04,0.000100287,pp1_f2,fe2
280.08,9.67049e-05,pp1_f2,fe2
308.08,9.84957e-05,pp1_f2,fe2
336.08,0.000103868,pp1_f2,fe2
364.08,0.000100287,pp1_f2,fe2
455.05,0.000102077,pp1_f2,fe2
518.09,0.000100287,pp1_f2,fe2
609.01,8.95415e-05,pp1_f2,fe2
618.06,9.31232e-05,pp1_f2,fe2
618.09,9.13324e-05,pp1_f2,fe2
700.09,8.59599e-05,pp1_f2,fe2
791.04,7.70057e-05,pp1_f2,fe2
0.0,0.000127149,pp1_f3,fe2
98.06,0.000102077,pp1_f3,fe2
112.09,0.000102077,pp1_f3,fe2
161.09,0.000105659,pp1_f3,fe2
252.02,0.000103868,pp1_f3,fe2
336.06,0.000105659,pp1_f3,fe2
490.05,8.95415e-05,pp1_f3,fe2
518.09,8.77507e-05,pp1_f3,fe2
609.01,8.59599e-05,pp1_f3,fe2
618.05,8.77507e-05,pp1_f3,fe2
618.08,8.95415e-05,pp1_f3,fe2
700.06,8.59599e-05,pp1_f3,fe2
791.02,9.67049e-05,pp1_f3,fe2
0.0,8.77507e-05,wp1_f1,fe2
112.05,9.13324e-05,wp1_f1,fe2
140.01,8.41691e-05,wp1_f1,fe2
196.05,7.87966e-05,wp1_f1,fe2
280.06,7.70057e-05,wp1_f1,fe2
364.06,7.70057e-05,wp1_f1,fe2
518.05,8.05874e-05,wp1_f1,fe2
700.06,7.87966e-05,wp1_f1,fe2
0.0,9.31232e-05,wp1_f2,fe2
112.05,2.68625e-07,wp1_f2,fe2
126.06,1.25358e-06,wp1_f2,fe2
140.02,6.80516e-06,wp1_f2,fe2
196.06,4.65616e-06,wp1_f2,fe2
252.01,2.149e-05,wp1_f2,fe2
336.06,1.96991e-05,wp1_f2,fe2
455.05,1.68338e-05,wp1_f2,fe2
518.06,1.68338e-05,wp1_f2,fe2
574.05,1.96991e-05,wp1_f2,fe2
618.02,1.96991e-05,wp1_f2,fe2
644.09,2.32808e-05,wp1_f2,fe2
700.06,1.77292e-05,wp1_f2,fe2
756.04,1.57593e-05,wp1_f2,fe2
826.02,1.5043e-05,wp1_f2,fe2
0.0,0.000127149,wp1_f3,fe2
6.14,0.000114613,wp1_f3,fe2
10.05,0.000116404,wp1_f3,fe2
14.13,0.000112822,wp1_f3,fe2
21.06,0.000111032,wp1_f3,fe2
28.01,0.000111032,wp1_f3,fe2
35.06,0.000111032,wp1_f3,fe2
42.06,0.000112822,wp1_f3,fe2
57.12,8.59599e-05,wp1_f3,fe2
70.09,3.93983e-05,wp1_f3,fe2
85.13,5.55158e-06,wp1_f3,fe2
98.06,8.59599e-06,wp1_f3,fe2
112.05,5.55158e-06,wp1_f3,fe2
140.02,3.93983e-06,wp1_f3,fe2
196.05,2.149e-06,wp1_f3,fe2
252.01,1.0745e-06,wp1_f3,fe2
308.06,1.0745e-06,wp1_f3,fe2
364.06,1.25358e-06,wp1_f3,fe2
419.05,6.80516e-06,wp1_f3,fe2
490.04,8.77507e-06,wp1_f3,fe2
518.06,7.70057e-06,wp1_f3,fe2
609.0,8.95415e-07,wp1_f3,fe2
700.06,8.95415e-07,wp1_f3,fe2
791.01,7.16332e-07,wp1_f3,fe2
0.0,0.000118195,wp1_f4,fe2
28.01,0.000103868,wp1_f4,fe2
35.05,0.000103868,wp1_f4,fe2
42.06,0.000112822,wp1_f4,fe2
56.05,0.00010745,wp1_f4,fe2
70.06,6.98424e-05,wp1_f4,fe2
84.06,1.46848e-05,wp1_f4,fe2
98.05,8.05874e-06,wp1_f4,fe2
112.04,6.26791e-06,wp1_f4,fe2
126.06,3.76074e-06,wp1_f4,fe2
140.01,7.16332e-07,wp1_f4,fe2
161.06,5.37249e-07,wp1_f4,fe2
196.05,5.37249e-07,wp1_f4,fe2
224.06,7.16332e-07,wp1_f4,fe2
252.0,2.68625e-07,wp1_f4,fe2
280.06,7.16332e-07,wp1_f4,fe2
308.06,2.68625e-07,wp1_f4,fe2
336.05,2.68625e-07,wp1_f4,fe2
364.06,7.16332e-07,wp1_f4,fe2
419.04,5.19341e-06,wp1_f4,fe2
490.02,7.87966e-06,wp1_f4,fe2
518.08,6.26791e-06,wp1_f4,fe2
574.05,5.37249e-07,wp1_f4,fe2
644.08,5.37249e-07,wp1_f4,fe2
700.05,7.16332e-07,wp1_f4,fe2
756.02,3.04441e-06,wp1_f4,fe2
826.02,4.65616e-06,wp1_f4,fe2
0.0,0.000175501,wp1_f5,fe2
112.04,0.000175501,wp1_f5,fe2
140.01,0.000177292,wp1_f5,fe2
196.05,0.000196991,wp1_f5,fe2
280.06,0.000164756,wp1_f5,fe2
364.05,0.000154011,wp1_f5,fe2
518.09,0.000136103,wp1_f5,fe2
618.01,0.000146848,wp1_f5,fe2
618.04,0.000136103,wp1_f5,fe2
700.05,0.00012894,wp1_f5,fe2
0.0,0.00010745,wp2_f1,fe2
70.02,0.000112822,wp2_f1,fe2
126.04,9.4914e-05,wp2_f1,fe2
196.0,9.4914e-05,wp2_f1,fe2
308.02,8.41691e-05,wp2_f1,fe2
490.01,8.05874e-05,wp2_f1,fe2
517.98,8.59599e-05,wp2_f1,fe2
699.98,8.41691e-05,wp2_f1,fe2
0.0,0.000100287,wp2_f2,fe2
28.05,6.62607e-06,wp2_f2,fe2
42.01,1.43266e-06,wp2_f2,fe2
70.02,2.68625e-07,wp2_f2,fe2
98.02,8.95415e-07,wp2_f2,fe2
126.1,1.43266e-06,wp2_f2,fe2
196.02,2.68625e-07,wp2_f2,fe2
308.02,1.61175e-06,wp2_f2,fe2
455.01,5.19341e-06,wp2_f2,fe2
518.01,2.32808e-06,wp2_f2,fe2
574.01,8.41691e-06,wp2_f2,fe2
644.01,1.79083e-06,wp2_f2,fe2
700.01,3.04441e-06,wp2_f2,fe2
756.0,6.80516e-06,wp2_f2,fe2
826.0,3.76074e-06,wp2_f2,fe2
0.0,0.000111032,wp2_f3,fe2
6.09,9.31232e-05,wp2_f3,fe2
14.01,4.83524e-05,wp2_f3,fe2
20.98,1.96991e-05,wp2_f3,fe2
28.04,2.149e-06,wp2_f3,fe2
56.02,5.37249e-07,wp2_f3,fe2
84.0,2.68625e-07,wp2_f3,fe2
111.98,2.68625e-07,wp2_f3,fe2
161.0,2.68625e-07,wp2_f3,fe2
224.02,2.68625e-07,wp2_f3,fe2
280.01,2.68625e-07,wp2_f3,fe2
336.01,2.68625e-07,wp2_f3,fe2
419.02,5.37249e-07,wp2_f3,fe2
490.01,5.37249e-07,wp2_f3,fe2
518.01,5.37249e-07,wp2_f3,fe2
608.98,5.37249e-07,wp2_f3,fe2
700.01,5.37249e-07,wp2_f3,fe2
791.05,5.37249e-07,wp2_f3,fe2
0.0,0.000103868,wp2_f4,fe2
6.08,9.31232e-05,wp2_f4,fe2
9.98,0.000102077,wp2_f4,fe2
14.0,8.05874e-05,wp2_f4,fe2
20.97,5.01433e-05,wp2_f4,fe2
28.02,2.68625e-05,wp2_f4,fe2
35.01,2.50716e-06,wp2_f4,fe2
42.01,5.37249e-07,wp2_f4,fe2
56.02,2.68625e-07,wp2_f4,fe2
70.01,2.68625e-07,wp2_f4,fe2
84.0,2.68625e-07,wp2_f4,fe2
98.02,7.16332e-07,wp2_f4,fe2
112.0,7.16332e-07,wp2_f4,fe2
126.05,2.68625e-07,wp2_f4,fe2
139.98,2.68625e-07,wp2_f4,fe2
161.01,2.68625e-07,wp2_f4,fe2
196.01,2.68625e-07,wp2_f4,fe2
224.01,2.68625e-07,wp2_f4,fe2
252.0,2.68625e-07,wp2_f4,fe2
280.0,2.68625e-07,wp2_f4,fe2
308.02,2.68625e-07,wp2_f4,fe2
336.01,2.68625e-07,wp2_f4,fe2
364.01,2.68625e-07,wp2_f4,fe2
419.02,5.37249e-07,wp2_f4,fe2
490.0,5.37249e-07,wp2_f4,fe2
518.01,5.37249e-07,wp2_f4,fe2
574.01,5.37249e-07,wp2_f4,fe2
644.02,5.37249e-07,wp2_f4,fe2
700.1,5.37249e-07,wp2_f4,fe2
756.0,5.37249e-07,wp2_f4,fe2
825.98,5.37249e-07,wp2_f4,fe2
0.0,0.000103868,wp2_f5,fe2
28.01,0.00010745,wp2_f5,fe2
42.0,0.000109241,wp2_f5,fe2
70.01,0.000125358,wp2_f5,fe2
98.01,0.000103868,wp2_f5,fe2
126.04,0.000102077,wp2_f5,fe2
196.01,9.4914e-05,wp2_f5,fe2
308.01,9.13324e-05,wp2_f5,fe2
455.01,9.13324e-05,wp2_f5,fe2
518.02,8.41691e-05,wp2_f5,fe2
609.0,8.59599e-05,wp2_f5,fe2
700.0,8.23782e-05,wp2_f5,fe2
791.0,9.13324e-05,wp2_f5,fe2
0.0,7.87966e-05,wp3_f1,fe2
10.05,7.34241e-05,wp3_f1,fe2
14.11,7.16332e-05,wp3_f1,fe2
21.05,7.34241e-05,wp3_f1,fe2
27.98,7.34241e-05,wp3_f1,fe2
57.12,6.80516e-05,wp3_f1,fe2
84.05,7.87966e-05,wp3_f1,fe2
112.01,8.23782e-05,wp3_f1,fe2
161.01,6.98424e-05,wp3_f1,fe2
224.04,7.34241e-05,wp3_f1,fe2
280.01,7.34241e-05,wp3_f1,fe2
336.02,7.34241e-05,wp3_f1,fe2
455.02,7.87966e-05,wp3_f1,fe2
518.02,7.16332e-05,wp3_f1,fe2
700.02,7.70057e-05,wp3_f1,fe2
0.0,0.000103868,wp3_f2,fe2
2.06,0.000102077,wp3_f2,fe2
6.14,6.44699e-05,wp3_f2,fe2
10.04,3.2235e-05,wp3_f2,fe2
14.1,1.54011e-05,wp3_f2,fe2
21.05,3.40258e-06,wp3_f2,fe2
27.98,1.61175e-06,wp3_f2,fe2
57.14,7.16332e-07,wp3_f2,fe2
84.04,7.16332e-07,wp3_f2,fe2
112.02,2.68625e-07,wp3_f2,fe2
161.06,2.68625e-07,wp3_f2,fe2
224.05,2.68625e-07,wp3_f2,fe2
280.05,2.68625e-07,wp3_f2,fe2
336.05,2.68625e-07,wp3_f2,fe2
455.04,5.37249e-07,wp3_f2,fe2
518.05,5.37249e-07,wp3_f2,fe2
574.04,5.37249e-07,wp3_f2,fe2
644.05,5.37249e-07,wp3_f2,fe2
700.05,5.37249e-07,wp3_f2,fe2
756.01,5.37249e-07,wp3_f2,fe2
826.0,5.37249e-07,wp3_f2,fe2
0.0,0.000121777,wp3_f3,fe2
2.06,0.000114613,wp3_f3,fe2
6.13,5.55158e-05,wp3_f3,fe2
10.02,3.40258e-05,wp3_f3,fe2
14.1,1.70129e-05,wp3_f3,fe2
21.02,4.65616e-06,wp3_f3,fe2
27.97,2.68625e-06,wp3_f3,fe2
35.05,1.61175e-06,wp3_f3,fe2
42.05,1.25358e-06,wp3_f3,fe2
57.14,5.37249e-07,wp3_f3,fe2
70.05,7.16332e-07,wp3_f3,fe2
84.02,5.37249e-07,wp3_f3,fe2
98.05,8.95415e-07,wp3_f3,fe2
112.02,2.68625e-07,wp3_f3,fe2
126.06,2.68625e-07,wp3_f3,fe2
140.0,2.68625e-07,wp3_f3,fe2
161.04,2.68625e-07,wp3_f3,fe2
196.02,2.68625e-07,wp3_f3,fe2
224.05,2.68625e-07,wp3_f3,fe2
252.02,2.68625e-07,wp3_f3,fe2
280.02,2.68625e-07,wp3_f3,fe2
308.06,2.68625e-07,wp3_f3,fe2
336.05,2.68625e-07,wp3_f3,fe2
364.05,2.68625e-07,wp3_f3,fe2
419.01,5.37249e-07,wp3_f3,fe2
490.02,5.37249e-07,wp3_f3,fe2
518.05,5.37249e-07,wp3_f3,fe2
574.02,5.37249e-07,wp3_f3,fe2
618.01,5.37249e-07,wp3_f3,fe2
617.98,5.37249e-07,wp3_f3,fe2
644.05,5.37249e-07,wp3_f3,fe2
700.04,5.37249e-07,wp3_f3,fe2
756.02,5.37249e-07,wp3_f3,fe2
826.01,5.37249e-07,wp3_f3,fe2
0.0,0.000102077,wp3_f4,fe2
2.05,8.41691e-05,wp3_f4,fe2
6.13,5.37249e-05,wp3_f4,fe2
10.01,5.55158e-05,wp3_f4,fe2
14.05,2.86533e-05,wp3_f4,fe2
21.02,4.29799e-06,wp3_f4,fe2
27.97,1.43266e-06,wp3_f4,fe2
35.02,7.16332e-07,wp3_f4,fe2
42.04,7.16332e-07,wp3_f4,fe2
57.15,5.37249e-07,wp3_f4,fe2
70.05,5.37249e-07,wp3_f4,fe2
84.02,5.37249e-07,wp3_f4,fe2
98.04,2.68625e-07,wp3_f4,fe2
112.01,5.37249e-07,wp3_f4,fe2
126.05,2.68625e-07,wp3_f4,fe2
140.0,2.68625e-07,wp3_f4,fe2
161.02,2.68625e-07,wp3_f4,fe2
196.02,2.68625e-07,wp3_f4,fe2
224.04,2.68625e-07,wp3_f4,fe2
252.01,2.68625e-07,wp3_f4,fe2
280.02,2.68625e-07,wp3_f4,fe2
308.05,2.68625e-07,wp3_f4,fe2
336.04,2.68625e-07,wp3_f4,fe2
364.01,2.68625e-07,wp3_f4,fe2
419.01,5.37249e-07,wp3_f4,fe2
490.01,5.37249e-07,wp3_f4,fe2
518.04,5.37249e-07,wp3_f4,fe2
574.02,5.37249e-07,wp3_f4,fe2
644.04,5.37249e-07,wp3_f4,fe2
700.04,5.37249e-07,wp3_f4,fe2
756.01,5.37249e-07,wp3_f4,fe2
826.01,5.37249e-07,wp3_f4,fe2
0.0,0.000105659,wp3_f5,fe2
6.11,6.80516e-05,wp3_f5,fe2
10.01,5.90974e-05,wp3_f5,fe2
14.05,3.04441e-05,wp3_f5,fe2
21.01,2.50716e-06,wp3_f5,fe2
27.96,1.61175e-06,wp3_f5,fe2
57.13,1.0745e-06,wp3_f5,fe2
84.02,7.16332e-07,wp3_f5,fe2
112.01,8.95415e-07,wp3_f5,fe2
161.02,7.16332e-07,wp3_f5,fe2
280.01,2.68625e-07,wp3_f5,fe2
336.02,2.68625e-07,wp3_f5,fe2
455.02,5.37249e-07,wp3_f5,fe2
518.02,5.37249e-07,wp3_f5,fe2
574.02,5.37249e-07,wp3_f5,fe2
644.02,8.95415e-07,wp3_f5,fe2
700.02,1.79083e-06,wp3_f5,fe2
756.01,5.37249e-07,wp3_f5,fe2
826.01,5.37249e-07,wp3_f5,fe2
0.0,3.2235e-05,wp4_f1,fe2
517.98,6.62607e-05,wp4_f1,fe2
700.0,7.16332e-05,wp4_f1,fe2
0.0,9.4914e-05,wp4_f5,fe2
196.0,2.68625e-07,wp4_f5,fe2
336.0,2.68625e-07,wp4_f5,fe2
489.98,3.2235e-05,wp4_f5,fe2
518.0,2.68625e-05,wp4_f5,fe2
608.98,5.37249e-07,wp4_f5,fe2
699.98,5.37249e-07,wp4_f5,fe2
791.0,1.32521e-05,wp4_f5,fe2
2.1,0.00204918,influent,hco3
6.05,0.00204918,influent,hco3
10.06,0.002131148,influent,hco3
14.13,0.002213115,influent,hco3
21.06,0.002213115,influent,hco3
28.06,0.002213115,influent,hco3
35.08,0.002295082,influent,hco3
42.06,0.002131148,influent,hco3
56.06,0.001803279,influent,hco3
70.1,0.001639344,influent,hco3
85.17,0.001557377,influent,hco3
98.1,0.001721311,influent,hco3
112.1,0.001967213,influent,hco3
126.1,0.001967213,influent,hco3
140.06,0.001885246,influent,hco3
161.1,0.00142623,influent,hco3
196.09,0.002377049,influent,hco3
224.09,0.002213115,influent,hco3
252.06,0.001459016,influent,hco3
280.1,0.001967213,influent,hco3
308.09,0.001967213,influent,hco3
336.09,0.001491803,influent,hco3
364.09,0.001508197,influent,hco3
392.05,0.001557377,influent,hco3
419.94,0.001885246,influent,hco3
455.0,0.002213115,influent,hco3
490.06,0.002131148,influent,hco3
518.1,0.00204918,influent,hco3
546.05,0.001508197,influent,hco3
574.06,0.001622951,influent,hco3
609.02,0.00204918,influent,hco3
644.1,0.001590164,influent,hco3
672.02,0.00152459,influent,hco3
700.1,0.001803279,influent,hco3
728.02,0.001803279,influent,hco3
756.05,0.001803279,influent,hco3
791.05,0.001885246,influent,hco3
826.06,0.001606557,influent,hco3
854.02,0.001147541,influent,hco3
1.01,0.005409836,pp1,hco3
28.09,0.005409836,pp1,hco3
85.15,0.005409836,pp1,hco3
98.09,0.005409836,pp1,hco3
112.09,0.005245902,pp1,hco3
126.09,0.005409836,pp1,hco3
140.06,0.005245902,pp1,hco3
161.1,0.004918033,pp1,hco3
196.06,0.00442623,pp1,hco3
224.09,0.004098361,pp1,hco3
252.05,0.003934426,pp1,hco3
280.09,0.003770492,pp1,hco3
308.09,0.003606557,pp1,hco3
336.09,0.003606557,pp1,hco3
364.09,0.003606557,pp1,hco3
419.06,0.00352459,pp1,hco3
490.05,0.003360656,pp1,hco3
518.1,0.003278689,pp1,hco3
574.05,0.003114754,pp1,hco3
644.09,0.003196721,pp1,hco3
700.09,0.00295082,pp1,hco3
756.05,0.003032787,pp1,hco3
826.05,0.00295082,pp1,hco3
0.0,0.005737705,pp1_f1,hco3
112.1,0.005409836,pp1_f1,hco3
161.09,0.005409836,pp1_f1,hco3
252.04,0.003360656,pp1_f1,hco3
336.06,0.003114754,pp1_f1,hco3
490.08,0.00204918,pp1_f1,hco3
518.1,0.001967213,pp1_f1,hco3
609.01,0.001885246,pp1_f1,hco3
700.1,0.002377049,pp1_f1,hco3
791.01,0.002131148,pp1_f1,hco3
0.0,0.005245902,pp1_f2,hco3
85.14,0.005409836,pp1_f2,hco3
98.09,0.005409836,pp1_f2,hco3
112.09,0.00557377,pp1_f2,hco3
126.08,0.00557377,pp1_f2,hco3
140.05,0.00557377,pp1_f2,hco3
161.09,0.00557377,pp1_f2,hco3
196.06,0.005409836,pp1_f2,hco3
224.06,0.005409836,pp1_f2,hco3
252.04,0.005409836,pp1_f2,hco3
280.08,0.005409836,pp1_f2,hco3
308.08,0.005245902,pp1_f2,hco3
336.08,0.005409836,pp1_f2,hco3
364.08,0.005409836,pp1_f2,hco3
455.05,0.005409836,pp1_f2,hco3
518.09,0.005081967,pp1_f2,hco3
609.01,0.003442623,pp1_f2,hco3
618.06,0.003442623,pp1_f2,hco3
618.09,0.003442623,pp1_f2,hco3
700.09,0.002704918,pp1_f2,hco3
791.04,0.001639344,pp1_f2,hco3
0.0,0.005409836,pp1_f3,hco3
98.06,0.005409836,pp1_f3,hco3
112.09,0.005245902,pp1_f3,hco3
161.09,0.005409836,pp1_f3,hco3
252.02,0.005409836,pp1_f3,hco3
336.06,0.005245902,pp1_f3,hco3
490.05,0.003196721,pp1_f3,hco3
518.09,0.003278689,pp1_f3,hco3
609.01,0.003278689,pp1_f3,hco3
618.05,0.003278689,pp1_f3,hco3
618.08,0.00352459,pp1_f3,hco3
700.06,0.003114754,pp1_f3,hco3
791.02,0.003606557,pp1_f3,hco3
0.0,0.005737705,wp1_f1,hco3
112.05,0.005737705,wp1_f1,hco3
140.01,0.005737705,wp1_f1,hco3
196.05,0.005737705,wp1_f1,hco3
280.06,0.00557377,wp1_f1,hco3
364.06,0.005737705,wp1_f1,hco3
518.05,0.00557377,wp1_f1,hco3
700.06,0.005409836,wp1_f1,hco3
0.0,0.00557377,wp1_f2,hco3
112.05,0.001721311,wp1_f2,hco3
126.06,0.00157377,wp1_f2,hco3
140.02,0.00157377,wp1_f2,hco3
196.06,0.001327869,wp1_f2,hco3
252.01,0.001721311,wp1_f2,hco3
336.06,0.00147541,wp1_f2,hco3
455.05,0.001409836,wp1_f2,hco3
518.06,0.001967213,wp1_f2,hco3
574.05,0.001639344,wp1_f2,hco3
618.02,0.001180328,wp1_f2,hco3
644.09,0.00147541,wp1_f2,hco3
700.06,0.001147541,wp1_f2,hco3
756.04,0.001442623,wp1_f2,hco3
826.02,0.001622951,wp1_f2,hco3
0.0,0.005245902,wp1_f3,hco3
6.14,0.005409836,wp1_f3,hco3
10.05,0.005409836,wp1_f3,hco3
14.13,0.005409836,wp1_f3,hco3
21.06,0.005409836,wp1_f3,hco3
28.01,0.005245902,wp1_f3,hco3
35.06,0.004754098,wp1_f3,hco3
42.06,0.004262295,wp1_f3,hco3
57.12,0.003114754,wp1_f3,hco3
70.09,0.001803279,wp1_f3,hco3
85.13,0.001721311,wp1_f3,hco3
98.06,0.001639344,wp1_f3,hco3
112.05,0.001606557,wp1_f3,hco3
140.02,0.00147541,wp1_f3,hco3
196.05,0.001540984,wp1_f3,hco3
252.01,0.001967213,wp1_f3,hco3
308.06,0.001327869,wp1_f3,hco3
364.06,0.00142623,wp1_f3,hco3
419.05,0.001245902,wp1_f3,hco3
490.04,0.001721311,wp1_f3,hco3
518.06,0.001967213,wp1_f3,hco3
609.0,0.001459016,wp1_f3,hco3
700.06,0.001327869,wp1_f3,hco3
791.01,0.001540984,wp1_f3,hco3
0.0,0.005409836,wp1_f4,hco3
28.01,0.005245902,wp1_f4,hco3
35.05,0.005409836,wp1_f4,hco3
42.06,0.005409836,wp1_f4,hco3
56.05,0.002868852,wp1_f4,hco3
70.06,0.001639344,wp1_f4,hco3
84.06,0.001639344,wp1_f4,hco3
98.05,0.001557377,wp1_f4,hco3
112.04,0.001377049,wp1_f4,hco3
126.06,0.001180328,wp1_f4,hco3
140.01,0.001098361,wp1_f4,hco3
161.06,0.001409836,wp1_f4,hco3
196.05,0.001639344,wp1_f4,hco3
224.06,0.001639344,wp1_f4,hco3
252.0,0.001967213,wp1_f4,hco3
280.06,0.001967213,wp1_f4,hco3
308.06,0.001327869,wp1_f4,hco3
336.05,0.001639344,wp1_f4,hco3
364.06,0.001459016,wp1_f4,hco3
419.04,0.001327869,wp1_f4,hco3
490.02,0.001622951,wp1_f4,hco3
518.08,0.001967213,wp1_f4,hco3
574.05,0.001885246,wp1_f4,hco3
644.08,0.001590164,wp1_f4,hco3
700.05,0.001262295,wp1_f4,hco3
756.02,0.001393443,wp1_f4,hco3
826.02,0.001639344,wp1_f4,hco3
0.0,0.005737705,wp1_f5,hco3
112.04,0.005901639,wp1_f5,hco3
140.01,0.005901639,wp1_f5,hco3
196.05,0.005737705,wp1_f5,hco3
280.06,0.005737705,wp1_f5,hco3
364.05,0.00557377,wp1_f5,hco3
518.09,0.005245902,wp1_f5,hco3
618.01,0.00557377,wp1_f5,hco3
618.04,0.005409836,wp1_f5,hco3
700.05,0.004918033,wp1_f5,hco3
0.0,0.005901639,wp2_f1,hco3
70.02,0.005901639,wp2_f1,hco3
126.04,0.005901639,wp2_f1,hco3
196.0,0.005901639,wp2_f1,hco3
308.02,0.005901639,wp2_f1,hco3
490.01,0.006065574,wp2_f1,hco3
517.98,0.006065574,wp2_f1,hco3
699.98,0.005901639,wp2_f1,hco3
0.0,0.005409836,wp2_f2,hco3
28.05,0.001885246,wp2_f2,hco3
42.01,0.001967213,wp2_f2,hco3
70.02,0.001606557,wp2_f2,hco3
98.02,0.001180328,wp2_f2,hco3
126.1,0.001590164,wp2_f2,hco3
196.02,0.001803279,wp2_f2,hco3
308.02,0.001540984,wp2_f2,hco3
455.01,0.001885246,wp2_f2,hco3
518.01,0.001885246,wp2_f2,hco3
574.01,0.000934426,wp2_f2,hco3
644.01,0.00142623,wp2_f2,hco3
700.01,0.00142623,wp2_f2,hco3
756.0,0.00147541,wp2_f2,hco3
826.0,0.000934426,wp2_f2,hco3
0.0,0.005409836,wp2_f3,hco3
6.09,0.003032787,wp2_f3,hco3
14.01,0.001721311,wp2_f3,hco3
20.98,0.001885246,wp2_f3,hco3
28.04,0.001967213,wp2_f3,hco3
56.02,0.001885246,wp2_f3,hco3
84.0,0.001377049,wp2_f3,hco3
111.98,0.001803279,wp2_f3,hco3
161.0,0.001114754,wp2_f3,hco3
224.02,0.002213115,wp2_f3,hco3
280.01,0.001721311,wp2_f3,hco3
336.01,0.001131148,wp2_f3,hco3
419.02,0.001721311,wp2_f3,hco3
490.01,0.001967213,wp2_f3,hco3
518.01,0.001967213,wp2_f3,hco3
608.98,0.001967213,wp2_f3,hco3
700.01,0.001540984,wp2_f3,hco3
791.05,0.001721311,wp2_f3,hco3
0.0,0.005409836,wp2_f4,hco3
6.08,0.00557377,wp2_f4,hco3
9.98,0.003606557,wp2_f4,hco3
14.0,0.001721311,wp2_f4,hco3
20.97,0.001639344,wp2_f4,hco3
28.02,0.001639344,wp2_f4,hco3
35.01,0.001721311,wp2_f4,hco3
42.01,0.001885246,wp2_f4,hco3
56.02,0.001967213,wp2_f4,hco3
70.01,0.001803279,wp2_f4,hco3
84.0,0.001540984,wp2_f4,hco3
98.02,0.001409836,wp2_f4,hco3
112.0,0.001491803,wp2_f4,hco3
126.05,0.001721311,wp2_f4,hco3
139.98,0.001639344,wp2_f4,hco3
161.01,0.001196721,wp2_f4,hco3
196.01,0.001803279,wp2_f4,hco3
224.01,0.002131148,wp2_f4,hco3
252.0,0.001409836,wp2_f4,hco3
280.0,0.001590164,wp2_f4,hco3
308.02,0.001590164,wp2_f4,hco3
336.01,0.001147541,wp2_f4,hco3
364.01,0.001,wp2_f4,hco3
419.02,0.001606557,wp2_f4,hco3
490.0,0.001885246,wp2_f4,hco3
518.01,0.002704918,wp2_f4,hco3
574.01,0.001065574,wp2_f4,hco3
644.02,0.001885246,wp2_f4,hco3
700.1,0.001508197,wp2_f4,hco3
756.0,0.001606557,wp2_f4,hco3
825.98,0.001,wp2_f4,hco3
0.0,0.005081967,wp2_f5,hco3
28.01,0.005081967,wp2_f5,hco3
42.0,0.005081967,wp2_f5,hco3
70.01,0.005081967,wp2_f5,hco3
98.01,0.005081967,wp2_f5,hco3
126.04,0.004754098,wp2_f5,hco3
196.01,0.004098361,wp2_f5,hco3
308.01,0.003442623,wp2_f5,hco3
455.01,0.005901639,wp2_f5,hco3
518.02,0.001967213,wp2_f5,hco3
609.0,0.002622951,wp2_f5,hco3
700.0,0.002459016,wp2_f5,hco3
791.0,0.002459016,wp2_f5,hco3
0.0,0.005737705,wp3_f1,hco3
10.05,0.005737705,wp3_f1,hco3
14.11,0.005737705,wp3_f1,hco3
21.05,0.005737705,wp3_f1,hco3
27.98,0.005737705,wp3_f1,hco3
57.12,0.005737705,wp3_f1,hco3
84.05,0.005737705,wp3_f1,hco3
112.01,0.005737705,wp3_f1,hco3
161.01,0.005737705,wp3_f1,hco3
224.04,0.005737705,wp3_f1,hco3
280.01,0.005737705,wp3_f1,hco3
336.02,0.005737705,wp3_f1,hco3
455.02,0.00557377,wp3_f1,hco3
518.02,0.00557377,wp3_f1,hco3
700.02,0.005409836,wp3_f1,hco3
0.0,0.005409836,wp3_f2,hco3
2.06,0.005409836,wp3_f2,hco3
6.14,0.001721311,wp3_f2,hco3
10.04,0.001803279,wp3_f2,hco3
14.1,0.001885246,wp3_f2,hco3
21.05,0.00204918,wp3_f2,hco3
27.98,0.00204918,wp3_f2,hco3
57.14,0.001885246,wp3_f2,hco3
84.04,0.001229508,wp3_f2,hco3
112.02,0.001557377,wp3_f2,hco3
161.06,0.001,wp3_f2,hco3
224.05,0.001967213,wp3_f2,hco3
280.05,0.001803279,wp3_f2,hco3
336.05,0.001196721,wp3_f2,hco3
455.04,0.00204918,wp3_f2,hco3
518.05,0.001639344,wp3_f2,hco3
574.04,0.001262295,wp3_f2,hco3
644.05,0.001885246,wp3_f2,hco3
700.05,0.00152459,wp3_f2,hco3
756.01,0.001442623,wp3_f2,hco3
826.0,0.001065574,wp3_f2,hco3
0.0,0.005409836,wp3_f3,hco3
2.06,0.005409836,wp3_f3,hco3
6.13,0.001803279,wp3_f3,hco3
10.02,0.001803279,wp3_f3,hco3
14.1,0.001967213,wp3_f3,hco3
21.02,0.00204918,wp3_f3,hco3
27.97,0.001967213,wp3_f3,hco3
35.05,0.001967213,wp3_f3,hco3
42.05,0.001803279,wp3_f3,hco3
57.14,0.001803279,wp3_f3,hco3
70.05,0.001442623,wp3_f3,hco3
84.02,0.001262295,wp3_f3,hco3
98.05,0.001409836,wp3_f3,hco3
112.02,0.001721311,wp3_f3,hco3
126.06,0.001803279,wp3_f3,hco3
140.0,0.001590164,wp3_f3,hco3
161.04,0.001245902,wp3_f3,hco3
196.02,0.002295082,wp3_f3,hco3
224.05,0.001967213,wp3_f3,hco3
252.02,0.001147541,wp3_f3,hco3
280.02,0.001639344,wp3_f3,hco3
308.06,0.001803279,wp3_f3,hco3
336.05,0.001196721,wp3_f3,hco3
364.05,0.001180328,wp3_f3,hco3
419.01,0.001639344,wp3_f3,hco3
490.02,0.001885246,wp3_f3,hco3
518.05,0.001885246,wp3_f3,hco3
574.02,0.00152459,wp3_f3,hco3
618.01,0.001885246,wp3_f3,hco3
617.98,0.001885246,wp3_f3,hco3
644.05,0.00147541,wp3_f3,hco3
700.04,0.001508197,wp3_f3,hco3
756.02,0.001491803,wp3_f3,hco3
826.01,0.001311475,wp3_f3,hco3
0.0,0.00557377,wp3_f4,hco3
2.05,0.00557377,wp3_f4,hco3
6.13,0.001885246,wp3_f4,hco3
10.01,0.001803279,wp3_f4,hco3
14.05,0.001885246,wp3_f4,hco3
21.02,0.00204918,wp3_f4,hco3
27.97,0.002131148,wp3_f4,hco3
35.02,0.002131148,wp3_f4,hco3
42.04,0.001885246,wp3_f4,hco3
57.15,0.001967213,wp3_f4,hco3
70.05,0.001639344,wp3_f4,hco3
84.02,0.00142623,wp3_f4,hco3
98.04,0.001491803,wp3_f4,hco3
112.01,0.001721311,wp3_f4,hco3
126.05,0.001803279,wp3_f4,hco3
140.0,0.001590164,wp3_f4,hco3
161.02,0.001213115,wp3_f4,hco3
196.02,0.00204918,wp3_f4,hco3
224.04,0.002131148,wp3_f4,hco3
252.01,0.001180328,wp3_f4,hco3
280.02,0.001803279,wp3_f4,hco3
308.05,0.001885246,wp3_f4,hco3
336.04,0.001295082,wp3_f4,hco3
364.01,0.001327869,wp3_f4,hco3
419.01,0.001803279,wp3_f4,hco3
490.01,0.001885246,wp3_f4,hco3
518.04,0.001885246,wp3_f4,hco3
574.02,0.00152459,wp3_f4,hco3
644.04,0.00152459,wp3_f4,hco3
700.04,0.001606557,wp3_f4,hco3
756.01,0.00157377,wp3_f4,hco3
826.01,0.001360656,wp3_f4,hco3
0.0,0.005245902,wp3_f5,hco3
6.11,0.002213115,wp3_f5,hco3
10.01,0.001967213,wp3_f5,hco3
14.05,0.001803279,wp3_f5,hco3
21.01,0.001967213,wp3_f5,hco3
27.96,0.001967213,wp3_f5,hco3
57.13,0.001967213,wp3_f5,hco3
84.02,0.00152459,wp3_f5,hco3
112.01,0.001803279,wp3_f5,hco3
161.02,0.001262295,wp3_f5,hco3
280.01,0.001803279,wp3_f5,hco3
336.02,0.001327869,wp3_f5,hco3
455.02,0.001967213,wp3_f5,hco3
518.02,0.001967213,wp3_f5,hco3
574.02,0.001393443,wp3_f5,hco3
644.02,0.001540984,wp3_f5,hco3
700.02,0.001557377,wp3_f5,hco3
756.01,0.00157377,wp3_f5,hco3
826.01,0.001327869,wp3_f5,hco3
0.0,0.006229508,wp4_f1,hco3
517.98,0.005901639,wp4_f1,hco3
700.0,0.00557377,wp4_f1,hco3
0.0,0.00557377,wp4_f5,hco3
196.0,0.00142623,wp4_f5,hco3
336.0,0.00157377,wp4_f5,hco3
489.98,0.001885246,wp4_f5,hco3
518.0,0.001885246,wp4_f5,hco3
608.98,0.001409836,wp4_f5,hco3
699.98,0.001327869,wp4_f5,hco3
791.0,0.00157377,wp4_f5,hco3
2.1,0.0017834,influent,na
6.05,0.001826897,influent,na
10.06,0.001870395,influent,na
14.13,0.00213138,influent,na
21.06,0.002044385,influent,na
28.06,0.002218375,influent,na
35.08,0.002218375,influent,na
42.06,0.002261873,influent,na
56.06,0.00195739,influent,na
70.1,0.0017834,influent,na
85.17,0.001652907,influent,na
98.1,0.0017834,influent,na
112.1,0.002044385,influent,na
126.1,0.001913892,influent,na
140.06,0.0017834,influent,na
161.1,0.001000444,influent,na
196.09,0.001261429,influent,na
224.09,0.001565912,influent,na
252.06,0.000869951,influent,na
280.1,0.001130936,influent,na
308.09,0.001348424,influent,na
336.09,0.001130936,influent,na
364.09,0.001348424,influent,na
392.05,0.001261429,influent,na
419.94,0.002044385,influent,na
455.0,0.002000887,influent,na
490.06,0.001739902,influent,na
518.1,0.001261429,influent,na
546.05,0.001043941,influent,na
574.06,0.001087439,influent,na
609.02,0.001261429,influent,na
644.1,0.001130936,influent,na
672.02,0.001043941,influent,na
700.1,0.001130936,influent,na
728.02,0.001261429,influent,na
756.05,0.001696404,influent,na
791.05,0.001826897,influent,na
826.06,0.001261429,influent,na
854.02,0.001000444,influent,na
1.01,0.000608966,pp1,na
98.09,0.000608966,pp1,na
112.09,0.000608966,pp1,na
126.09,0.000652463,pp1,na
140.06,0.000652463,pp1,na
161.1,0.000739458,pp1,na
196.06,0.000869951,pp1,na
224.09,0.000956946,pp1,na
252.05,0.001043941,pp1,na
280.09,0.001043941,pp1,na
308.09,0.001043941,pp1,na
336.09,0.001087439,pp1,na
364.09,0.001000444,pp1,na
419.06,0.001000444,pp1,na
490.05,0.000913449,pp1,na
518.1,0.000956946,pp1,na
574.05,0.001043941,pp1,na
644.09,0.001174434,pp1,na
700.09,0.001174434,pp1,na
756.05,0.001000444,pp1,na
826.05,0.001000444,pp1,na
0.0,0.000695961,pp1_f1,na
336.06,0.001391922,pp1_f1,na
518.1,0.001130936,pp1_f1,na
609.01,0.001130936,pp1_f1,na
700.1,0.001348424,pp1_f1,na
791.01,0.001087439,pp1_f1,na
0.0,0.000608966,pp1_f2,na
98.09,0.000739458,pp1_f2,na
112.09,0.000695961,pp1_f2,na
126.08,0.000695961,pp1_f2,na
140.05,0.000652463,pp1_f2,na
161.09,0.000695961,pp1_f2,na
196.06,0.000652463,pp1_f2,na
224.06,0.000652463,pp1_f2,na
252.04,0.000652463,pp1_f2,na
280.08,0.000652463,pp1_f2,na
308.08,0.000695961,pp1_f2,na
336.08,0.000695961,pp1_f2,na
364.08,0.000695961,pp1_f2,na
455.05,0.000695961,pp1_f2,na
518.09,0.000695961,pp1_f2,na
609.01,0.000956946,pp1_f2,na
618.06,0.001087439,pp1_f2,na
618.09,0.001043941,pp1_f2,na
700.09,0.000913449,pp1_f2,na
791.04,0.001304927,pp1_f2,na
0.0,0.000608966,pp1_f3,na
336.06,0.000652463,pp1_f3,na
518.09,0.001130936,pp1_f3,na
609.01,0.000956946,pp1_f3,na
618.05,0.001043941,pp1_f3,na
618.08,0.001000444,pp1_f3,na
700.06,0.000869951,pp1_f3,na
791.02,0.000869951,pp1_f3,na
0.0,0.001130936,wp1_f1,na
364.06,0.001000444,wp1_f1,na
0.0,0.001087439,wp1_f2,na
140.02,0.001609409,wp1_f2,na
196.06,0.001391922,wp1_f2,na
252.01,0.001261429,wp1_f2,na
336.06,0.001130936,wp1_f2,na
518.06,0.002044385,wp1_f2,na
574.05,0.001522414,wp1_f2,na
618.02,0.001043941,wp1_f2,na
644.09,0.001130936,wp1_f2,na
700.06,0.001130936,wp1_f2,na
756.04,0.001130936,wp1_f2,na
826.02,0.001609409,wp1_f2,na
0.0,0.000608966,wp1_f3,na
6.14,0.000652463,wp1_f3,na
10.05,0.000608966,wp1_f3,na
14.13,0.000608966,wp1_f3,na
21.06,0.000608966,wp1_f3,na
28.01,0.000608966,wp1_f3,na
35.06,0.000608966,wp1_f3,na
42.06,0.000956946,wp1_f3,na
57.12,0.001130936,wp1_f3,na
70.09,0.001913892,wp1_f3,na
85.13,0.002087882,wp1_f3,na
98.06,0.002087882,wp1_f3,na
112.05,0.00195739,wp1_f3,na
140.02,0.001652907,wp1_f3,na
196.05,0.001565912,wp1_f3,na
252.01,0.001217931,wp1_f3,na
308.06,0.001043941,wp1_f3,na
364.06,0.001174434,wp1_f3,na
419.05,0.001087439,wp1_f3,na
490.04,0.001478917,wp1_f3,na
518.06,0.001913892,wp1_f3,na
609.0,0.001043941,wp1_f3,na
700.06,0.001130936,wp1_f3,na
791.01,0.001478917,wp1_f3,na
0.0,0.000652463,wp1_f4,na
42.06,0.000652463,wp1_f4,na
56.05,0.000913449,wp1_f4,na
70.06,0.002000887,wp1_f4,na
84.06,0.002218375,wp1_f4,na
98.05,0.00213138,wp1_f4,na
112.04,0.002044385,wp1_f4,na
126.06,0.001913892,wp1_f4,na
140.01,0.001609409,wp1_f4,na
161.06,0.0017834,wp1_f4,na
196.05,0.001826897,wp1_f4,na
224.06,0.001087439,wp1_f4,na
252.0,0.001087439,wp1_f4,na
280.06,0.001391922,wp1_f4,na
308.06,0.001043941,wp1_f4,na
336.05,0.001000444,wp1_f4,na
364.06,0.001261429,wp1_f4,na
419.04,0.001217931,wp1_f4,na
490.02,0.001565912,wp1_f4,na
518.08,0.00195739,wp1_f4,na
574.05,0.001609409,wp1_f4,na
644.08,0.001087439,wp1_f4,na
700.05,0.001130936,wp1_f4,na
756.02,0.001217931,wp1_f4,na
826.02,0.001652907,wp1_f4,na
0.0,0.000695961,wp1_f5,na
196.05,0.000695961,wp1_f5,na
618.01,0.000782956,wp1_f5,na
618.04,0.000782956,wp1_f5,na
700.05,0.000739458,wp1_f5,na
0.0,0.001304927,wp2_f1,na
699.98,0.001130936,wp2_f1,na
0.0,0.000695961,wp2_f2,na
518.01,0.001522414,wp2_f2,na
574.01,0.000869951,wp2_f2,na
644.01,0.001261429,wp2_f2,na
700.01,0.001043941,wp2_f2,na
756.0,0.001522414,wp2_f2,na
826.0,0.001565912,wp2_f2,na
0.0,0.000608966,wp2_f3,na
161.0,0.001043941,wp2_f3,na
490.01,0.0017834,wp2_f3,na
518.01,0.001609409,wp2_f3,na
608.98,0.001261429,wp2_f3,na
700.01,0.001087439,wp2_f3,na
791.05,0.001870395,wp2_f3,na
0.0,0.000652463,wp2_f4,na
6.08,0.000695961,wp2_f4,na
9.98,0.000739458,wp2_f4,na
14.0,0.001739902,wp2_f4,na
20.97,0.00195739,wp2_f4,na
28.02,0.002087882,wp2_f4,na
35.01,0.002000887,wp2_f4,na
42.01,0.002174878,wp2_f4,na
56.02,0.002261873,wp2_f4,na
70.01,0.002174878,wp2_f4,na
84.0,0.001739902,wp2_f4,na
98.02,0.001478917,wp2_f4,na
112.0,0.001739902,wp2_f4,na
126.05,0.002044385,wp2_f4,na
139.98,0.001739902,wp2_f4,na
161.01,0.001087439,wp2_f4,na
196.01,0.001000444,wp2_f4,na
224.01,0.001478917,wp2_f4,na
252.0,0.000956946,wp2_f4,na
280.0,0.001000444,wp2_f4,na
308.02,0.001217931,wp2_f4,na
336.01,0.001000444,wp2_f4,na
364.01,0.001217931,wp2_f4,na
419.02,0.001217931,wp2_f4,na
490.0,0.0017834,wp2_f4,na
518.01,0.001565912,wp2_f4,na
574.01,0.000869951,wp2_f4,na
644.02,0.001174434,wp2_f4,na
700.1,0.001087439,wp2_f4,na
756.0,0.001478917,wp2_f4,na
825.98,0.001174434,wp2_f4,na
0.0,0.000652463,wp2_f5,na
196.01,0.000913449,wp2_f5,na
518.02,0.000956946,wp2_f5,na
609.0,0.001174434,wp2_f5,na
700.0,0.001130936,wp2_f5,na
791.0,0.001174434,wp2_f5,na
0.0,0.001261429,wp3_f1,na
161.01,0.001087439,wp3_f1,na
700.02,0.001130936,wp3_f1,na
0.0,0.000695961,wp3_f2,na
161.06,0.001000444,wp3_f2,na
518.05,0.001304927,wp3_f2,na
574.04,0.000913449,wp3_f2,na
644.05,0.001217931,wp3_f2,na
700.05,0.001130936,wp3_f2,na
756.01,0.001391922,wp3_f2,na
826.0,0.001261429,wp3_f2,na
0.0,0.000608966,wp3_f3,na
2.06,0.000608966,wp3_f3,na
6.13,0.001652907,wp3_f3,na
10.02,0.00195739,wp3_f3,na
14.1,0.00195739,wp3_f3,na
21.02,0.00195739,wp3_f3,na
27.97,0.002087882,wp3_f3,na
35.05,0.002087882,wp3_f3,na
42.05,0.002044385,wp3_f3,na
57.14,0.002044385,wp3_f3,na
70.05,0.002261873,wp3_f3,na
84.02,0.001565912,wp3_f3,na
98.05,0.001565912,wp3_f3,na
112.02,0.00195739,wp3_f3,na
126.06,0.001870395,wp3_f3,na
140.0,0.001826897,wp3_f3,na
161.04,0.001000444,wp3_f3,na
196.02,0.001130936,wp3_f3,na
224.05,0.001391922,wp3_f3,na
252.02,0.000869951,wp3_f3,na
280.02,0.001043941,wp3_f3,na
308.06,0.001304927,wp3_f3,na
336.05,0.001174434,wp3_f3,na
364.05,0.001391922,wp3_f3,na
419.01,0.001435419,wp3_f3,na
490.02,0.001696404,wp3_f3,na
518.05,0.001304927,wp3_f3,na
574.02,0.000956946,wp3_f3,na
618.01,0.001391922,wp3_f3,na
617.98,0.001348424,wp3_f3,na
644.05,0.001261429,wp3_f3,na
700.04,0.001087439,wp3_f3,na
756.02,0.001435419,wp3_f3,na
826.01,0.001304927,wp3_f3,na
0.0,0.000695961,wp3_f4,na
2.05,0.000608966,wp3_f4,na
6.13,0.001565912,wp3_f4,na
10.01,0.001913892,wp3_f4,na
14.05,0.00195739,wp3_f4,na
21.02,0.002000887,wp3_f4,na
27.97,0.002087882,wp3_f4,na
35.02,0.002218375,wp3_f4,na
42.04,0.002087882,wp3_f4,na
57.15,0.00213138,wp3_f4,na
70.05,0.002261873,wp3_f4,na
84.02,0.001565912,wp3_f4,na
98.04,0.001565912,wp3_f4,na
112.01,0.002000887,wp3_f4,na
126.05,0.001870395,wp3_f4,na
140.0,0.001826897,wp3_f4,na
161.02,0.001000444,wp3_f4,na
196.02,0.001130936,wp3_f4,na
224.04,0.001391922,wp3_f4,na
252.01,0.000869951,wp3_f4,na
280.02,0.001087439,wp3_f4,na
308.05,0.001304927,wp3_f4,na
336.04,0.001087439,wp3_f4,na
364.01,0.001435419,wp3_f4,na
419.01,0.001478917,wp3_f4,na
490.01,0.001739902,wp3_f4,na
518.04,0.001261429,wp3_f4,na
574.02,0.000913449,wp3_f4,na
644.04,0.001217931,wp3_f4,na
700.04,0.001043941,wp3_f4,na
756.01,0.001435419,wp3_f4,na
826.01,0.001261429,wp3_f4,na
0.0,0.000652463,wp3_f5,na
161.02,0.001087439,wp3_f5,na
574.02,0.000913449,wp3_f5,na
700.02,0.001000444,wp3_f5,na
826.01,0.001391922,wp3_f5,na
0.0,0.001000444,wp4_f1,na
0.0,0.000652463,wp4_f5,na
518.0,0.001870395,wp4_f5,na
608.98,0.000956946,wp4_f5,na
699.98,0.001000444,wp4_f5,na
791.0,0.001478917,wp4_f5,na
2.1,0.00026613,influent,no3
6.05,0.00024194,influent,no3
10.06,0.00024194,influent,no3
14.13,0.00025,influent,no3
21.06,0.00024194,influent,no3
28.06,0.00025806,influent,no3
35.08,0.00025,influent,no3
42.06,0.00029839,influent,no3
56.06,0.00024194,influent,no3
70.1,0.00026613,influent,no3
85.17,0.00028226,influent,no3
98.1,0.00033871,influent,no3
112.1,0.00033065,influent,no3
126.1,0.00033065,influent,no3
140.06,0.00040323,influent,no3
161.1,0.00040323,influent,no3
196.09,0.00035484,influent,no3
224.09,0.00046774,influent,no3
252.06,0.00040323,influent,no3
280.1,0.00032258,influent,no3
308.09,0.00032258,influent,no3
336.09,0.00031452,influent,no3
364.09,0.00029839,influent,no3
392.05,0.00024194,influent,no3
419.94,0.00024194,influent,no3
455.0,0.00025,influent,no3
490.06,0.0003629,influent,no3
518.1,0.0003871,influent,no3
546.05,0.00045161,influent,no3
574.06,0.00040323,influent,no3
609.02,0.00054839,influent,no3
644.1,0.00041935,influent,no3
672.02,0.00035484,influent,no3
700.1,0.00031452,influent,no3
728.02,0.00033065,influent,no3
756.05,0.00034677,influent,no3
791.05,0.00034677,influent,no3
826.06,0.00043548,influent,no3
854.02,0.00037903,influent,no3
1.01,4.0323e-06,pp1,no3
28.09,4.0323e-06,pp1,no3
85.15,4.0323e-06,pp1,no3
98.09,4.0323e-06,pp1,no3
112.09,4.0323e-06,pp1,no3
126.09,4.0323e-06,pp1,no3
140.06,4.0323e-06,pp1,no3
161.1,4.0323e-06,pp1,no3
196.06,4.0323e-06,pp1,no3
224.09,4.0323e-06,pp1,no3
252.05,4.0323e-06,pp1,no3
280.09,4.0323e-06,pp1,no3
308.09,4.0323e-06,pp1,no3
336.09,4.0323e-06,pp1,no3
364.09,4.0323e-06,pp1,no3
419.06,0.0,pp1,no3
490.05,0.0,pp1,no3
518.1,0.0,pp1,no3
574.05,0.0,pp1,no3
644.09,0.0,pp1,no3
700.09,0.0,pp1,no3
756.05,0.0,pp1,no3
826.05,0.0,pp1,no3
0.0,4.0323e-06,pp1_f1,no3
517.98,0.0,pp1_f1,no3
700.0,0.0,pp1_f1,no3
0.0,4.0323e-06,pp1_f1,no3
196.0,0.00013065,pp1_f1,no3
0.0,4.0323e-06,pp1_f1,no3
112.1,4.0323e-06,pp1_f1,no3
161.09,4.0323e-06,pp1_f1,no3
252.04,4.0323e-06,pp1_f1,no3
336.06,4.0323e-06,pp1_f1,no3
490.08,0.0,pp1_f1,no3
518.1,0.0,pp1_f1,no3
609.01,0.0,pp1_f1,no3
700.1,0.0,pp1_f1,no3
791.01,0.0,pp1_f1,no3
0.0,4.0323e-06,pp1_f2,no3
85.14,4.0323e-06,pp1_f2,no3
98.09,4.0323e-06,pp1_f2,no3
112.09,4.0323e-06,pp1_f2,no3
126.08,4.0323e-06,pp1_f2,no3
140.05,4.0323e-06,pp1_f2,no3
161.09,4.0323e-06,pp1_f2,no3
196.06,4.0323e-06,pp1_f2,no3
224.06,2.0968e-05,pp1_f2,no3
252.04,4.0323e-06,pp1_f2,no3
280.08,4.0323e-06,pp1_f2,no3
308.08,4.0323e-06,pp1_f2,no3
336.08,4.0323e-06,pp1_f2,no3
364.08,4.0323e-06,pp1_f2,no3
455.05,0.0,pp1_f2,no3
518.09,0.0,pp1_f2,no3
609.01,0.0,pp1_f2,no3
618.06,0.0,pp1_f2,no3
618.09,0.0,pp1_f2,no3
700.09,0.0,pp1_f2,no3
791.04,0.0,pp1_f2,no3
0.0,4.0323e-06,pp1_f3,no3
98.06,4.0323e-06,pp1_f3,no3
112.09,4.0323e-06,pp1_f3,no3
161.09,4.0323e-06,pp1_f3,no3
252.02,4.0323e-06,pp1_f3,no3
336.06,4.0323e-05,pp1_f3,no3
490.05,0.0,pp1_f3,no3
518.09,0.0,pp1_f3,no3
609.01,0.0,pp1_f3,no3
618.05,0.0,pp1_f3,no3
618.08,0.0,pp1_f3,no3
700.06,0.0,pp1_f3,no3
791.02,0.0,pp1_f3,no3
0.0,4.0323e-06,wp1_f1,no3
112.05,4.0323e-06,wp1_f1,no3
140.01,4.0323e-06,wp1_f1,no3
196.05,4.0323e-06,wp1_f1,no3
280.06,4.0323e-06,wp1_f1,no3
364.06,4.0323e-06,wp1_f1,no3
518.05,0.0,wp1_f1,no3
700.06,0.0,wp1_f1,no3
0.0,4.0323e-06,wp1_f2,no3
112.05,1.129e-05,wp1_f2,no3
126.06,4.0323e-06,wp1_f2,no3
140.02,4.0323e-06,wp1_f2,no3
196.06,9.6774e-06,wp1_f2,no3
252.01,4.0323e-06,wp1_f2,no3
336.06,4.0323e-06,wp1_f2,no3
455.05,0.0,wp1_f2,no3
518.06,0.0,wp1_f2,no3
574.05,0.0,wp1_f2,no3
618.02,0.0,wp1_f2,no3
644.09,0.0,wp1_f2,no3
700.06,0.0,wp1_f2,no3
756.04,0.0,wp1_f2,no3
826.02,0.0,wp1_f2,no3
0.0,4.0323e-06,wp1_f3,no3
6.14,4.0323e-06,wp1_f3,no3
10.05,4.0323e-06,wp1_f3,no3
14.13,4.0323e-06,wp1_f3,no3
21.06,4.0323e-06,wp1_f3,no3
28.01,4.0323e-06,wp1_f3,no3
35.06,2.4194e-05,wp1_f3,no3
42.06,2.7419e-05,wp1_f3,no3
57.12,4.0323e-05,wp1_f3,no3
70.09,9.6774e-05,wp1_f3,no3
85.13,7.5806e-05,wp1_f3,no3
98.06,4.6774e-05,wp1_f3,no3
112.05,8.871e-05,wp1_f3,no3
140.02,0.00012097,wp1_f3,no3
196.05,0.00012581,wp1_f3,no3
252.01,0.00025806,wp1_f3,no3
308.06,0.00022581,wp1_f3,no3
364.06,3.3871e-05,wp1_f3,no3
419.05,0.0,wp1_f3,no3
490.04,0.0,wp1_f3,no3
518.06,5.3226e-05,wp1_f3,no3
609.0,0.00030645,wp1_f3,no3
700.06,0.00029032,wp1_f3,no3
791.01,0.0001371,wp1_f3,no3
0.0,4.0323e-06,wp1_f4,no3
28.01,4.0323e-06,wp1_f4,no3
35.05,4.0323e-06,wp1_f4,no3
42.06,1.6129e-05,wp1_f4,no3
56.05,1.6129e-05,wp1_f4,no3
70.06,4.0323e-06,wp1_f4,no3
84.06,1.4516e-05,wp1_f4,no3
98.05,8.0645e-06,wp1_f4,no3
112.04,9.6774e-06,wp1_f4,no3
126.06,2.0968e-05,wp1_f4,no3
140.01,2.7419e-05,wp1_f4,no3
161.06,9.6774e-05,wp1_f4,no3
196.05,5.6452e-05,wp1_f4,no3
224.06,0.00018548,wp1_f4,no3
252.0,0.00020968,wp1_f4,no3
280.06,0.00025806,wp1_f4,no3
308.06,0.00025806,wp1_f4,no3
336.05,0.00012097,wp1_f4,no3
364.06,4.0323e-06,wp1_f4,no3
419.04,0.0,wp1_f4,no3
490.02,0.0,wp1_f4,no3
518.08,0.0,wp1_f4,no3
574.05,6.7742e-05,wp1_f4,no3
644.08,6.4516e-05,wp1_f4,no3
700.05,0.0,wp1_f4,no3
756.02,0.0,wp1_f4,no3
826.02,0.0,wp1_f4,no3
0.0,4.0323e-06,wp1_f5,no3
112.04,4.0323e-06,wp1_f5,no3
140.01,4.0323e-06,wp1_f5,no3
196.05,4.0323e-06,wp1_f5,no3
280.06,4.0323e-06,wp1_f5,no3
364.05,4.0323e-06,wp1_f5,no3
518.09,0.0,wp1_f5,no3
618.01,0.0,wp1_f5,no3
618.04,0.0,wp1_f5,no3
700.05,0.0,wp1_f5,no3
0.0,4.0323e-06,wp2_f1,no3
70.02,4.0323e-06,wp2_f1,no3
126.04,4.0323e-06,wp2_f1,no3
196.0,9.6774e-06,wp2_f1,no3
308.02,4.0323e-06,wp2_f1,no3
490.01,0.0,wp2_f1,no3
517.98,0.0,wp2_f1,no3
699.98,0.0,wp2_f1,no3
0.0,4.0323e-06,wp2_f2,no3
28.05,0.00019355,wp2_f2,no3
42.01,0.00018548,wp2_f2,no3
70.02,7.0968e-05,wp2_f2,no3
98.02,8.0645e-05,wp2_f2,no3
126.1,7.9032e-05,wp2_f2,no3
196.02,0.00021774,wp2_f2,no3
308.02,8.871e-05,wp2_f2,no3
455.01,2.2581e-05,wp2_f2,no3
518.01,0.00015323,wp2_f2,no3
574.01,0.00023387,wp2_f2,no3
644.01,0.00018548,wp2_f2,no3
700.01,4.6774e-05,wp2_f2,no3
756.0,6.7742e-05,wp2_f2,no3
826.0,0.00016935,wp2_f2,no3
0.0,4.0323e-06,wp2_f3,no3
6.09,0.00016935,wp2_f3,no3
14.01,0.00023387,wp2_f3,no3
20.98,0.00020161,wp2_f3,no3
28.04,0.00020968,wp2_f3,no3
56.02,0.00024194,wp2_f3,no3
84.0,0.00022581,wp2_f3,no3
111.98,0.00025,wp2_f3,no3
161.0,0.00043548,wp2_f3,no3
224.02,0.00045161,wp2_f3,no3
280.01,0.0003629,wp2_f3,no3
336.01,0.00030645,wp2_f3,no3
419.02,0.00017742,wp2_f3,no3
490.01,0.00032258,wp2_f3,no3
518.01,0.00034677,wp2_f3,no3
608.98,0.00041935,wp2_f3,no3
700.01,0.00031452,wp2_f3,no3
791.05,0.00027419,wp2_f3,no3
0.0,4.0323e-06,wp2_f4,no3
6.08,4.0323e-06,wp2_f4,no3
9.98,0.00012903,wp2_f4,no3
14.0,0.00020968,wp2_f4,no3
20.97,0.00016935,wp2_f4,no3
28.02,0.0001129,wp2_f4,no3
35.01,0.00016935,wp2_f4,no3
42.01,0.00016129,wp2_f4,no3
56.02,0.00021774,wp2_f4,no3
70.01,0.00020968,wp2_f4,no3
84.0,0.00020161,wp2_f4,no3
98.02,0.00022581,wp2_f4,no3
112.0,0.00021774,wp2_f4,no3
126.05,0.00021774,wp2_f4,no3
139.98,0.00026613,wp2_f4,no3
161.01,0.00039516,wp2_f4,no3
196.01,0.00030645,wp2_f4,no3
224.01,0.0003871,wp2_f4,no3
252.0,0.00037903,wp2_f4,no3
280.0,0.00030645,wp2_f4,no3
308.02,0.00025,wp2_f4,no3
336.01,0.00016935,wp2_f4,no3
364.01,0.00012903,wp2_f4,no3
419.02,5.6452e-05,wp2_f4,no3
490.0,0.00029032,wp2_f4,no3
518.01,0.00031452,wp2_f4,no3
574.01,0.00039516,wp2_f4,no3
644.02,0.00037903,wp2_f4,no3
700.1,0.00029839,wp2_f4,no3
756.0,0.00029032,wp2_f4,no3
825.98,0.00035484,wp2_f4,no3
0.0,4.0323e-06,wp2_f5,no3
28.01,4.0323e-06,wp2_f5,no3
42.0,1.9355e-05,wp2_f5,no3
70.01,4.0323e-06,wp2_f5,no3
98.01,4.0323e-06,wp2_f5,no3
126.04,4.0323e-06,wp2_f5,no3
196.01,1.4516e-05,wp2_f5,no3
308.01,4.0323e-06,wp2_f5,no3
455.01,1.7742e-05,wp2_f5,no3
518.02,0.0,wp2_f5,no3
609.0,0.0,wp2_f5,no3
700.0,0.0,wp2_f5,no3
791.0,0.0,wp2_f5,no3
0.0,4.0323e-06,wp3_f1,no3
10.05,4.0323e-06,wp3_f1,no3
14.11,4.0323e-06,wp3_f1,no3
21.05,4.0323e-06,wp3_f1,no3
27.98,4.0323e-06,wp3_f1,no3
57.12,4.0323e-06,wp3_f1,no3
84.05,4.0323e-06,wp3_f1,no3
112.01,4.0323e-06,wp3_f1,no3
161.01,3.2258e-05,wp3_f1,no3
224.04,1.2903e-05,wp3_f1,no3
280.01,4.0323e-06,wp3_f1,no3
336.02,4.0323e-06,wp3_f1,no3
455.02,0.0,wp3_f1,no3
518.02,0.0,wp3_f1,no3
700.02,0.0,wp3_f1,no3
0.0,4.0323e-06,wp3_f2,no3
2.06,4.0323e-06,wp3_f2,no3
6.14,0.00019355,wp3_f2,no3
10.04,0.00023387,wp3_f2,no3
14.1,0.00021774,wp3_f2,no3
21.05,0.00020968,wp3_f2,no3
27.98,0.00022581,wp3_f2,no3
57.14,0.0001371,wp3_f2,no3
84.04,0.00014516,wp3_f2,no3
112.02,0.00015323,wp3_f2,no3
161.06,0.00033065,wp3_f2,no3
224.05,0.00037097,wp3_f2,no3
280.05,0.00033065,wp3_f2,no3
336.05,0.00016129,wp3_f2,no3
455.04,0.00023387,wp3_f2,no3
518.05,0.00029839,wp3_f2,no3
574.04,0.00033871,wp3_f2,no3
644.05,0.00032258,wp3_f2,no3
700.05,0.00017742,wp3_f2,no3
756.01,0.00020968,wp3_f2,no3
826.0,0.00033065,wp3_f2,no3
0.0,4.0323e-06,wp3_f3,no3
2.06,4.0323e-06,wp3_f3,no3
6.13,0.00023387,wp3_f3,no3
10.02,0.00025,wp3_f3,no3
14.1,0.00022581,wp3_f3,no3
21.02,0.00020968,wp3_f3,no3
27.97,0.00024194,wp3_f3,no3
35.05,0.00023387,wp3_f3,no3
42.05,0.00022581,wp3_f3,no3
57.14,0.00022581,wp3_f3,no3
70.05,0.00021774,wp3_f3,no3
84.02,0.00027419,wp3_f3,no3
98.05,0.00032258,wp3_f3,no3
112.02,0.00029032,wp3_f3,no3
126.06,0.00027419,wp3_f3,no3
140.0,0.00033065,wp3_f3,no3
161.04,0.00039516,wp3_f3,no3
196.02,0.00033871,wp3_f3,no3
224.05,0.00033871,wp3_f3,no3
252.02,0.00039516,wp3_f3,no3
280.02,0.00024194,wp3_f3,no3
308.06,0.00030645,wp3_f3,no3
336.05,0.00029839,wp3_f3,no3
364.05,0.00031452,wp3_f3,no3
419.01,0.00018548,wp3_f3,no3
490.02,0.00032258,wp3_f3,no3
518.05,0.0003629,wp3_f3,no3
574.02,0.00039516,wp3_f3,no3
618.01,0.00045161,wp3_f3,no3
617.98,0.00043548,wp3_f3,no3
644.05,0.00041935,wp3_f3,no3
700.04,0.00031452,wp3_f3,no3
756.02,0.00031452,wp3_f3,no3
826.01,0.00040323,wp3_f3,no3
0.0,4.0323e-06,wp3_f4,no3
2.05,4.0323e-06,wp3_f4,no3
6.13,0.00020161,wp3_f4,no3
10.01,0.00023387,wp3_f4,no3
14.05,0.00019355,wp3_f4,no3
21.02,0.00016935,wp3_f4,no3
27.97,0.00020968,wp3_f4,no3
35.02,0.00021774,wp3_f4,no3
42.04,0.00022581,wp3_f4,no3
57.15,0.00021774,wp3_f4,no3
70.05,0.00020161,wp3_f4,no3
84.02,0.00024194,wp3_f4,no3
98.04,0.00027419,wp3_f4,no3
112.01,0.00025,wp3_f4,no3
126.05,0.00024194,wp3_f4,no3
140.0,0.00031452,wp3_f4,no3
161.02,0.0003871,wp3_f4,no3
196.02,0.00033065,wp3_f4,no3
224.04,0.00041935,wp3_f4,no3
252.01,0.0003871,wp3_f4,no3
280.02,0.00033871,wp3_f4,no3
308.05,0.00030645,wp3_f4,no3
336.04,0.00030645,wp3_f4,no3
364.01,0.00030645,wp3_f4,no3
419.01,0.00015323,wp3_f4,no3
490.01,0.00032258,wp3_f4,no3
518.04,0.00035484,wp3_f4,no3
574.02,0.0003871,wp3_f4,no3
644.04,0.00040323,wp3_f4,no3
700.04,0.00032258,wp3_f4,no3
756.01,0.00030645,wp3_f4,no3
826.01,0.00040323,wp3_f4,no3
0.0,4.0323e-06,wp3_f5,no3
6.11,0.00018548,wp3_f5,no3
10.01,0.00020161,wp3_f5,no3
14.05,0.00016935,wp3_f5,no3
21.01,0.00014516,wp3_f5,no3
27.96,0.00017742,wp3_f5,no3
57.13,0.00016129,wp3_f5,no3
84.02,0.00019355,wp3_f5,no3
112.01,0.00020161,wp3_f5,no3
161.02,0.00030645,wp3_f5,no3
280.01,0.00030645,wp3_f5,no3
336.02,0.00026613,wp3_f5,no3
455.02,0.00019355,wp3_f5,no3
518.02,0.00033871,wp3_f5,no3
574.02,0.00037903,wp3_f5,no3
644.02,0.0003871,wp3_f5,no3
700.02,0.00025806,wp3_f5,no3
756.01,0.00028226,wp3_f5,no3
826.01,0.0003629,wp3_f5,no3
0.0,4.0323e-06,wp4_f1,no3
517.98,0.0,wp4_f1,no3
700.0,0.0,wp4_f1,no3
0.0,4.0323e-06,wp4_f5,no3
196.0,0.00013065,wp4_f5,no3
2.1,0.00051875,influent,oxy
6.05,0.0005,influent,oxy
10.06,0.00050625,influent,oxy
14.13,0.00045625,influent,oxy
21.06,0.00045625,influent,oxy
28.06,0.0004625,influent,oxy
35.08,0.00044375,influent,oxy
42.06,0.00044375,influent,oxy
56.06,0.0005,influent,oxy
70.1,0.00053125,influent,oxy
85.17,0.00051875,influent,oxy
98.1,0.00055,influent,oxy
112.1,0.00056875,influent,oxy
126.1,0.0006,influent,oxy
140.06,0.00070625,influent,oxy
161.1,0.0007125,influent,oxy
196.09,0.0008125,influent,oxy
224.09,0.00064375,influent,oxy
252.06,0.00060625,influent,oxy
280.1,0.0006375,influent,oxy
308.09,0.00056875,influent,oxy
336.09,0.000425,influent,oxy
364.09,0.0004875,influent,oxy
392.05,0.00036875,influent,oxy
419.94,0.00035,influent,oxy
455.0,0.00049375,influent,oxy
490.06,0.000575,influent,oxy
518.1,0.00064375,influent,oxy
546.05,0.00065,influent,oxy
574.06,0.00075,influent,oxy
609.02,0.00061875,influent,oxy
644.1,0.000625,influent,oxy
672.02,0.0003875,influent,oxy
700.1,0.00038125,influent,oxy
728.02,0.0005125,influent,oxy
756.05,0.00051875,influent,oxy
791.05,0.000525,influent,oxy
826.06,0.00065,influent,oxy
854.02,0.00068125,influent,oxy
1.01,5.625e-05,pp1,oxy
28.09,1.5625e-05,pp1,oxy
85.15,8.75e-05,pp1,oxy
98.09,5.625e-05,pp1,oxy
112.09,1.5625e-05,pp1,oxy
126.09,1.5625e-05,pp1,oxy
140.06,1.5625e-05,pp1,oxy
161.1,1.5625e-05,pp1,oxy
196.06,3.125e-05,pp1,oxy
224.09,1.5625e-05,pp1,oxy
252.05,1.5625e-05,pp1,oxy
280.09,5.625e-05,pp1,oxy
308.09,1.5625e-05,pp1,oxy
336.09,1.5625e-05,pp1,oxy
364.09,4.375e-05,pp1,oxy
419.06,3.125e-05,pp1,oxy
490.05,3.125e-05,pp1,oxy
518.1,3.125e-05,pp1,oxy
574.05,3.125e-05,pp1,oxy
644.09,3.125e-05,pp1,oxy
700.09,3.75e-05,pp1,oxy
756.05,3.125e-05,pp1,oxy
826.05,3.125e-05,pp1,oxy
0.0,0.000475,pp1_f1,oxy
112.1,0.0001625,pp1_f1,oxy
161.09,0.00019375,pp1_f1,oxy
518.1,0.000175,pp1_f1,oxy
0.0,1.5625e-05,pp1_f2,oxy
85.14,8.75e-05,pp1_f2,oxy
98.09,5.625e-05,pp1_f2,oxy
112.09,4.375e-05,pp1_f2,oxy
126.08,1.5625e-05,pp1_f2,oxy
140.05,1.5625e-05,pp1_f2,oxy
161.09,1.5625e-05,pp1_f2,oxy
196.06,5.625e-05,pp1_f2,oxy
224.06,3.75e-05,pp1_f2,oxy
252.04,3.75e-05,pp1_f2,oxy
280.08,5.625e-05,pp1_f2,oxy
308.08,3.75e-05,pp1_f2,oxy
336.08,1.5625e-05,pp1_f2,oxy
364.08,5e-05,pp1_f2,oxy
455.05,5.625e-05,pp1_f2,oxy
518.09,7.5e-05,pp1_f2,oxy
609.01,4.375e-05,pp1_f2,oxy
618.06,3.125e-05,pp1_f2,oxy
618.09,3.125e-05,pp1_f2,oxy
700.09,5e-05,pp1_f2,oxy
791.04,3.75e-05,pp1_f2,oxy
0.0,1.5625e-05,pp1_f3,oxy
98.06,5.625e-05,pp1_f3,oxy
112.09,3.75e-05,pp1_f3,oxy
161.09,1.5625e-05,pp1_f3,oxy
252.02,1.5625e-05,pp1_f3,oxy
336.06,1.5625e-05,pp1_f3,oxy
490.05,3.125e-05,pp1_f3,oxy
518.09,3.125e-05,pp1_f3,oxy
609.01,3.125e-05,pp1_f3,oxy
618.05,3.125e-05,pp1_f3,oxy
618.08,3.125e-05,pp1_f3,oxy
700.06,3.125e-05,pp1_f3,oxy
791.02,3.125e-05,pp1_f3,oxy
0.0,0.000475,wp1_f1,oxy
112.05,0.00014375,wp1_f1,oxy
140.01,0.000125,wp1_f1,oxy
196.05,0.00015,wp1_f1,oxy
518.05,0.0001375,wp1_f1,oxy
0.0,1.5625e-05,wp1_f2,oxy
112.05,4.375e-05,wp1_f2,oxy
126.06,1.5625e-05,wp1_f2,oxy
140.02,1.5625e-05,wp1_f2,oxy
196.06,1.5625e-05,wp1_f2,oxy
252.01,1.5625e-05,wp1_f2,oxy
336.06,1.5625e-05,wp1_f2,oxy
455.05,3.75e-05,wp1_f2,oxy
518.06,5.625e-05,wp1_f2,oxy
574.05,3.125e-05,wp1_f2,oxy
618.02,3.125e-05,wp1_f2,oxy
644.09,3.125e-05,wp1_f2,oxy
700.06,3.125e-05,wp1_f2,oxy
756.04,3.125e-05,wp1_f2,oxy
826.02,3.125e-05,wp1_f2,oxy
0.0,1.5625e-05,wp1_f3,oxy
6.14,1.5625e-05,wp1_f3,oxy
10.05,1.5625e-05,wp1_f3,oxy
14.13,1.5625e-05,wp1_f3,oxy
21.06,1.5625e-05,wp1_f3,oxy
28.01,1.5625e-05,wp1_f3,oxy
35.06,1.5625e-05,wp1_f3,oxy
42.06,1.5625e-05,wp1_f3,oxy
57.12,1.5625e-05,wp1_f3,oxy
70.09,3.125e-05,wp1_f3,oxy
85.13,5.625e-05,wp1_f3,oxy
98.06,6.875e-05,wp1_f3,oxy
112.05,5e-05,wp1_f3,oxy
140.02,1.5625e-05,wp1_f3,oxy
196.05,1.5625e-05,wp1_f3,oxy
252.01,1.5625e-05,wp1_f3,oxy
308.06,3.125e-05,wp1_f3,oxy
364.06,1.5625e-05,wp1_f3,oxy
419.05,3.125e-05,wp1_f3,oxy
490.04,3.125e-05,wp1_f3,oxy
518.06,3.125e-05,wp1_f3,oxy
609.0,3.125e-05,wp1_f3,oxy
700.06,3.125e-05,wp1_f3,oxy
791.01,3.125e-05,wp1_f3,oxy
0.0,1.5625e-05,wp1_f4,oxy
28.01,1.5625e-05,wp1_f4,oxy
35.05,1.5625e-05,wp1_f4,oxy
42.06,1.5625e-05,wp1_f4,oxy
56.05,3.75e-05,wp1_f4,oxy
70.06,3.75e-05,wp1_f4,oxy
84.06,3.125e-05,wp1_f4,oxy
98.05,4.375e-05,wp1_f4,oxy
112.04,1.5625e-05,wp1_f4,oxy
126.06,6.25e-05,wp1_f4,oxy
140.01,1.5625e-05,wp1_f4,oxy
161.06,1.5625e-05,wp1_f4,oxy
196.05,1.5625e-05,wp1_f4,oxy
224.06,1.5625e-05,wp1_f4,oxy
252.0,1.5625e-05,wp1_f4,oxy
280.06,4.375e-05,wp1_f4,oxy
308.06,1.5625e-05,wp1_f4,oxy
336.05,1.5625e-05,wp1_f4,oxy
364.06,1.5625e-05,wp1_f4,oxy
419.04,3.125e-05,wp1_f4,oxy
490.02,3.125e-05,wp1_f4,oxy
518.08,5.625e-05,wp1_f4,oxy
574.05,3.125e-05,wp1_f4,oxy
644.08,3.125e-05,wp1_f4,oxy
700.05,3.125e-05,wp1_f4,oxy
756.02,3.125e-05,wp1_f4,oxy
826.02,3.125e-05,wp1_f4,oxy
0.0,1.5625e-05,wp1_f5,oxy
112.04,2.875e-05,wp1_f5,oxy
140.01,1.5625e-05,wp1_f5,oxy
196.05,1.5625e-05,wp1_f5,oxy
280.06,4.375e-05,wp1_f5,oxy
364.05,1.5625e-05,wp1_f5,oxy
518.09,3.125e-05,wp1_f5,oxy
618.01,3.125e-05,wp1_f5,oxy
618.04,3.125e-05,wp1_f5,oxy
700.05,5e-05,wp1_f5,oxy
0.0,0.00053125,wp2_f1,oxy
70.02,3.75e-05,wp2_f1,oxy
126.04,0.00016875,wp2_f1,oxy
196.0,0.00016875,wp2_f1,oxy
308.02,0.00018125,wp2_f1,oxy
517.98,0.0001375,wp2_f1,oxy
0.0,0.00025,wp2_f2,oxy
20.98,1.875e-05,wp2_f2,oxy
28.05,1.5625e-05,wp2_f2,oxy
35.02,1.875e-05,wp2_f2,oxy
42.01,1.5625e-05,wp2_f2,oxy
70.02,5e-05,wp2_f2,oxy
98.02,1.5625e-05,wp2_f2,oxy
126.1,1.5625e-05,wp2_f2,oxy
196.02,1.5625e-05,wp2_f2,oxy
308.02,1.5625e-05,wp2_f2,oxy
455.01,5e-05,wp2_f2,oxy
518.01,3.125e-05,wp2_f2,oxy
574.01,3.125e-05,wp2_f2,oxy
644.01,3.125e-05,wp2_f2,oxy
700.01,3.125e-05,wp2_f2,oxy
756.0,3.75e-05,wp2_f2,oxy
826.0,3.125e-05,wp2_f2,oxy
0.0,0.000225,wp2_f3,oxy
6.09,1.5625e-05,wp2_f3,oxy
14.01,5.625e-05,wp2_f3,oxy
20.98,1.5625e-05,wp2_f3,oxy
28.04,1.5625e-05,wp2_f3,oxy
56.02,1.5625e-05,wp2_f3,oxy
84.0,4.375e-05,wp2_f3,oxy
111.98,0.0004125,wp2_f3,oxy
161.0,0.00015,wp2_f3,oxy
224.02,0.00021875,wp2_f3,oxy
280.01,3.75e-05,wp2_f3,oxy
336.01,1.5625e-05,wp2_f3,oxy
419.02,3.125e-05,wp2_f3,oxy
490.01,3.125e-05,wp2_f3,oxy
518.01,3.125e-05,wp2_f3,oxy
608.98,8.75e-05,wp2_f3,oxy
700.01,3.125e-05,wp2_f3,oxy
791.05,5.625e-05,wp2_f3,oxy
0.0,0.000175,wp2_f4,oxy
6.08,1.5625e-05,wp2_f4,oxy
9.98,1.5625e-05,wp2_f4,oxy
14.0,1.5625e-05,wp2_f4,oxy
20.97,1.5625e-05,wp2_f4,oxy
28.02,1.5625e-05,wp2_f4,oxy
35.01,1.5625e-05,wp2_f4,oxy
42.01,1.5625e-05,wp2_f4,oxy
56.02,1.5625e-05,wp2_f4,oxy
70.01,1.5625e-05,wp2_f4,oxy
84.0,3.125e-05,wp2_f4,oxy
98.02,4.375e-05,wp2_f4,oxy
112.0,0.0004125,wp2_f4,oxy
126.05,1.5625e-05,wp2_f4,oxy
139.98,1.5625e-05,wp2_f4,oxy
161.01,1.5625e-05,wp2_f4,oxy
196.01,1.5625e-05,wp2_f4,oxy
224.01,1.5625e-05,wp2_f4,oxy
252.0,3.125e-05,wp2_f4,oxy
280.0,3.125e-05,wp2_f4,oxy
308.02,1.5625e-05,wp2_f4,oxy
336.01,1.5625e-05,wp2_f4,oxy
364.01,1.5625e-05,wp2_f4,oxy
419.02,3.125e-05,wp2_f4,oxy
490.0,3.125e-05,wp2_f4,oxy
518.01,3.75e-05,wp2_f4,oxy
574.01,3.125e-05,wp2_f4,oxy
644.02,3.125e-05,wp2_f4,oxy
700.1,3.125e-05,wp2_f4,oxy
756.0,3.125e-05,wp2_f4,oxy
825.98,3.125e-05,wp2_f4,oxy
0.0,0.00024375,wp2_f5,oxy
28.01,1.5625e-05,wp2_f5,oxy
42.0,1.5625e-05,wp2_f5,oxy
70.01,1.5625e-05,wp2_f5,oxy
98.01,2.5e-05,wp2_f5,oxy
126.04,1.5625e-05,wp2_f5,oxy
196.01,5e-05,wp2_f5,oxy
308.01,1.5625e-05,wp2_f5,oxy
455.01,3.125e-05,wp2_f5,oxy
518.02,3.125e-05,wp2_f5,oxy
609.0,3.125e-05,wp2_f5,oxy
700.0,3.125e-05,wp2_f5,oxy
791.0,3.125e-05,wp2_f5,oxy
0.0,1.5625e-05,wp3_f1,oxy
10.05,0.0004125,wp3_f1,oxy
14.11,0.00019375,wp3_f1,oxy
21.05,0.00024375,wp3_f1,oxy
27.98,0.0002125,wp3_f1,oxy
57.12,0.0003375,wp3_f1,oxy
84.05,0.0001375,wp3_f1,oxy
112.01,0.00014375,wp3_f1,oxy
161.01,0.00015,wp3_f1,oxy
455.02,0.00013125,wp3_f1,oxy
518.02,0.0001375,wp3_f1,oxy
0.0,1.5625e-05,wp3_f2,oxy
2.06,1.875e-05,wp3_f2,oxy
6.14,1.5625e-05,wp3_f2,oxy
10.04,1.5625e-05,wp3_f2,oxy
14.1,1.5625e-05,wp3_f2,oxy
21.05,1.5625e-05,wp3_f2,oxy
27.98,1.5625e-05,wp3_f2,oxy
57.14,3.75e-05,wp3_f2,oxy
84.04,3.75e-05,wp3_f2,oxy
112.02,3.875e-05,wp3_f2,oxy
161.06,1.5625e-05,wp3_f2,oxy
224.05,1.5625e-05,wp3_f2,oxy
280.05,4.375e-05,wp3_f2,oxy
336.05,1.5625e-05,wp3_f2,oxy
455.04,3.125e-05,wp3_f2,oxy
518.05,3.125e-05,wp3_f2,oxy
574.04,3.125e-05,wp3_f2,oxy
644.05,3.125e-05,wp3_f2,oxy
700.05,3.125e-05,wp3_f2,oxy
756.01,3.125e-05,wp3_f2,oxy
826.0,3.125e-05,wp3_f2,oxy
0.0,1.5625e-05,wp3_f3,oxy
2.06,1.25e-05,wp3_f3,oxy
6.13,1.5625e-05,wp3_f3,oxy
10.02,1.5625e-05,wp3_f3,oxy
14.1,5.625e-05,wp3_f3,oxy
21.02,1.5625e-05,wp3_f3,oxy
27.97,1.5625e-05,wp3_f3,oxy
35.05,1.5625e-05,wp3_f3,oxy
42.05,1.5625e-05,wp3_f3,oxy
57.14,5e-05,wp3_f3,oxy
70.05,3.125e-05,wp3_f3,oxy
84.02,3.125e-05,wp3_f3,oxy
98.05,4.375e-05,wp3_f3,oxy
112.02,3.6875e-05,wp3_f3,oxy
126.06,8.75e-05,wp3_f3,oxy
140.0,0.000325,wp3_f3,oxy
161.04,0.0004125,wp3_f3,oxy
196.02,0.0006125,wp3_f3,oxy
224.05,1.5625e-05,wp3_f3,oxy
252.02,0.000175,wp3_f3,oxy
280.02,5.625e-05,wp3_f3,oxy
308.06,1.5625e-05,wp3_f3,oxy
336.05,1.5625e-05,wp3_f3,oxy
364.05,1.5625e-05,wp3_f3,oxy
419.01,3.125e-05,wp3_f3,oxy
490.02,0.00016875,wp3_f3,oxy
518.05,0.00026875,wp3_f3,oxy
574.02,0.0004375,wp3_f3,oxy
618.01,0.00028125,wp3_f3,oxy
617.98,0.000275,wp3_f3,oxy
644.05,0.000125,wp3_f3,oxy
700.04,3.125e-05,wp3_f3,oxy
756.02,3.125e-05,wp3_f3,oxy
826.01,0.0003625,wp3_f3,oxy
0.0,1.5625e-05,wp3_f4,oxy
2.05,1.25e-05,wp3_f4,oxy
6.13,1.5625e-05,wp3_f4,oxy
10.01,1.5625e-05,wp3_f4,oxy
14.05,5.625e-05,wp3_f4,oxy
21.02,1.5625e-05,wp3_f4,oxy
27.97,1.5625e-05,wp3_f4,oxy
35.02,1.5625e-05,wp3_f4,oxy
42.04,1.5625e-05,wp3_f4,oxy
57.15,0.00010625,wp3_f4,oxy
70.05,3.75e-05,wp3_f4,oxy
84.02,3.125e-05,wp3_f4,oxy
98.04,5e-05,wp3_f4,oxy
112.01,4.1875e-05,wp3_f4,oxy
126.05,1.5625e-05,wp3_f4,oxy
140.0,1.5625e-05,wp3_f4,oxy
161.02,1.5625e-05,wp3_f4,oxy
196.02,0.000125,wp3_f4,oxy
224.04,9.375e-05,wp3_f4,oxy
252.01,6.875e-05,wp3_f4,oxy
280.02,4.375e-05,wp3_f4,oxy
308.05,7.5e-05,wp3_f4,oxy
336.04,1.5625e-05,wp3_f4,oxy
364.01,3.125e-05,wp3_f4,oxy
419.01,3.125e-05,wp3_f4,oxy
490.01,9.375e-05,wp3_f4,oxy
518.04,0.000225,wp3_f4,oxy
574.02,0.00043125,wp3_f4,oxy
644.04,0.0003,wp3_f4,oxy
700.04,5e-05,wp3_f4,oxy
756.01,7.5e-05,wp3_f4,oxy
826.01,0.00041875,wp3_f4,oxy
0.0,1.5625e-05,wp3_f5,oxy
6.11,1.5625e-05,wp3_f5,oxy
10.01,1.5625e-05,wp3_f5,oxy
14.05,6.25e-05,wp3_f5,oxy
21.01,1.5625e-05,wp3_f5,oxy
27.96,1.5625e-05,wp3_f5,oxy
57.13,3.75e-05,wp3_f5,oxy
84.02,3.125e-05,wp3_f5,oxy
112.01,4.1875e-05,wp3_f5,oxy
161.02,3.125e-05,wp3_f5,oxy
280.01,3.125e-05,wp3_f5,oxy
336.02,1.5625e-05,wp3_f5,oxy
455.02,3.125e-05,wp3_f5,oxy
518.02,8.75e-05,wp3_f5,oxy
574.02,0.000275,wp3_f5,oxy
644.02,0.000225,wp3_f5,oxy
700.02,3.125e-05,wp3_f5,oxy
756.01,3.125e-05,wp3_f5,oxy
826.01,0.000325,wp3_f5,oxy
0.0,3.75e-05,wp4_f1,oxy
517.98,3.125e-05,wp4_f1,oxy
700.0,5e-05,wp4_f1,oxy
0.0,5.625e-05,wp4_f5,oxy
196.0,1.5625e-05,wp4_f5,oxy
2.1,7.3,influent,ph
6.05,7.35,influent,ph
10.06,7.3,influent,ph
14.13,7.3,influent,ph
21.06,7.25,influent,ph
28.06,7.3,influent,ph
35.08,7.35,influent,ph
42.06,7.25,influent,ph
56.06,7.2,influent,ph
70.1,7.05,influent,ph
85.17,7.05,influent,ph
98.1,7.0,influent,ph
112.1,7.1,influent,ph
126.1,7.0,influent,ph
140.06,7.0,influent,ph
161.1,6.85,influent,ph
196.09,7.0,influent,ph
224.09,7.1,influent,ph
252.06,6.85,influent,ph
280.1,7.1,influent,ph
308.09,7.15,influent,ph
336.09,6.95,influent,ph
364.09,7.05,influent,ph
392.05,6.9,influent,ph
419.94,7.1,influent,ph
455.0,6.95,influent,ph
490.06,6.95,influent,ph
518.1,6.8,influent,ph
546.05,6.75,influent,ph
574.06,6.85,influent,ph
609.02,6.95,influent,ph
644.1,6.85,influent,ph
672.02,6.85,influent,ph
700.1,6.95,influent,ph
728.02,7.1,influent,ph
756.05,6.95,influent,ph
791.05,6.95,influent,ph
826.06,6.8,influent,ph
854.02,6.8,influent,ph
1.01,6.55,pp1,ph
28.09,6.55,pp1,ph
85.15,6.55,pp1,ph
98.09,6.55,pp1,ph
112.09,6.55,pp1,ph
126.09,6.55,pp1,ph
140.06,6.6,pp1,ph
161.1,6.55,pp1,ph
196.06,6.6,pp1,ph
224.09,6.6,pp1,ph
252.05,6.55,pp1,ph
280.09,6.55,pp1,ph
308.09,6.6,pp1,ph
336.09,6.6,pp1,ph
364.09,6.5,pp1,ph
419.06,6.55,pp1,ph
490.05,6.6,pp1,ph
518.1,6.6,pp1,ph
574.05,6.55,pp1,ph
644.09,6.65,pp1,ph
700.09,6.45,pp1,ph
756.05,6.45,pp1,ph
826.05,6.65,pp1,ph
0.0,6.75,pp1_f1,ph
112.1,6.8,pp1_f1,ph
161.09,6.7,pp1_f1,ph
252.04,6.7,pp1_f1,ph
336.06,6.65,pp1_f1,ph
609.01,6.75,pp1_f1,ph
700.1,6.7,pp1_f1,ph
791.01,6.7,pp1_f1,ph
0.0,6.55,pp1_f2,ph
85.14,6.65,pp1_f2,ph
98.09,6.6,pp1_f2,ph
112.09,6.6,pp1_f2,ph
126.08,6.6,pp1_f2,ph
140.05,6.6,pp1_f2,ph
161.09,6.6,pp1_f2,ph
196.06,6.6,pp1_f2,ph
224.06,6.6,pp1_f2,ph
252.04,6.6,pp1_f2,ph
280.08,6.55,pp1_f2,ph
308.08,6.65,pp1_f2,ph
336.08,6.6,pp1_f2,ph
364.08,6.55,pp1_f2,ph
455.05,6.55,pp1_f2,ph
518.09,6.65,pp1_f2,ph
609.01,6.5,pp1_f2,ph
618.06,6.65,pp1_f2,ph
618.09,6.65,pp1_f2,ph
700.09,6.65,pp1_f2,ph
791.04,6.65,pp1_f2,ph
0.0,6.6,pp1_f3,ph
98.06,6.55,pp1_f3,ph
112.09,6.55,pp1_f3,ph
161.09,6.55,pp1_f3,ph
252.02,6.55,pp1_f3,ph
336.06,6.55,pp1_f3,ph
490.05,6.55,pp1_f3,ph
518.09,6.6,pp1_f3,ph
609.01,6.4,pp1_f3,ph
618.05,6.6,pp1_f3,ph
618.08,6.65,pp1_f3,ph
700.06,6.35,pp1_f3,ph
791.02,6.3,pp1_f3,ph
0.0,6.9,wp1_f1,ph
112.05,6.9,wp1_f1,ph
140.01,6.9,wp1_f1,ph
196.05,6.8,wp1_f1,ph
280.06,6.95,wp1_f1,ph
364.06,6.8,wp1_f1,ph
700.06,6.75,wp1_f1,ph
0.0,6.7,wp1_f2,ph
112.05,6.8,wp1_f2,ph
126.06,6.75,wp1_f2,ph
140.02,6.8,wp1_f2,ph
196.06,6.65,wp1_f2,ph
252.01,6.5,wp1_f2,ph
336.06,6.55,wp1_f2,ph
455.05,6.6,wp1_f2,ph
518.06,6.7,wp1_f2,ph
574.05,6.6,wp1_f2,ph
618.02,6.5,wp1_f2,ph
644.09,6.45,wp1_f2,ph
700.06,6.5,wp1_f2,ph
756.04,6.55,wp1_f2,ph
826.02,6.55,wp1_f2,ph
0.0,6.6,wp1_f3,ph
6.14,6.6,wp1_f3,ph
10.05,6.6,wp1_f3,ph
14.13,6.6,wp1_f3,ph
21.06,6.55,wp1_f3,ph
28.01,6.6,wp1_f3,ph
35.06,6.6,wp1_f3,ph
42.06,6.6,wp1_f3,ph
57.12,6.6,wp1_f3,ph
70.09,6.7,wp1_f3,ph
85.13,6.65,wp1_f3,ph
98.06,6.7,wp1_f3,ph
112.05,6.75,wp1_f3,ph
140.02,6.8,wp1_f3,ph
196.05,6.8,wp1_f3,ph
252.01,6.6,wp1_f3,ph
308.06,6.7,wp1_f3,ph
364.06,6.6,wp1_f3,ph
419.05,6.6,wp1_f3,ph
490.04,6.65,wp1_f3,ph
518.06,6.7,wp1_f3,ph
609.0,6.55,wp1_f3,ph
700.06,6.5,wp1_f3,ph
791.01,6.7,wp1_f3,ph
0.0,6.6,wp1_f4,ph
28.01,6.6,wp1_f4,ph
35.05,6.6,wp1_f4,ph
42.06,6.6,wp1_f4,ph
56.05,6.6,wp1_f4,ph
70.06,6.65,wp1_f4,ph
84.06,6.55,wp1_f4,ph
98.05,6.5,wp1_f4,ph
112.04,6.45,wp1_f4,ph
126.06,6.4,wp1_f4,ph
140.01,6.45,wp1_f4,ph
161.06,6.55,wp1_f4,ph
196.05,6.8,wp1_f4,ph
224.06,6.75,wp1_f4,ph
252.0,6.7,wp1_f4,ph
280.06,6.55,wp1_f4,ph
308.06,6.7,wp1_f4,ph
336.05,6.65,wp1_f4,ph
364.06,6.6,wp1_f4,ph
419.04,6.7,wp1_f4,ph
490.02,6.6,wp1_f4,ph
518.08,6.65,wp1_f4,ph
574.05,6.7,wp1_f4,ph
644.08,6.55,wp1_f4,ph
700.05,6.5,wp1_f4,ph
756.02,6.4,wp1_f4,ph
826.02,6.5,wp1_f4,ph
0.0,6.65,wp1_f5,ph
112.04,6.65,wp1_f5,ph
140.01,6.7,wp1_f5,ph
196.05,6.65,wp1_f5,ph
280.06,6.55,wp1_f5,ph
364.05,6.6,wp1_f5,ph
518.09,6.6,wp1_f5,ph
618.01,6.65,wp1_f5,ph
618.04,6.65,wp1_f5,ph
700.05,6.4,wp1_f5,ph
0.0,6.8,wp2_f1,ph
70.02,6.9,wp2_f1,ph
126.04,6.9,wp2_f1,ph
196.0,6.85,wp2_f1,ph
308.02,7.0,wp2_f1,ph
699.98,6.8,wp2_f1,ph
0.0,6.6,wp2_f2,ph
28.05,6.8,wp2_f2,ph
42.01,6.85,wp2_f2,ph
70.02,6.8,wp2_f2,ph
98.02,6.55,wp2_f2,ph
126.1,6.6,wp2_f2,ph
196.02,6.55,wp2_f2,ph
308.02,6.65,wp2_f2,ph
455.01,6.65,wp2_f2,ph
518.01,6.65,wp2_f2,ph
574.01,6.35,wp2_f2,ph
644.01,6.55,wp2_f2,ph
700.01,6.55,wp2_f2,ph
756.0,6.6,wp2_f2,ph
826.0,6.45,wp2_f2,ph
0.0,6.6,wp2_f3,ph
6.09,6.6,wp2_f3,ph
14.01,6.8,wp2_f3,ph
20.98,6.9,wp2_f3,ph
28.04,6.9,wp2_f3,ph
56.02,6.95,wp2_f3,ph
84.0,6.75,wp2_f3,ph
111.98,6.7,wp2_f3,ph
161.0,6.45,wp2_f3,ph
224.02,6.9,wp2_f3,ph
280.01,6.65,wp2_f3,ph
336.01,6.6,wp2_f3,ph
419.02,6.8,wp2_f3,ph
490.01,6.7,wp2_f3,ph
518.01,6.7,wp2_f3,ph
608.98,6.65,wp2_f3,ph
700.01,6.7,wp2_f3,ph
791.05,6.5,wp2_f3,ph
0.0,6.6,wp2_f4,ph
6.08,6.6,wp2_f4,ph
9.98,6.6,wp2_f4,ph
14.0,6.7,wp2_f4,ph
20.97,6.65,wp2_f4,ph
28.02,6.6,wp2_f4,ph
35.01,6.65,wp2_f4,ph
42.01,6.8,wp2_f4,ph
56.02,6.9,wp2_f4,ph
70.01,6.95,wp2_f4,ph
84.0,6.95,wp2_f4,ph
98.02,6.7,wp2_f4,ph
112.0,6.65,wp2_f4,ph
126.05,6.7,wp2_f4,ph
139.98,6.8,wp2_f4,ph
161.01,6.55,wp2_f4,ph
196.01,6.55,wp2_f4,ph
224.01,6.7,wp2_f4,ph
252.0,6.65,wp2_f4,ph
280.0,6.5,wp2_f4,ph
308.02,6.7,wp2_f4,ph
336.01,6.65,wp2_f4,ph
364.01,6.6,wp2_f4,ph
419.02,6.8,wp2_f4,ph
490.0,6.7,wp2_f4,ph
518.01,6.7,wp2_f4,ph
574.01,6.45,wp2_f4,ph
644.02,6.65,wp2_f4,ph
700.1,6.6,wp2_f4,ph
756.0,6.65,wp2_f4,ph
825.98,6.45,wp2_f4,ph
0.0,6.55,wp2_f5,ph
28.01,6.55,wp2_f5,ph
42.0,6.55,wp2_f5,ph
70.01,6.55,wp2_f5,ph
98.01,6.55,wp2_f5,ph
126.04,6.5,wp2_f5,ph
196.01,6.6,wp2_f5,ph
308.01,6.55,wp2_f5,ph
455.01,6.55,wp2_f5,ph
518.02,6.6,wp2_f5,ph
609.0,6.4,wp2_f5,ph
700.0,6.45,wp2_f5,ph
791.0,6.35,wp2_f5,ph
0.0,6.75,wp3_f1,ph
10.05,6.85,wp3_f1,ph
14.11,6.85,wp3_f1,ph
21.05,6.85,wp3_f1,ph
27.98,6.85,wp3_f1,ph
57.12,6.85,wp3_f1,ph
84.05,6.9,wp3_f1,ph
112.01,6.9,wp3_f1,ph
161.01,6.9,wp3_f1,ph
224.04,6.85,wp3_f1,ph
280.01,6.85,wp3_f1,ph
336.02,6.85,wp3_f1,ph
455.02,6.8,wp3_f1,ph
700.02,6.8,wp3_f1,ph
0.0,6.6,wp3_f2,ph
2.06,6.7,wp3_f2,ph
6.14,6.8,wp3_f2,ph
10.04,6.8,wp3_f2,ph
14.1,6.85,wp3_f2,ph
21.05,6.9,wp3_f2,ph
27.98,6.85,wp3_f2,ph
57.14,6.9,wp3_f2,ph
84.04,6.55,wp3_f2,ph
112.02,6.6,wp3_f2,ph
161.06,6.35,wp3_f2,ph
224.05,6.7,wp3_f2,ph
280.05,6.6,wp3_f2,ph
336.05,6.6,wp3_f2,ph
455.04,6.7,wp3_f2,ph
518.05,6.6,wp3_f2,ph
574.04,6.4,wp3_f2,ph
644.05,6.6,wp3_f2,ph
700.05,6.65,wp3_f2,ph
756.01,6.6,wp3_f2,ph
826.0,6.45,wp3_f2,ph
0.0,6.55,wp3_f3,ph
2.06,6.55,wp3_f3,ph
6.13,6.9,wp3_f3,ph
10.02,6.9,wp3_f3,ph
14.1,6.9,wp3_f3,ph
21.02,6.95,wp3_f3,ph
27.97,6.9,wp3_f3,ph
35.05,6.9,wp3_f3,ph
42.05,6.95,wp3_f3,ph
57.14,6.95,wp3_f3,ph
70.05,6.8,wp3_f3,ph
84.02,6.65,wp3_f3,ph
98.05,6.65,wp3_f3,ph
112.02,6.7,wp3_f3,ph
126.06,6.75,wp3_f3,ph
140.0,6.7,wp3_f3,ph
161.04,6.55,wp3_f3,ph
196.02,6.85,wp3_f3,ph
224.05,6.7,wp3_f3,ph
252.02,6.6,wp3_f3,ph
280.02,6.65,wp3_f3,ph
308.06,6.8,wp3_f3,ph
336.05,6.55,wp3_f3,ph
364.05,6.65,wp3_f3,ph
419.01,6.8,wp3_f3,ph
490.02,6.65,wp3_f3,ph
518.05,6.7,wp3_f3,ph
574.02,6.65,wp3_f3,ph
618.01,6.75,wp3_f3,ph
617.98,6.75,wp3_f3,ph
644.05,6.7,wp3_f3,ph
700.04,6.7,wp3_f3,ph
756.02,6.65,wp3_f3,ph
826.01,6.6,wp3_f3,ph
0.0,6.6,wp3_f4,ph
2.05,6.6,wp3_f4,ph
6.13,6.85,wp3_f4,ph
10.01,6.85,wp3_f4,ph
14.05,6.8,wp3_f4,ph
21.02,6.9,wp3_f4,ph
27.97,6.95,wp3_f4,ph
35.02,7.0,wp3_f4,ph
42.04,7.0,wp3_f4,ph
57.15,7.0,wp3_f4,ph
70.05,6.95,wp3_f4,ph
84.02,6.8,wp3_f4,ph
98.04,6.7,wp3_f4,ph
112.01,6.8,wp3_f4,ph
126.05,6.75,wp3_f4,ph
140.0,6.65,wp3_f4,ph
161.02,6.5,wp3_f4,ph
196.02,6.7,wp3_f4,ph
224.04,6.8,wp3_f4,ph
252.01,6.65,wp3_f4,ph
280.02,6.7,wp3_f4,ph
308.05,6.8,wp3_f4,ph
336.04,6.65,wp3_f4,ph
364.01,6.65,wp3_f4,ph
419.01,6.7,wp3_f4,ph
490.01,6.65,wp3_f4,ph
518.04,6.75,wp3_f4,ph
574.02,6.65,wp3_f4,ph
644.04,6.75,wp3_f4,ph
700.04,6.75,wp3_f4,ph
756.01,6.7,wp3_f4,ph
826.01,6.65,wp3_f4,ph
0.0,6.55,wp3_f5,ph
6.11,6.7,wp3_f5,ph
10.01,6.75,wp3_f5,ph
14.05,6.7,wp3_f5,ph
21.01,6.75,wp3_f5,ph
27.96,6.8,wp3_f5,ph
57.13,6.95,wp3_f5,ph
84.02,6.8,wp3_f5,ph
112.01,6.75,wp3_f5,ph
161.02,6.55,wp3_f5,ph
280.01,6.7,wp3_f5,ph
336.02,6.65,wp3_f5,ph
455.02,6.7,wp3_f5,ph
518.02,6.8,wp3_f5,ph
574.02,6.6,wp3_f5,ph
644.02,6.75,wp3_f5,ph
700.02,6.7,wp3_f5,ph
756.01,6.7,wp3_f5,ph
826.01,6.65,wp3_f5,ph
0.0,6.8,wp4_f1,ph
517.98,6.75,wp4_f1,ph
700.0,6.45,wp4_f1,ph
0.0,6.6,wp4_f5,ph
196.0,6.75,wp4_f5,ph
336.0,6.6,wp4_f5,ph
489.98,6.65,wp4_f5,ph
518.0,6.75,wp4_f5,ph
608.98,6.65,wp4_f5,ph
699.98,6.65,wp4_f5,ph
791.0,6.65,wp4_f5,ph
2.1,0.00071875,influent,so4
6.05,0.000822917,influent,so4
10.06,0.0008125,influent,so4
14.13,0.0008125,influent,so4
21.06,0.000791667,influent,so4
28.06,0.000895833,influent,so4
35.08,0.000885417,influent,so4
42.06,0.000822917,influent,so4
56.06,0.0006875,influent,so4
70.1,0.00071875,influent,so4
85.17,0.00071875,influent,so4
98.1,0.000677083,influent,so4
112.1,0.000645833,influent,so4
126.1,0.000614583,influent,so4
140.06,0.0005625,influent,so4
161.1,0.000375,influent,so4
196.09,0.000489583,influent,so4
224.09,0.000520833,influent,so4
252.06,0.000364583,influent,so4
280.1,0.000479167,influent,so4
308.09,0.0005,influent,so4
336.09,0.000447917,influent,so4
364.09,0.000510417,influent,so4
392.05,0.00046875,influent,so4
419.94,0.000677083,influent,so4
455.0,0.000739583,influent,so4
490.06,0.00065625,influent,so4
518.1,0.000625,influent,so4
546.05,0.000458333,influent,so4
574.06,0.000354167,influent,so4
609.02,0.00053125,influent,so4
644.1,0.000458333,influent,so4
672.02,0.000385417,influent,so4
700.1,0.000458333,influent,so4
728.02,0.000510417,influent,so4
756.05,0.0005625,influent,so4
791.05,0.000635417,influent,so4
826.06,0.000541667,influent,so4
854.02,0.000416667,influent,so4
1.01,6.25e-05,pp1,so4
28.09,6.25e-05,pp1,so4
85.15,0.000104167,pp1,so4
98.09,2.60417e-05,pp1,so4
112.09,6.25e-05,pp1,so4
126.09,2.60417e-05,pp1,so4
140.06,5.20833e-05,pp1,so4
161.1,0.000125,pp1,so4
196.06,0.00025,pp1,so4
224.09,0.000302083,pp1,so4
252.05,0.000364583,pp1,so4
280.09,0.000364583,pp1,so4
308.09,0.000385417,pp1,so4
336.09,0.000385417,pp1,so4
364.09,0.000395833,pp1,so4
419.06,0.000416667,pp1,so4
490.05,0.00046875,pp1,so4
518.1,0.000458333,pp1,so4
574.05,0.000458333,pp1,so4
644.09,0.0005625,pp1,so4
700.09,0.000552083,pp1,so4
756.05,0.000541667,pp1,so4
826.05,0.00053125,pp1,so4
0.0,2.60417e-05,pp1_f1,so4
517.98,0.0,pp1_f1,so4
700.0,0.0,pp1_f1,so4
0.0,6.25e-05,pp1_f1,so4
196.0,0.000645833,pp1_f1,so4
336.0,0.00078125,pp1_f1,so4
489.98,0.00096875,pp1_f1,so4
518.0,0.00096875,pp1_f1,so4
608.98,0.0006875,pp1_f1,so4
699.98,0.000635417,pp1_f1,so4
791.0,0.00078125,pp1_f1,so4
0.0,2.60417e-05,pp1_f1,so4
112.1,2.60417e-05,pp1_f1,so4
161.09,2.60417e-05,pp1_f1,so4
252.04,0.000541667,pp1_f1,so4
336.06,0.000614583,pp1_f1,so4
490.08,0.000791667,pp1_f1,so4
518.1,0.000802083,pp1_f1,so4
609.01,0.000666667,pp1_f1,so4
700.1,0.00078125,pp1_f1,so4
791.01,0.000822917,pp1_f1,so4
0.0,8.33333e-05,pp1_f2,so4
85.14,2.60417e-05,pp1_f2,so4
98.09,5.20833e-05,pp1_f2,so4
112.09,2.60417e-05,pp1_f2,so4
126.08,2.60417e-05,pp1_f2,so4
140.05,2.60417e-05,pp1_f2,so4
161.09,2.60417e-05,pp1_f2,so4
196.06,2.60417e-05,pp1_f2,so4
224.06,2.60417e-05,pp1_f2,so4
252.04,2.60417e-05,pp1_f2,so4
280.08,2.60417e-05,pp1_f2,so4
308.08,2.60417e-05,pp1_f2,so4
336.08,2.60417e-05,pp1_f2,so4
364.08,2.60417e-05,pp1_f2,so4
455.05,6.25e-05,pp1_f2,so4
518.09,0.000114583,pp1_f2,so4
609.01,0.00046875,pp1_f2,so4
618.06,0.0004375,pp1_f2,so4
618.09,0.000416667,pp1_f2,so4
700.09,0.000541667,pp1_f2,so4
791.04,0.000729167,pp1_f2,so4
0.0,7.29167e-05,pp1_f3,so4
98.06,7.29167e-05,pp1_f3,so4
112.09,2.60417e-05,pp1_f3,so4
161.09,8.33333e-05,pp1_f3,so4
252.02,2.60417e-05,pp1_f3,so4
336.06,2.60417e-05,pp1_f3,so4
490.05,0.0005,pp1_f3,so4
518.09,0.000458333,pp1_f3,so4
609.01,0.000479167,pp1_f3,so4
618.05,0.0004375,pp1_f3,so4
618.08,0.000395833,pp1_f3,so4
700.06,0.000427083,pp1_f3,so4
791.02,0.000385417,pp1_f3,so4
0.0,8.33333e-05,wp1_f1,so4
112.05,2.60417e-05,wp1_f1,so4
140.01,2.60417e-05,wp1_f1,so4
196.05,2.60417e-05,wp1_f1,so4
280.06,2.60417e-05,wp1_f1,so4
364.06,2.60417e-05,wp1_f1,so4
518.05,0.0,wp1_f1,so4
700.06,0.0,wp1_f1,so4
0.0,6.25e-05,wp1_f2,so4
112.05,0.00090625,wp1_f2,so4
126.06,0.000916667,wp1_f2,so4
140.02,0.0009375,wp1_f2,so4
196.06,0.000916667,wp1_f2,so4
252.01,0.000927083,wp1_f2,so4
336.06,0.000864583,wp1_f2,so4
455.05,0.000791667,wp1_f2,so4
518.06,0.00109375,wp1_f2,so4
574.05,0.000979167,wp1_f2,so4
618.02,0.000854167,wp1_f2,so4
644.09,0.000958333,wp1_f2,so4
700.06,0.000864583,wp1_f2,so4
756.04,0.0008125,wp1_f2,so4
826.02,0.0009375,wp1_f2,so4
0.0,2.60417e-05,wp1_f3,so4
6.14,2.60417e-05,wp1_f3,so4
10.05,2.60417e-05,wp1_f3,so4
14.13,2.60417e-05,wp1_f3,so4
21.06,2.60417e-05,wp1_f3,so4
28.01,2.60417e-05,wp1_f3,so4
35.06,0.00025,wp1_f3,so4
42.06,0.00025,wp1_f3,so4
57.12,0.000520833,wp1_f3,so4
70.09,0.000916667,wp1_f3,so4
85.13,0.000916667,wp1_f3,so4
98.06,0.000927083,wp1_f3,so4
112.05,0.000885417,wp1_f3,so4
140.02,0.00084375,wp1_f3,so4
196.05,0.0008125,wp1_f3,so4
252.01,0.000760417,wp1_f3,so4
308.06,0.0006875,wp1_f3,so4
364.06,0.000802083,wp1_f3,so4
419.05,0.000760417,wp1_f3,so4
490.04,0.0009375,wp1_f3,so4
518.06,0.001,wp1_f3,so4
609.0,0.000645833,wp1_f3,so4
700.06,0.000635417,wp1_f3,so4
791.01,0.00078125,wp1_f3,so4
0.0,7.29167e-05,wp1_f4,so4
28.01,5.20833e-05,wp1_f4,so4
35.05,5.20833e-05,wp1_f4,so4
42.06,2.60417e-05,wp1_f4,so4
56.05,0.000625,wp1_f4,so4
70.06,0.000885417,wp1_f4,so4
84.06,0.000947917,wp1_f4,so4
98.05,0.000927083,wp1_f4,so4
112.04,0.000802083,wp1_f4,so4
126.06,0.00078125,wp1_f4,so4
140.01,0.000760417,wp1_f4,so4
161.06,0.000802083,wp1_f4,so4
196.05,0.0006875,wp1_f4,so4
224.06,0.000614583,wp1_f4,so4
252.0,0.000645833,wp1_f4,so4
280.06,0.000708333,wp1_f4,so4
308.06,0.000625,wp1_f4,so4
336.05,0.000729167,wp1_f4,so4
364.06,0.000791667,wp1_f4,so4
419.04,0.00075,wp1_f4,so4
490.02,0.000958333,wp1_f4,so4
518.08,0.001020833,wp1_f4,so4
574.05,0.000875,wp1_f4,so4
644.08,0.000822917,wp1_f4,so4
700.05,0.0008125,wp1_f4,so4
756.02,0.000770833,wp1_f4,so4
826.02,0.000895833,wp1_f4,so4
0.0,6.25e-05,wp1_f5,so4
112.04,6.25e-05,wp1_f5,so4
140.01,2.60417e-05,wp1_f5,so4
196.05,5.20833e-05,wp1_f5,so4
280.06,2.60417e-05,wp1_f5,so4
364.05,7.29167e-05,wp1_f5,so4
518.09,0.000135417,wp1_f5,so4
618.01,9.375e-05,wp1_f5,so4
618.04,9.375e-05,wp1_f5,so4
700.05,0.000177083,wp1_f5,so4
0.0,8.33333e-05,wp2_f1,so4
70.02,5.20833e-05,wp2_f1,so4
126.04,6.25e-05,wp2_f1,so4
196.0,7.29167e-05,wp2_f1,so4
308.02,6.25e-05,wp2_f1,so4
490.01,8.33333e-05,wp2_f1,so4
517.98,6.25e-05,wp2_f1,so4
699.98,0.0,wp2_f1,so4
0.0,7.29167e-05,wp2_f2,so4
28.05,0.00096875,wp2_f2,so4
42.01,0.001,wp2_f2,so4
70.02,0.000895833,wp2_f2,so4
98.02,0.000947917,wp2_f2,so4
126.1,0.00090625,wp2_f2,so4
196.02,0.000739583,wp2_f2,so4
308.02,0.00078125,wp2_f2,so4
455.01,0.001020833,wp2_f2,so4
518.01,0.0009375,wp2_f2,so4
574.01,0.000697917,wp2_f2,so4
644.01,0.000770833,wp2_f2,so4
700.01,0.000708333,wp2_f2,so4
756.0,0.0008125,wp2_f2,so4
826.0,0.000760417,wp2_f2,so4
0.0,0.000104167,wp2_f3,so4
2.04,2.60417e-05,wp2_f3,so4
6.09,0.000583333,wp2_f3,so4
14.01,0.000958333,wp2_f3,so4
20.98,0.0009375,wp2_f3,so4
28.04,0.001,wp2_f3,so4
56.02,0.001,wp2_f3,so4
84.0,0.000864583,wp2_f3,so4
111.98,0.00084375,wp2_f3,so4
161.0,0.000614583,wp2_f3,so4
224.02,0.000645833,wp2_f3,so4
280.01,0.00059375,wp2_f3,so4
336.01,0.000572917,wp2_f3,so4
419.02,0.000729167,wp2_f3,so4
490.01,0.0008125,wp2_f3,so4
518.01,0.000802083,wp2_f3,so4
608.98,0.000635417,wp2_f3,so4
700.01,0.000541667,wp2_f3,so4
791.05,0.000791667,wp2_f3,so4
0.0,5.20833e-05,wp2_f4,so4
6.08,6.25e-05,wp2_f4,so4
9.98,0.000375,wp2_f4,so4
14.0,0.000895833,wp2_f4,so4
20.97,0.000958333,wp2_f4,so4
28.02,0.000989583,wp2_f4,so4
35.01,0.000989583,wp2_f4,so4
42.01,0.000989583,wp2_f4,so4
56.02,0.000979167,wp2_f4,so4
70.01,0.000916667,wp2_f4,so4
84.0,0.000802083,wp2_f4,so4
98.02,0.000822917,wp2_f4,so4
112.0,0.000822917,wp2_f4,so4
126.05,0.00078125,wp2_f4,so4
139.98,0.000729167,wp2_f4,so4
161.01,0.000604167,wp2_f4,so4
196.01,0.000635417,wp2_f4,so4
224.01,0.000677083,wp2_f4,so4
252.0,0.000572917,wp2_f4,so4
280.0,0.000614583,wp2_f4,so4
308.02,0.000666667,wp2_f4,so4
336.01,0.000625,wp2_f4,so4
364.01,0.000708333,wp2_f4,so4
419.02,0.000708333,wp2_f4,so4
490.0,0.00084375,wp2_f4,so4
518.01,0.00078125,wp2_f4,so4
574.01,0.000541667,wp2_f4,so4
644.02,0.000604167,wp2_f4,so4
700.1,0.00053125,wp2_f4,so4
756.0,0.000697917,wp2_f4,so4
825.98,0.000604167,wp2_f4,so4
0.0,6.25e-05,wp2_f5,so4
28.01,0.000125,wp2_f5,so4
42.0,0.000125,wp2_f5,so4
70.01,2.60417e-05,wp2_f5,so4
98.01,0.000114583,wp2_f5,so4
126.04,0.00015625,wp2_f5,so4
196.01,0.000364583,wp2_f5,so4
308.01,0.000458333,wp2_f5,so4
455.01,0.000572917,wp2_f5,so4
518.02,0.00059375,wp2_f5,so4
609.0,0.000697917,wp2_f5,so4
700.0,0.000625,wp2_f5,so4
791.0,0.0006875,wp2_f5,so4
0.0,2.60417e-05,wp3_f1,so4
10.05,2.60417e-05,wp3_f1,so4
14.11,2.60417e-05,wp3_f1,so4
21.05,2.60417e-05,wp3_f1,so4
27.98,6.25e-05,wp3_f1,so4
57.12,2.60417e-05,wp3_f1,so4
84.05,7.29167e-05,wp3_f1,so4
112.01,2.60417e-05,wp3_f1,so4
161.01,7.29167e-05,wp3_f1,so4
224.04,2.60417e-05,wp3_f1,so4
280.01,2.60417e-05,wp3_f1,so4
336.02,2.60417e-05,wp3_f1,so4
455.02,0.0,wp3_f1,so4
518.02,0.0,wp3_f1,so4
700.02,0.0,wp3_f1,so4
0.0,6.25e-05,wp3_f2,so4
2.06,7.29167e-05,wp3_f2,so4
6.14,0.000989583,wp3_f2,so4
10.04,0.000989583,wp3_f2,so4
14.1,0.00103125,wp3_f2,so4
21.05,0.000916667,wp3_f2,so4
27.98,0.001020833,wp3_f2,so4
57.14,0.000958333,wp3_f2,so4
84.04,0.000895833,wp3_f2,so4
112.02,0.000895833,wp3_f2,so4
161.06,0.000677083,wp3_f2,so4
224.05,0.00078125,wp3_f2,so4
280.05,0.000645833,wp3_f2,so4
336.05,0.00065625,wp3_f2,so4
455.04,0.000875,wp3_f2,so4
518.05,0.000833333,wp3_f2,so4
574.04,0.000614583,wp3_f2,so4
644.05,0.000666667,wp3_f2,so4
700.05,0.000635417,wp3_f2,so4
756.01,0.000739583,wp3_f2,so4
826.0,0.000697917,wp3_f2,so4
0.0,2.60417e-05,wp3_f3,so4
2.06,8.33333e-05,wp3_f3,so4
6.13,0.000895833,wp3_f3,so4
10.02,0.0009375,wp3_f3,so4
14.1,0.00096875,wp3_f3,so4
21.02,0.0009375,wp3_f3,so4
27.97,0.000989583,wp3_f3,so4
35.05,0.000989583,wp3_f3,so4
42.05,0.000833333,wp3_f3,so4
57.14,0.00090625,wp3_f3,so4
70.05,0.000916667,wp3_f3,so4
84.02,0.0009375,wp3_f3,so4
98.05,0.00084375,wp3_f3,so4
112.02,0.000802083,wp3_f3,so4
126.06,0.00075,wp3_f3,so4
140.0,0.0006875,wp3_f3,so4
161.04,0.000510417,wp3_f3,so4
196.02,0.000541667,wp3_f3,so4
224.05,0.000739583,wp3_f3,so4
252.02,0.000458333,wp3_f3,so4
280.02,0.00071875,wp3_f3,so4
308.06,0.000666667,wp3_f3,so4
336.05,0.000572917,wp3_f3,so4
364.05,0.000635417,wp3_f3,so4
419.01,0.000770833,wp3_f3,so4
490.02,0.000760417,wp3_f3,so4
518.05,0.0006875,wp3_f3,so4
574.02,0.000458333,wp3_f3,so4
618.01,0.00059375,wp3_f3,so4
617.98,0.000583333,wp3_f3,so4
644.05,0.000583333,wp3_f3,so4
700.04,0.000541667,wp3_f3,so4
756.02,0.00065625,wp3_f3,so4
826.01,0.000541667,wp3_f3,so4
0.0,2.60417e-05,wp3_f4,so4
2.05,9.375e-05,wp3_f4,so4
6.13,0.000979167,wp3_f4,so4
10.01,0.000958333,wp3_f4,so4
14.05,0.001145833,wp3_f4,so4
21.02,0.000916667,wp3_f4,so4
27.97,0.000989583,wp3_f4,so4
35.02,0.000989583,wp3_f4,so4
42.04,0.000833333,wp3_f4,so4
57.15,0.000885417,wp3_f4,so4
70.05,0.000895833,wp3_f4,so4
84.02,0.00090625,wp3_f4,so4
98.04,0.000822917,wp3_f4,so4
112.01,0.000833333,wp3_f4,so4
126.05,0.00078125,wp3_f4,so4
140.0,0.000729167,wp3_f4,so4
161.02,0.000583333,wp3_f4,so4
196.02,0.000625,wp3_f4,so4
224.04,0.00065625,wp3_f4,so4
252.01,0.000510417,wp3_f4,so4
280.02,0.000604167,wp3_f4,so4
308.05,0.000625,wp3_f4,so4
336.04,0.000552083,wp3_f4,so4
364.01,0.000625,wp3_f4,so4
419.01,0.000635417,wp3_f4,so4
490.01,0.000760417,wp3_f4,so4
518.04,0.000708333,wp3_f4,so4
574.02,0.0004375,wp3_f4,so4
644.04,0.000520833,wp3_f4,so4
700.04,0.000541667,wp3_f4,so4
756.01,0.000645833,wp3_f4,so4
826.01,0.000552083,wp3_f4,so4
0.0,2.60417e-05,wp3_f5,so4
6.11,0.000854167,wp3_f5,so4
10.01,0.000885417,wp3_f5,so4
14.05,0.0009375,wp3_f5,so4
21.01,0.000895833,wp3_f5,so4
27.96,0.000947917,wp3_f5,so4
57.13,0.000895833,wp3_f5,so4
84.02,0.00084375,wp3_f5,so4
112.01,0.00084375,wp3_f5,so4
161.02,0.000541667,wp3_f5,so4
280.01,0.000604167,wp3_f5,so4
336.02,0.0005625,wp3_f5,so4
455.02,0.00090625,wp3_f5,so4
518.02,0.000760417,wp3_f5,so4
574.02,0.000489583,wp3_f5,so4
644.02,0.0005625,wp3_f5,so4
700.02,0.0005625,wp3_f5,so4
756.01,0.000666667,wp3_f5,so4
826.01,0.000583333,wp3_f5,so4
0.0,2.60417e-05,wp4_f1,so4
517.98,0.0,wp4_f1,so4
700.0,0.0,wp4_f1,so4
0.0,6.25e-05,wp4_f5,so4
196.0,0.000645833,wp4_f5,so4
336.0,0.00078125,wp4_f5,so4
489.98,0.00096875,wp4_f5,so4
518.0,0.00096875,wp4_f5,so4
608.98,0.0006875,wp4_f5,so4
699.98,0.000635417,wp4_f5,so4
791.0,0.00078125,wp4_f5,so4
2.1,17.9,influent,temp
6.05,19.7,influent,temp
10.06,20.3,influent,temp
14.13,22.2,influent,temp
21.06,21.0,influent,temp
28.06,21.2,influent,temp
35.08,20.7,influent,temp
42.06,22.0,influent,temp
56.06,18.1,influent,temp
70.1,16.3,influent,temp
85.17,14.8,influent,temp
98.1,14.3,influent,temp
112.1,13.7,influent,temp
126.1,11.2,influent,temp
140.06,7.8,influent,temp
161.1,5.0,influent,temp
196.09,1.9,influent,temp
224.09,6.9,influent,temp
252.06,10.9,influent,temp
280.1,11.7,influent,temp
308.09,16.1,influent,temp
336.09,22.8,influent,temp
364.09,19.5,influent,temp
392.05,21.5,influent,temp
419.94,21.3,influent,temp
455.0,17.9,influent,temp
490.06,10.8,influent,temp
518.1,8.3,influent,temp
546.05,8.2,influent,temp
574.06,9.0,influent,temp
609.02,9.0,influent,temp
644.1,9.5,influent,temp
672.02,18.3,influent,temp
700.1,19.8,influent,temp
728.02,19.6,influent,temp
756.05,20.8,influent,temp
791.05,18.8,influent,temp
826.06,12.7,influent,temp
854.02,8.9,influent,temp
1.01,17.0,pp1,temp
28.09,16.9,pp1,temp
57.18,17.3,pp1,temp
85.15,16.5,pp1,temp
98.09,17.0,pp1,temp
112.09,16.7,pp1,temp
126.09,16.3,pp1,temp
140.06,15.9,pp1,temp
161.1,16.0,pp1,temp
196.06,16.1,pp1,temp
224.09,16.6,pp1,temp
252.05,16.8,pp1,temp
280.09,16.9,pp1,temp
308.09,16.9,pp1,temp
336.09,16.9,pp1,temp
364.09,16.8,pp1,temp
419.06,17.0,pp1,temp
490.05,13.0,pp1,temp
518.1,5.7,pp1,temp
574.05,14.8,pp1,temp
644.09,15.8,pp1,temp
700.09,16.3,pp1,temp
756.05,15.9,pp1,temp
826.05,14.7,pp1,temp
0.0,17.0,pp1_f1,temp
57.17,17.0,pp1_f1,temp
85.13,16.9,pp1_f1,temp
112.1,16.9,pp1_f1,temp
161.09,16.7,pp1_f1,temp
252.04,16.9,pp1_f1,temp
336.06,17.0,pp1_f1,temp
490.08,12.0,pp1_f1,temp
518.1,15.1,pp1_f1,temp
609.01,14.8,pp1_f1,temp
700.1,15.6,pp1_f1,temp
791.01,15.7,pp1_f1,temp
0.0,16.8,pp1_f2,temp
57.17,16.6,pp1_f2,temp
85.14,16.5,pp1_f2,temp
98.09,16.5,pp1_f2,temp
112.09,16.4,pp1_f2,temp
126.08,16.4,pp1_f2,temp
140.05,16.5,pp1_f2,temp
161.09,16.3,pp1_f2,temp
196.06,16.4,pp1_f2,temp
224.06,16.4,pp1_f2,temp
252.04,16.5,pp1_f2,temp
280.08,16.4,pp1_f2,temp
308.08,16.4,pp1_f2,temp
336.08,16.4,pp1_f2,temp
364.08,16.4,pp1_f2,temp
455.05,16.5,pp1_f2,temp
518.09,16.4,pp1_f2,temp
609.01,15.6,pp1_f2,temp
618.06,16.4,pp1_f2,temp
618.09,16.4,pp1_f2,temp
700.09,16.4,pp1_f2,temp
791.04,16.4,pp1_f2,temp
0.0,16.6,pp1_f3,temp
57.17,16.4,pp1_f3,temp
85.14,16.5,pp1_f3,temp
98.06,16.3,pp1_f3,temp
112.09,16.2,pp1_f3,temp
161.09,16.1,pp1_f3,temp
252.02,16.2,pp1_f3,temp
336.06,16.4,pp1_f3,temp
490.05,16.3,pp1_f3,temp
518.09,16.4,pp1_f3,temp
609.01,15.8,pp1_f3,temp
618.05,16.3,pp1_f3,temp
618.08,16.3,pp1_f3,temp
700.06,16.4,pp1_f3,temp
791.02,16.4,pp1_f3,temp
0.0,17.0,wp1_f1,temp
28.1,17.0,wp1_f1,temp
56.05,16.9,wp1_f1,temp
70.09,17.0,wp1_f1,temp
84.09,17.4,wp1_f1,temp
112.05,18.4,wp1_f1,temp
140.01,17.6,wp1_f1,temp
196.05,15.2,wp1_f1,temp
280.06,9.2,wp1_f1,temp
364.06,11.2,wp1_f1,temp
518.05,17.6,wp1_f1,temp
700.06,11.2,wp1_f1,temp
0.0,17.0,wp1_f2,temp
28.01,17.0,wp1_f2,temp
56.05,16.9,wp1_f2,temp
70.09,17.0,wp1_f2,temp
84.09,17.4,wp1_f2,temp
98.06,17.9,wp1_f2,temp
112.05,18.4,wp1_f2,temp
126.06,17.9,wp1_f2,temp
140.02,17.6,wp1_f2,temp
196.06,15.2,wp1_f2,temp
252.01,10.6,wp1_f2,temp
336.06,10.3,wp1_f2,temp
455.05,16.4,wp1_f2,temp
518.06,17.6,wp1_f2,temp
574.05,14.6,wp1_f2,temp
618.02,12.2,wp1_f2,temp
644.09,11.6,wp1_f2,temp
700.06,11.2,wp1_f2,temp
756.04,13.8,wp1_f2,temp
826.02,17.7,wp1_f2,temp
0.0,16.8,wp1_f3,temp
2.09,16.7,wp1_f3,temp
6.14,16.8,wp1_f3,temp
10.05,16.8,wp1_f3,temp
14.13,16.8,wp1_f3,temp
21.06,16.8,wp1_f3,temp
28.01,16.8,wp1_f3,temp
35.06,16.8,wp1_f3,temp
42.06,16.7,wp1_f3,temp
57.12,16.8,wp1_f3,temp
70.09,17.5,wp1_f3,temp
85.13,18.5,wp1_f3,temp
98.06,19.4,wp1_f3,temp
112.05,19.9,wp1_f3,temp
140.02,18.1,wp1_f3,temp
196.05,12.4,wp1_f3,temp
252.01,4.6,wp1_f3,temp
308.06,3.8,wp1_f3,temp
364.06,11.2,wp1_f3,temp
419.05,18.2,wp1_f3,temp
490.04,21.7,wp1_f3,temp
518.06,19.1,wp1_f3,temp
609.0,9.0,wp1_f3,temp
700.06,9.5,wp1_f3,temp
791.01,19.3,wp1_f3,temp
0.0,16.6,wp1_f4,temp
28.01,16.6,wp1_f4,temp
35.05,16.6,wp1_f4,temp
42.06,16.6,wp1_f4,temp
56.05,16.6,wp1_f4,temp
70.06,16.6,wp1_f4,temp
84.06,16.9,wp1_f4,temp
98.05,18.0,wp1_f4,temp
112.04,19.5,wp1_f4,temp
126.06,19.6,wp1_f4,temp
140.01,19.5,wp1_f4,temp
161.06,17.7,wp1_f4,temp
196.05,14.1,wp1_f4,temp
224.06,11.1,wp1_f4,temp
252.0,7.1,wp1_f4,temp
280.06,3.7,wp1_f4,temp
308.06,2.7,wp1_f4,temp
336.05,6.9,wp1_f4,temp
364.06,9.9,wp1_f4,temp
419.04,17.5,wp1_f4,temp
490.02,21.7,wp1_f4,temp
518.08,20.3,wp1_f4,temp
574.05,13.0,wp1_f4,temp
644.08,8.1,wp1_f4,temp
700.05,9.0,wp1_f4,temp
756.02,15.9,wp1_f4,temp
826.02,21.3,wp1_f4,temp
0.0,16.4,wp1_f5,temp
28.0,16.5,wp1_f5,temp
56.05,16.3,wp1_f5,temp
70.06,16.3,wp1_f5,temp
84.06,16.4,wp1_f5,temp
98.05,16.6,wp1_f5,temp
112.04,16.9,wp1_f5,temp
140.01,16.9,wp1_f5,temp
196.05,16.7,wp1_f5,temp
280.06,13.8,wp1_f5,temp
364.05,12.3,wp1_f5,temp
518.09,16.7,wp1_f5,temp
618.01,14.1,wp1_f5,temp
618.04,14.1,wp1_f5,temp
700.05,12.5,wp1_f5,temp
0.0,17.1,wp2_f1,temp
14.02,17.1,wp2_f1,temp
27.93,17.1,wp2_f1,temp
42.02,16.2,wp2_f1,temp
70.02,17.2,wp2_f1,temp
126.04,17.4,wp2_f1,temp
196.0,16.6,wp2_f1,temp
308.02,14.8,wp2_f1,temp
490.01,11.4,wp2_f1,temp
517.98,16.1,wp2_f1,temp
699.98,14.8,wp2_f1,temp
0.0,16.9,wp2_f2,temp
6.06,16.9,wp2_f2,temp
10.0,17.0,wp2_f2,temp
14.01,17.3,wp2_f2,temp
20.98,18.6,wp2_f2,temp
28.05,19.0,wp2_f2,temp
35.02,19.0,wp2_f2,temp
42.01,19.7,wp2_f2,temp
70.02,18.9,wp2_f2,temp
98.02,15.6,wp2_f2,temp
126.1,13.4,wp2_f2,temp
196.02,4.9,wp2_f2,temp
308.02,10.9,wp2_f2,temp
455.01,17.7,wp2_f2,temp
518.01,11.0,wp2_f2,temp
574.01,10.0,wp2_f2,temp
644.01,10.5,wp2_f2,temp
700.01,16.0,wp2_f2,temp
756.0,18.7,wp2_f2,temp
826.0,16.6,wp2_f2,temp
0.0,16.8,wp2_f3,temp
2.04,16.8,wp2_f3,temp
6.09,16.8,wp2_f3,temp
14.01,17.8,wp2_f3,temp
20.98,19.8,wp2_f3,temp
28.04,21.2,wp2_f3,temp
56.02,21.0,wp2_f3,temp
84.0,15.7,wp2_f3,temp
111.98,13.3,wp2_f3,temp
161.0,5.8,wp2_f3,temp
224.02,4.3,wp2_f3,temp
280.01,10.7,wp2_f3,temp
336.01,17.3,wp2_f3,temp
419.02,22.8,wp2_f3,temp
490.01,12.5,wp2_f3,temp
518.01,9.2,wp2_f3,temp
608.98,9.8,wp2_f3,temp
700.01,18.4,wp2_f3,temp
791.05,17.9,wp2_f3,temp
0.0,16.6,wp2_f4,temp
2.02,16.6,wp2_f4,temp
6.08,16.6,wp2_f4,temp
9.98,16.6,wp2_f4,temp
14.0,16.8,wp2_f4,temp
20.97,16.1,wp2_f4,temp
28.02,19.9,wp2_f4,temp
35.01,21.0,wp2_f4,temp
42.01,21.0,wp2_f4,temp
56.02,20.6,wp2_f4,temp
70.01,19.2,wp2_f4,temp
84.0,16.8,wp2_f4,temp
98.02,14.7,wp2_f4,temp
112.0,13.6,wp2_f4,temp
126.05,12.4,wp2_f4,temp
139.98,10.8,wp2_f4,temp
161.01,5.7,wp2_f4,temp
196.01,1.5,wp2_f4,temp
224.01,2.6,wp2_f4,temp
252.0,8.5,wp2_f4,temp
280.0,10.1,wp2_f4,temp
308.02,11.0,wp2_f4,temp
336.01,17.3,wp2_f4,temp
364.01,19.9,wp2_f4,temp
419.02,23.0,wp2_f4,temp
490.0,13.1,wp2_f4,temp
518.01,9.3,wp2_f4,temp
574.01,8.3,wp2_f4,temp
644.02,9.8,wp2_f4,temp
700.1,18.7,wp2_f4,temp
756.0,20.4,wp2_f4,temp
825.98,15.8,wp2_f4,temp
0.0,16.2,wp2_f5,temp
6.06,16.2,wp2_f5,temp
14.0,16.2,wp2_f5,temp
28.01,16.2,wp2_f5,temp
42.0,16.3,wp2_f5,temp
70.01,16.6,wp2_f5,temp
98.01,16.7,wp2_f5,temp
126.04,16.6,wp2_f5,temp
196.01,15.6,wp2_f5,temp
308.01,13.6,wp2_f5,temp
455.01,14.9,wp2_f5,temp
518.02,14.9,wp2_f5,temp
609.0,13.9,wp2_f5,temp
700.0,13.3,wp2_f5,temp
791.0,15.2,wp2_f5,temp
0.0,17.1,wp3_f1,temp
2.09,17.1,wp3_f1,temp
6.1,17.1,wp3_f1,temp
10.05,17.1,wp3_f1,temp
14.11,17.1,wp3_f1,temp
21.05,17.1,wp3_f1,temp
27.98,17.0,wp3_f1,temp
57.12,17.2,wp3_f1,temp
84.05,17.3,wp3_f1,temp
112.01,17.1,wp3_f1,temp
161.01,16.4,wp3_f1,temp
224.04,15.1,wp3_f1,temp
280.01,14.7,wp3_f1,temp
336.02,14.8,wp3_f1,temp
455.02,15.8,wp3_f1,temp
518.02,15.8,wp3_f1,temp
700.02,14.9,wp3_f1,temp
0.0,17.0,wp3_f2,temp
2.06,17.0,wp3_f2,temp
6.14,17.2,wp3_f2,temp
10.04,18.1,wp3_f2,temp
14.1,18.9,wp3_f2,temp
21.05,20.1,wp3_f2,temp
27.98,17.0,wp3_f2,temp
57.14,19.8,wp3_f2,temp
84.04,15.3,wp3_f2,temp
112.02,13.8,wp3_f2,temp
161.06,7.6,wp3_f2,temp
224.05,6.2,wp3_f2,temp
280.05,10.7,wp3_f2,temp
336.05,17.0,wp3_f2,temp
455.04,17.0,wp3_f2,temp
518.05,18.2,wp3_f2,temp
574.04,8.7,wp3_f2,temp
644.05,11.6,wp3_f2,temp
700.05,18.0,wp3_f2,temp
756.01,19.9,wp3_f2,temp
826.0,14.3,wp3_f2,temp
0.0,16.8,wp3_f3,temp
2.06,16.7,wp3_f3,temp
6.13,17.7,wp3_f3,temp
10.02,19.3,wp3_f3,temp
14.1,20.1,wp3_f3,temp
21.02,21.4,wp3_f3,temp
27.97,16.7,wp3_f3,temp
35.05,20.3,wp3_f3,temp
42.05,20.4,wp3_f3,temp
57.14,19.5,wp3_f3,temp
70.05,17.1,wp3_f3,temp
84.02,14.1,wp3_f3,temp
98.05,13.4,wp3_f3,temp
112.02,12.4,wp3_f3,temp
126.06,11.0,wp3_f3,temp
140.0,6.8,wp3_f3,temp
161.04,5.1,wp3_f3,temp
196.02,1.5,wp3_f3,temp
224.05,6.3,wp3_f3,temp
252.02,10.1,wp3_f3,temp
280.02,10.8,wp3_f3,temp
308.06,11.7,wp3_f3,temp
336.05,19.0,wp3_f3,temp
364.05,18.4,wp3_f3,temp
419.01,22.6,wp3_f3,temp
490.02,9.1,wp3_f3,temp
518.05,8.6,wp3_f3,temp
574.02,7.2,wp3_f3,temp
618.01,9.1,wp3_f3,temp
617.98,9.1,wp3_f3,temp
644.05,12.5,wp3_f3,temp
700.04,19.8,wp3_f3,temp
756.02,20.2,wp3_f3,temp
826.01,12.4,wp3_f3,temp
0.0,16.5,wp3_f4,temp
2.05,16.6,wp3_f4,temp
6.13,17.3,wp3_f4,temp
10.01,18.7,wp3_f4,temp
14.05,19.9,wp3_f4,temp
21.02,21.6,wp3_f4,temp
27.97,16.5,wp3_f4,temp
35.02,20.7,wp3_f4,temp
42.04,20.6,wp3_f4,temp
57.15,19.9,wp3_f4,temp
70.05,17.3,wp3_f4,temp
84.02,14.1,wp3_f4,temp
98.04,13.5,wp3_f4,temp
112.01,12.6,wp3_f4,temp
126.05,11.5,wp3_f4,temp
140.0,7.2,wp3_f4,temp
161.02,5.3,wp3_f4,temp
196.02,1.4,wp3_f4,temp
224.04,5.8,wp3_f4,temp
252.01,10.0,wp3_f4,temp
280.02,10.7,wp3_f4,temp
308.05,11.6,wp3_f4,temp
336.04,19.0,wp3_f4,temp
364.01,18.5,wp3_f4,temp
419.01,22.4,wp3_f4,temp
490.01,9.3,wp3_f4,temp
518.04,8.6,wp3_f4,temp
574.02,7.2,wp3_f4,temp
644.04,12.3,wp3_f4,temp
700.04,19.7,wp3_f4,temp
756.01,20.2,wp3_f4,temp
826.01,12.4,wp3_f4,temp
0.0,16.3,wp3_f5,temp
2.06,16.5,wp3_f5,temp
6.11,16.9,wp3_f5,temp
10.01,17.8,wp3_f5,temp
14.05,19.0,wp3_f5,temp
21.01,20.6,wp3_f5,temp
27.96,16.4,wp3_f5,temp
57.13,20.1,wp3_f5,temp
84.02,15.0,wp3_f5,temp
112.01,13.4,wp3_f5,temp
161.02,6.4,wp3_f5,temp
224.02,5.2,wp3_f5,temp
280.01,10.4,wp3_f5,temp
336.02,17.8,wp3_f5,temp
455.02,16.8,wp3_f5,temp
518.02,9.5,wp3_f5,temp
574.02,8.0,wp3_f5,temp
644.02,11.7,wp3_f5,temp
700.02,19.0,wp3_f5,temp
756.01,20.2,wp3_f5,temp
826.01,13.6,wp3_f5,temp
0.0,17.0,wp4_f1,temp
27.93,17.0,wp4_f1,temp
56.01,17.0,wp4_f1,temp
70.0,17.2,wp4_f1,temp
98.01,17.7,wp4_f1,temp
126.02,17.2,wp4_f1,temp
196.0,13.6,wp4_f1,temp
308.01,11.1,wp4_f1,temp
517.98,16.0,wp4_f1,temp
700.0,12.6,wp4_f1,temp
0.0,16.3,wp4_f5,temp
21.0,16.4,wp4_f5,temp
27.93,16.4,wp4_f5,temp
35.0,16.4,wp4_f5,temp
41.98,16.4,wp4_f5,temp
56.0,16.7,wp4_f5,temp
69.98,17.5,wp4_f5,temp
98.0,19.0,wp4_f5,temp
126.02,18.3,wp4_f5,temp
196.0,12.2,wp4_f5,temp
336.0,9.7,wp4_f5,temp
489.98,18.9,wp4_f5,temp
518.0,16.5,wp4_f5,temp
608.98,10.3,wp4_f5,temp
699.98,10.8,wp4_f5,temp
791.0,18.2,wp4_f5,temp
2.1,0.002277,influent,tic
6.05,0.0022448,influent,tic
10.06,0.0023578,influent,tic
14.13,0.0024418,influent,tic
21.06,0.0024747,influent,tic
28.06,0.0024441,influent,tic
35.08,0.00251,influent,tic
42.06,0.0023795,influent,tic
56.06,0.0020553,influent,tic
70.1,0.0019748,influent,tic
85.17,0.0018859,influent,tic
98.1,0.0021325,influent,tic
112.1,0.0023423,influent,tic
126.1,0.0024688,influent,tic
140.06,0.0024042,influent,tic
161.1,0.0020276,influent,tic
196.09,0.0031435,influent,tic
224.09,0.0027065,influent,tic
252.06,0.0019943,influent,tic
280.1,0.0023631,influent,tic
308.09,0.0022896,influent,tic
336.09,0.0018435,influent,tic
364.09,0.0018029,influent,tic
392.05,0.0020035,influent,tic
419.94,0.0022248,influent,tic
455.0,0.0028078,influent,tic
490.06,0.0027882,influent,tic
518.1,0.0029963,influent,tic
546.05,0.0022944,influent,tic
574.06,0.0022823,influent,tic
609.02,0.0027085,influent,tic
644.1,0.0022282,influent,tic
672.02,0.0020404,influent,tic
700.1,0.0022747,influent,tic
728.02,0.0021372,influent,tic
756.05,0.0022666,influent,tic
791.05,0.0023849,influent,tic
826.06,0.0022813,influent,tic
854.02,0.0016725,influent,tic
1.01,0.0092627,pp1,tic
28.09,0.008928,pp1,tic
85.15,0.0089476,pp1,tic
98.09,0.0089236,pp1,tic
112.09,0.0086661,pp1,tic
126.09,0.0089637,pp1,tic
140.06,0.008342,pp1,tic
161.1,0.0081568,pp1,tic
196.06,0.0070227,pp1,tic
224.09,0.0064756,pp1,tic
252.05,0.0064913,pp1,tic
280.09,0.0062178,pp1,tic
308.09,0.0056915,pp1,tic
336.09,0.0056925,pp1,tic
364.09,0.006233,pp1,tic
419.06,0.0059551,pp1,tic
490.05,0.0055885,pp1,tic
518.1,0.0058497,pp1,tic
574.05,0.0053499,pp1,tic
644.09,0.0049837,pp1,tic
700.09,0.0055432,pp1,tic
756.05,0.0057163,pp1,tic
826.05,0.0046364,pp1,tic
0.0,0.0080846,pp1_f1,tic
112.1,0.0073809,pp1_f1,tic
161.09,0.0081504,pp1_f1,tic
252.04,0.0048988,pp1_f1,tic
336.06,0.0047097,pp1_f1,tic
609.01,0.0027388,pp1_f1,tic
700.1,0.003564,pp1_f1,tic
791.01,0.0031945,pp1_f1,tic
0.0,0.0086686,pp1_f2,tic
85.14,0.0082175,pp1_f2,tic
98.09,0.0085623,pp1_f2,tic
112.09,0.0088275,pp1_f2,tic
126.08,0.0088307,pp1_f2,tic
140.05,0.0088314,pp1_f2,tic
161.09,0.0088318,pp1_f2,tic
196.06,0.0085741,pp1_f2,tic
224.06,0.0085664,pp1_f2,tic
252.04,0.0085578,pp1_f2,tic
280.08,0.0089609,pp1_f2,tic
308.08,0.0079814,pp1_f2,tic
336.08,0.008571,pp1_f2,tic
364.08,0.0089505,pp1_f2,tic
455.05,0.0091752,pp1_f2,tic
518.09,0.0078972,pp1_f2,tic
609.01,0.0061726,pp1_f2,tic
618.06,0.0053477,pp1_f2,tic
618.09,0.0053474,pp1_f2,tic
700.09,0.0042005,pp1_f2,tic
791.04,0.0025462,pp1_f2,tic
0.0,0.0085661,pp1_f3,tic
98.06,0.0089654,pp1_f3,tic
112.09,0.0086982,pp1_f3,tic
161.09,0.0089764,pp1_f3,tic
252.02,0.0089631,pp1_f3,tic
336.06,0.0086876,pp1_f3,tic
490.05,0.0054285,pp1_f3,tic
518.09,0.0053162,pp1_f3,tic
609.01,0.0065445,pp1_f3,tic
618.05,0.0053202,pp1_f3,tic
618.08,0.0054802,pp1_f3,tic
700.06,0.0065576,pp1_f3,tic
791.02,0.0080782,pp1_f3,tic
0.0,0.007393,wp1_f1,tic
112.05,0.0073497,wp1_f1,tic
140.01,0.0073776,wp1_f1,tic
196.05,0.0078923,wp1_f1,tic
280.06,0.0072515,wp1_f1,tic
364.06,0.0080669,wp1_f1,tic
700.06,0.0080398,wp1_f1,tic
0.0,0.0081276,wp1_f2,tic
112.05,0.0023264,wp1_f2,tic
126.06,0.0022032,wp1_f2,tic
140.02,0.0021377,wp1_f2,tic
196.06,0.0020321,wp1_f2,tic
252.01,0.0031298,wp1_f2,tic
336.06,0.0025648,wp1_f2,tic
455.05,0.0022857,wp1_f2,tic
518.06,0.0029131,wp1_f2,tic
574.05,0.0026894,wp1_f2,tic
618.02,0.0021824,wp1_f2,tic
644.09,0.0028963,wp1_f2,tic
700.06,0.0021414,wp1_f2,tic
756.04,0.0024972,wp1_f2,tic
826.02,0.0027268,wp1_f2,tic
0.0,0.0082974,wp1_f3,tic
6.14,0.0085519,wp1_f3,tic
10.05,0.0085503,wp1_f3,tic
14.13,0.0085503,wp1_f3,tic
21.06,0.0089342,wp1_f3,tic
28.01,0.0082912,wp1_f3,tic
35.06,0.0075126,wp1_f3,tic
42.06,0.0067385,wp1_f3,tic
57.12,0.0049094,wp1_f3,tic
70.09,0.0026127,wp1_f3,tic
85.13,0.0025741,wp1_f3,tic
98.06,0.0023544,wp1_f3,tic
112.05,0.0022255,wp1_f3,tic
140.02,0.0019999,wp1_f3,tic
196.05,0.0021503,wp1_f3,tic
252.01,0.0034499,wp1_f3,tic
308.06,0.0021454,wp1_f3,tic
364.06,0.0023464,wp1_f3,tic
419.05,0.0019962,wp1_f3,tic
490.04,0.0025946,wp1_f3,tic
518.06,0.0028908,wp1_f3,tic
609.0,0.0026428,wp1_f3,tic
700.06,0.002522,wp1_f3,tic
791.01,0.0022637,wp1_f3,tic
0.0,0.0085661,wp1_f4,tic
28.01,0.0082989,wp1_f4,tic
35.05,0.0085645,wp1_f4,tic
42.06,0.0085583,wp1_f4,tic
56.05,0.0045321,wp1_f4,tic
70.06,0.0024796,wp1_f4,tic
84.06,0.0026907,wp1_f4,tic
98.05,0.0026597,wp1_f4,tic
112.04,0.0024459,wp1_f4,tic
126.06,0.0022128,wp1_f4,tic
140.01,0.0019575,wp1_f4,tic
161.06,0.0023066,wp1_f4,tic
196.05,0.0022656,wp1_f4,tic
224.06,0.0023922,wp1_f4,tic
252.0,0.0030721,wp1_f4,tic
280.06,0.0036722,wp1_f4,tic
308.06,0.0021727,wp1_f4,tic
336.05,0.0026806,wp1_f4,tic
364.06,0.0024277,wp1_f4,tic
419.04,0.0019701,wp1_f4,tic
490.02,0.002547,wp1_f4,tic
518.08,0.0029842,wp1_f4,tic
574.05,0.0028746,wp1_f4,tic
644.08,0.0029066,wp1_f4,tic
700.05,0.0024106,wp1_f4,tic
756.02,0.0027772,wp1_f4,tic
826.02,0.0028217,wp1_f4,tic
0.0,0.0087252,wp1_f5,tic
112.04,0.0089388,wp1_f5,tic
140.01,0.0086104,wp1_f5,tic
196.05,0.0087008,wp1_f5,tic
280.06,0.0096893,wp1_f5,tic
364.05,0.0090874,wp1_f5,tic
518.09,0.0084876,wp1_f5,tic
618.01,0.0087944,wp1_f5,tic
618.04,0.0085347,wp1_f5,tic
700.05,0.010135,wp1_f5,tic
0.0,0.0080384,wp2_f1,tic
70.02,0.007589,wp2_f1,tic
126.04,0.0075878,wp2_f1,tic
196.0,0.0078184,wp2_f1,tic
308.02,0.0073042,wp2_f1,tic
699.98,0.0082772,wp2_f1,tic
0.0,0.0085433,wp2_f2,tic
28.05,0.0025397,wp2_f2,tic
42.01,0.0025686,wp2_f2,tic
70.02,0.0021654,wp2_f2,tic
98.02,0.0019615,wp2_f2,tic
126.1,0.0025626,wp2_f2,tic
196.02,0.0033176,wp2_f2,tic
308.02,0.0024331,wp2_f2,tic
455.01,0.002902,wp2_f2,tic
518.01,0.003043,wp2_f2,tic
574.01,0.0021106,wp2_f2,tic
644.01,0.0025446,wp2_f2,tic
700.01,0.002428,wp2_f2,tic
756.0,0.0023549,wp2_f2,tic
826.0,0.001752,wp2_f2,tic
0.0,0.0085535,wp2_f3,tic
6.09,0.004785,wp2_f3,tic
14.01,0.002333,wp2_f3,tic
20.98,0.0023991,wp2_f3,tic
28.04,0.0024906,wp2_f3,tic
56.02,0.0023337,wp2_f3,tic
84.0,0.0019485,wp2_f3,tic
111.98,0.0026802,wp2_f3,tic
161.0,0.002272,wp2_f3,tic
224.02,0.0030522,wp2_f3,tic
280.01,0.0027227,wp2_f3,tic
336.01,0.0017825,wp2_f3,tic
419.02,0.0023295,wp2_f3,tic
490.01,0.0030085,wp2_f3,tic
518.01,0.0030879,wp2_f3,tic
608.98,0.0032096,wp2_f3,tic
700.01,0.0022754,wp2_f3,tic
791.05,0.0030294,wp2_f3,tic
0.0,0.0085598,wp2_f4,tic
6.08,0.008816,wp2_f4,tic
9.98,0.0057097,wp2_f4,tic
14.0,0.0025063,wp2_f4,tic
20.97,0.0024878,wp2_f4,tic
28.02,0.0025334,wp2_f4,tic
35.01,0.0025419,wp2_f4,tic
42.01,0.0025198,wp2_f4,tic
56.02,0.0024962,wp2_f4,tic
70.01,0.0022436,wp2_f4,tic
84.0,0.0019356,wp2_f4,tic
98.02,0.0020812,wp2_f4,tic
112.0,0.0023029,wp2_f4,tic
126.05,0.0025749,wp2_f4,tic
139.98,0.0023079,wp2_f4,tic
161.01,0.002185,wp2_f4,tic
196.01,0.0034707,wp2_f4,tic
224.01,0.003474,wp2_f4,tic
252.0,0.0022733,wp2_f4,tic
280.0,0.0029168,wp2_f4,tic
308.02,0.0024083,wp2_f4,tic
336.01,0.0017366,wp2_f4,tic
364.01,0.0015503,wp2_f4,tic
419.02,0.0021733,wp2_f4,tic
490.0,0.0028711,wp2_f4,tic
518.01,0.0042426,wp2_f4,tic
574.01,0.0021734,wp2_f4,tic
644.02,0.0030783,wp2_f4,tic
700.1,0.0024094,wp2_f4,tic
756.0,0.0024371,wp2_f4,tic
825.98,0.0018881,wp2_f4,tic
0.0,0.0084348,wp2_f5,tic
28.01,0.0084247,wp2_f5,tic
42.0,0.0084237,wp2_f5,tic
70.01,0.0083979,wp2_f5,tic
98.01,0.0083969,wp2_f5,tic
126.04,0.0082402,wp2_f5,tic
196.01,0.0065187,wp2_f5,tic
308.01,0.0058171,wp2_f5,tic
455.01,0.010127,wp2_f5,tic
518.02,0.0032235,wp2_f5,tic
609.0,0.0053279,wp2_f5,tic
700.0,0.0047451,wp2_f5,tic
791.0,0.0052346,wp2_f5,tic
0.0,0.0080749,wp3_f1,tic
10.05,0.007591,wp3_f1,tic
14.11,0.0075918,wp3_f1,tic
21.05,0.0075892,wp3_f1,tic
27.98,0.0075907,wp3_f1,tic
57.12,0.0075843,wp3_f1,tic
84.05,0.0073761,wp3_f1,tic
112.01,0.0073878,wp3_f1,tic
161.01,0.0075793,wp3_f1,tic
224.04,0.0076554,wp3_f1,tic
280.01,0.0076754,wp3_f1,tic
336.02,0.007669,wp3_f1,tic
455.02,0.0077783,wp3_f1,tic
700.02,0.0075851,wp3_f1,tic
0.0,0.008541,wp3_f2,tic
6.14,0.0023404,wp3_f2,tic
10.04,0.0024409,wp3_f2,tic
14.1,0.0024709,wp3_f2,tic
21.05,0.0026037,wp3_f2,tic
27.98,0.0027031,wp3_f2,tic
57.14,0.0023978,wp3_f2,tic
84.04,0.0020448,wp3_f2,tic
112.02,0.0025011,wp3_f2,tic
161.06,0.0022507,wp3_f2,tic
224.05,0.0030928,wp3_f2,tic
280.05,0.0029783,wp3_f2,tic
336.05,0.0018897,wp3_f2,tic
455.04,0.0030453,wp3_f2,tic
518.05,0.0026248,wp3_f2,tic
574.04,0.0027198,wp3_f2,tic
644.05,0.0031713,wp3_f2,tic
700.05,0.0023455,wp3_f2,tic
756.01,0.0022865,wp3_f2,tic
826.0,0.0020382,wp3_f2,tic
0.0,0.0089394,wp3_f3,tic
2.06,0.0089456,wp3_f3,tic
6.13,0.0023136,wp3_f3,tic
10.02,0.0022991,wp3_f3,tic
14.1,0.0025013,wp3_f3,tic
21.02,0.0025331,wp3_f3,tic
27.97,0.0025294,wp3_f3,tic
35.05,0.0024975,wp3_f3,tic
42.05,0.0022377,wp3_f3,tic
57.14,0.0022416,wp3_f3,tic
70.05,0.0019608,wp3_f3,tic
84.02,0.0019422,wp3_f3,tic
98.05,0.0021811,wp3_f3,tic
112.02,0.0025731,wp3_f3,tic
126.06,0.0026251,wp3_f3,tic
140.0,0.0024864,wp3_f3,tic
161.04,0.0022931,wp3_f3,tic
196.02,0.0033539,wp3_f3,tic
224.05,0.0030909,wp3_f3,tic
252.02,0.0019113,wp3_f3,tic
280.02,0.0025905,wp3_f3,tic
308.06,0.0025286,wp3_f3,tic
336.05,0.0019489,wp3_f3,tic
364.05,0.0017722,wp3_f3,tic
419.01,0.0022204,wp3_f3,tic
490.02,0.0030921,wp3_f3,tic
518.05,0.0029751,wp3_f3,tic
574.02,0.0025503,wp3_f3,tic
618.01,0.0028457,wp3_f3,tic
617.98,0.0028459,wp3_f3,tic
644.05,0.0022595,wp3_f3,tic
700.04,0.0022112,wp3_f3,tic
756.02,0.002266,wp3_f3,tic
826.01,0.0021911,wp3_f3,tic
0.0,0.008825,wp3_f4,tic
2.05,0.0088224,wp3_f4,tic
6.13,0.0024882,wp3_f4,tic
10.01,0.0023653,wp3_f4,tic
14.05,0.0025326,wp3_f4,tic
21.02,0.0025914,wp3_f4,tic
27.97,0.0026755,wp3_f4,tic
35.02,0.0025838,wp3_f4,tic
42.04,0.0022883,wp3_f4,tic
57.15,0.0023906,wp3_f4,tic
70.05,0.0020541,wp3_f4,tic
84.02,0.0019692,wp3_f4,tic
98.04,0.0022172,wp3_f4,tic
112.01,0.0023937,wp3_f4,tic
126.05,0.0026139,wp3_f4,tic
140.0,0.002586,wp3_f4,tic
161.02,0.0023507,wp3_f4,tic
196.02,0.0033905,wp3_f4,tic
224.04,0.0031097,wp3_f4,tic
252.01,0.0018812,wp3_f4,tic
280.02,0.0027372,wp3_f4,tic
308.05,0.0026451,wp3_f4,tic
336.04,0.0019411,wp3_f4,tic
364.01,0.001993,wp3_f4,tic
419.01,0.0026104,wp3_f4,tic
490.01,0.0030866,wp3_f4,tic
518.04,0.0028562,wp3_f4,tic
574.02,0.0025503,wp3_f4,tic
644.04,0.0022495,wp3_f4,tic
700.04,0.0022747,wp3_f4,tic
756.01,0.0023014,wp3_f4,tic
826.01,0.0021738,wp3_f4,tic
0.0,0.0087007,wp3_f5,tic
6.11,0.003222,wp3_f5,tic
10.01,0.0027523,wp3_f5,tic
14.05,0.0025959,wp3_f5,tic
21.01,0.0027155,wp3_f5,tic
27.96,0.0026806,wp3_f5,tic
57.13,0.0024413,wp3_f5,tic
84.02,0.0020956,wp3_f5,tic
112.01,0.0025812,wp3_f5,tic
161.02,0.0022862,wp3_f5,tic
280.01,0.0027438,wp3_f5,tic
336.02,0.0020034,wp3_f5,tic
455.02,0.002927,wp3_f5,tic
518.02,0.0028511,wp3_f5,tic
574.02,0.0024256,wp3_f5,tic
644.02,0.0022829,wp3_f5,tic
700.02,0.0022926,wp3_f5,tic
756.01,0.0023014,wp3_f5,tic
826.01,0.0021023,wp3_f5,tic
0.0,0.0084858,wp4_f1,tic
517.98,0.0085128,wp4_f1,tic
700.0,0.010829,wp4_f1,tic
0.0,0.0088333,wp4_f5,tic
196.0,0.0020645,wp4_f5,tic
